layer,plane,line,name,category,opcode,start_us,duration_us,shape,operand_shapes,direct_weights,metadata,source,fused_ops,collectives,hlo_line,hlo_source,group,purpose
3,/device:TPU:0,XLA Ops,copy-start.2849,copy-start,copy-start,27090.94973,0.009604,"(bf16[4096]{0:T(1024)(128)(2,1)S(1)}, bf16[4096]{0:T(1024)(128)(2,1)}, u32[]{:S(2)})","bf16[4096]{0:T(1024)(128)(2,1)}",input_rms_weight,,,{},[],150833,runs/layer-ops-20260923/pcp8/hlo/pid-290362/module_9043.tt_jit_layernorm_L62C0_fused_add_rms_norm_add.cl_972931731.after_codegen.txt,DMA 搬运,启动 DMA 搬运。
3,/device:TPU:0,XLA Ops,copy-done.2849,copy-done,copy-done,27151.278737,0.002401,"bf16[4096]{0:T(1024)(128)(2,1)S(1)}","(bf16[4096]{0:T(1024)(128)(2,1)S(1)}, bf16[4096]{0:T(1024)(128)(2,1)}, u32[]{:S(2)})",input_rms_weight,,,{},[],150836,runs/layer-ops-20260923/pcp8/hlo/pid-290362/module_9043.tt_jit_layernorm_L62C0_fused_add_rms_norm_add.cl_972931731.after_codegen.txt,DMA 搬运,等待对应 DMA 完成；与 copy-start 是同一次搬运的两端，不能重复计算搬运量。
3,/device:TPU:0,XLA Ops,abs_reduce_fusion.131,loop fusion,fusion,27151.288191,51.262905,"(bf16[4096]{0:T(1024)(128)(2,1)S(1)}, bf16[4096,4096]{1,0:T(16,128)(2,1)})","bf16[4096]{0:T(1024)(128)(2,1)S(1)}; f32[4096]{0:T(1024)S(1)}; (f32[4096]{0:T(1024)S(1)}, bf16[4096,4096]{1,0:T(16,128)(2,1)}, bf16[4096,4096]{1,0:T(16,128)(2,1)}); (f32[4096]{0:T(1024)S(1)}, bf16[4096,4096]{1,0:T(16,128)(2,1)}, bf16[4096,4096]{1,0:T(16,128)(2,1)}); (f32[4096]{0:T(1024)S(1)}, bf16[4096,4096]{1,0:T(16,128)(2,1)})",input_rms_weight,"op_name=""custom_kernel/custom_kernel/jit(_quantized_matmul_jax)/reduce_max"" stack_frame_id=1753",/mnt/data/workspace/tpu_benchmark_daily/third_party/torchtpu-vllm/src/vllm_torchtpu/kernels/quantized_matmul/util.py:302,"{""fusion"": 3, ""convert"": 6, ""add"": 3, ""broadcast"": 2, ""multiply"": 2, ""abs"": 1, ""reduce"": 1, ""copy"": 1, ""tuple"": 1}",[],150837,runs/layer-ops-20260923/pcp8/hlo/pid-290362/module_9043.tt_jit_layernorm_L62C0_fused_add_rms_norm_add.cl_972931731.after_codegen.txt,FP8 激活量化,按 token 行计算 max(abs(x))，得到动态 FP8 量化 scale；可能融合前面的 RMSNorm/门控操作。
3,/device:TPU:0,XLA Ops,compare_select_fusion.548,loop fusion,fusion,27203.798395,0.006002,f32[4096]{0:T(1024)S(1)},"(bf16[4096]{0:T(1024)(128)(2,1)S(1)}, bf16[4096,4096]{1,0:T(16,128)(2,1)})",,"op_name=""custom_kernel/custom_kernel/select_n"" stack_frame_id=1303",/mnt/data/workspace/tpu_benchmark_daily/.venv/lib64/python3.12/site-packages/torch_tpu/_internal/pallas/pallas.py:685,"{""convert"": 1, ""broadcast"": 3, ""multiply"": 1, ""compare"": 1, ""select"": 1}",[],150842,runs/layer-ops-20260923/pcp8/hlo/pid-290362/module_9043.tt_jit_layernorm_L62C0_fused_add_rms_norm_add.cl_972931731.after_codegen.txt,FP8 量化 scale,计算/保护动态 FP8 scale：max(abs(x))/448；全零行使用非零替代 scale，避免除零。部分 fusion 同时生成 MoE 的有效行 mask。
3,/device:TPU:0,XLA Ops,clamp_convert_fusion.131,loop fusion,fusion,27205.168293,16.679472,"f8e4m3fn[4096,4096]{1,0:T(32,128)(4,1)S(1)}","(bf16[4096]{0:T(1024)(128)(2,1)S(1)}, bf16[4096,4096]{1,0:T(16,128)(2,1)}); f32[4096]{0:T(1024)S(1)}",,"op_name=""custom_kernel/custom_kernel/jit(_quantized_matmul_jax)/convert_element_type"" stack_frame_id=1756",/mnt/data/workspace/tpu_benchmark_daily/third_party/torchtpu-vllm/src/vllm_torchtpu/kernels/quantized_matmul/util.py:312,"{""broadcast"": 3, ""fusion"": 1, ""convert"": 2, ""divide"": 1, ""clamp"": 1, ""copy"": 1}",[],150848,runs/layer-ops-20260923/pcp8/hlo/pid-290362/module_9043.tt_jit_layernorm_L62C0_fused_add_rms_norm_add.cl_972931731.after_codegen.txt,FP8 激活量化,按动态 scale 缩放并截断到 FP8 可表示范围，再转换为 FP8，供后续 MXU GEMM 使用。
3,/device:TPU:0,XLA Ops,copy-start.3647,copy-start,copy-start,27221.855943,0.009604,"(f32[17408]{0:T(1024)S(1)}, f32[17408]{0:T(1024)}, u32[]{:S(2)})",f32[17408]{0:T(1024)},projection_weight_scale,,,{},[],150849,runs/layer-ops-20260923/pcp8/hlo/pid-290362/module_9043.tt_jit_layernorm_L62C0_fused_add_rms_norm_add.cl_972931731.after_codegen.txt,DMA 搬运,启动 DMA 搬运。
3,/device:TPU:0,XLA Ops,sparse-core-data-format-call.59.cloned.1.call-start,async-start,async-start,27221.914991,0.10084,"((), (), s32[]{:S(2)})",,,"op_name=""custom_kernel/custom_kernel/jit(_quantized_matmul_jax)/convert_element_type"" stack_frame_id=1760",/mnt/data/workspace/tpu_benchmark_daily/third_party/torchtpu-vllm/src/vllm_torchtpu/kernels/quantized_matmul/util.py:113,"{""call"": 1}",[],150851,runs/layer-ops-20260923/pcp8/hlo/pid-290362/module_9043.tt_jit_layernorm_L62C0_fused_add_rms_norm_add.cl_972931731.after_codegen.txt,SparseCore 布局转换,将数据转换为消费者要求的物理布局；start/update/done 分别表示启动、提交操作数和等待完成，源/目标 tiling 见 shape。
3,/device:TPU:0,XLA Ops,copy-done.3647,copy-done,copy-done,27222.02401,0.639856,f32[17408]{0:T(1024)S(1)},"(f32[17408]{0:T(1024)S(1)}, f32[17408]{0:T(1024)}, u32[]{:S(2)})",projection_weight_scale,,,{},[],150852,runs/layer-ops-20260923/pcp8/hlo/pid-290362/module_9043.tt_jit_layernorm_L62C0_fused_add_rms_norm_add.cl_972931731.after_codegen.txt,DMA 搬运,等待对应 DMA 完成；与 copy-start 是同一次搬运的两端，不能重复计算搬运量。
3,/device:TPU:0,XLA Ops,multiply_convert_fusion.14,convolution fusion,fusion,27222.665066,348.519808,"bf16[4096,17408]{1,0:T(8,128)(2,1)}","f8e4m3fn[4096,4096]{1,0:T(32,128)(4,1)S(1)}; f8e4m3fn[4096,17408]{1,0:T(32,128)(4,1)}; f32[17408]{0:T(1024)S(1)}; f32[4096]{0:T(1024)S(1)}","projection_weight_scale,qkv_gate_weight","op_name=""custom_kernel/custom_kernel/jit(_quantized_matmul_jax)/dot_general"" stack_frame_id=1757",/mnt/data/workspace/tpu_benchmark_daily/third_party/torchtpu-vllm/src/vllm_torchtpu/kernels/quantized_matmul/util.py:98,"{""fusion"": 2, ""convolution"": 1, ""broadcast"": 2, ""multiply"": 2, ""convert"": 1}",[],150853,runs/layer-ops-20260923/pcp8/hlo/pid-290362/module_9043.tt_jit_layernorm_L62C0_fused_add_rms_norm_add.cl_972931731.after_codegen.txt,全注意力输入投影,FP8 GEMM：hidden→Q、输出 gate、K、V；融合量化 scale 和输出转换。
3,/device:TPU:0,XLA Ops,sparse-core-data-format-call.59.cloned.1.call-update,async-update,async-update,27571.264181,0.033613,"((bf16[4096,17408]{1,0:T(8,128)(2,1)}), bf16[4096,17408]{0,1:T(8,128)(2,1)})","((), (), s32[]{:S(2)}); bf16[4096,17408]{1,0:T(8,128)(2,1)}",,,,{},[],150862,runs/layer-ops-20260923/pcp8/hlo/pid-290362/module_9043.tt_jit_layernorm_L62C0_fused_add_rms_norm_add.cl_972931731.after_codegen.txt,SparseCore 布局转换,将数据转换为消费者要求的物理布局；start/update/done 分别表示启动、提交操作数和等待完成，源/目标 tiling 见 shape。
3,/device:TPU:0 SparseCore 0,Sparse Core Ops,copy.26424.cloned.1.call-start,async-start,async-start,27571.455132,0.012005,"((bf16[4096,17408]{1,0:T(8,128)(2,1)}), bf16[4096,17408]{0,1:T(8,128)(2,1)}, u32[]{:S(8)})","bf16[4096,17408]{1,0:T(8,128)(2,1)}",,"op_name=""custom_kernel/custom_kernel/jit(_quantized_matmul_jax)/convert_element_type"" stack_frame_id=1760",/mnt/data/workspace/tpu_benchmark_daily/third_party/torchtpu-vllm/src/vllm_torchtpu/kernels/quantized_matmul/util.py:113,"{""call"": 1}",[],16146,runs/layer-ops-20260923/pcp8/hlo/pid-290362/module_9043.tt_jit_layernorm_L62C0_fused_add_rms_norm_add.cl_972931731.after_codegen.txt,SparseCore 布局转换,将数据转换为消费者要求的物理布局；start/update/done 分别表示启动、提交操作数和等待完成，源/目标 tiling 见 shape。
3,/device:TPU:0 SparseCore 0,Sparse Core Ops,copy.26424.cloned.1.call-done,async-done,async-done,27571.470739,101.343337,"bf16[4096,17408]{0,1:T(8,128)(2,1)}","((bf16[4096,17408]{1,0:T(8,128)(2,1)}), bf16[4096,17408]{0,1:T(8,128)(2,1)}, u32[]{:S(8)})",,"op_name=""custom_kernel/custom_kernel/jit(_quantized_matmul_jax)/convert_element_type"" stack_frame_id=1760",/mnt/data/workspace/tpu_benchmark_daily/third_party/torchtpu-vllm/src/vllm_torchtpu/kernels/quantized_matmul/util.py:113,{},[],16147,runs/layer-ops-20260923/pcp8/hlo/pid-290362/module_9043.tt_jit_layernorm_L62C0_fused_add_rms_norm_add.cl_972931731.after_codegen.txt,SparseCore 布局转换,将数据转换为消费者要求的物理布局；start/update/done 分别表示启动、提交操作数和等待完成，源/目标 tiling 见 shape。
3,/device:TPU:0,XLA Ops,copy-start.3405,copy-start,copy-start,27573.565427,0.008403,"(bf16[256]{0:T(256)(128)(2,1)S(1)}, bf16[256]{0:T(256)(128)(2,1)}, u32[]{:S(2)})","bf16[256]{0:T(256)(128)(2,1)}",qk_rms_weight,,,{},[],150874,runs/layer-ops-20260923/pcp8/hlo/pid-290362/module_9043.tt_jit_layernorm_L62C0_fused_add_rms_norm_add.cl_972931731.after_codegen.txt,DMA 搬运,启动 DMA 搬运。
3,/device:TPU:0,XLA Ops,sparse-core-data-format-call.59.cloned.1.call-done,async-done,async-done,27911.994073,0.02401,"bf16[4096,17408]{0,1:T(8,128)(2,1)}","((bf16[4096,17408]{1,0:T(8,128)(2,1)}), bf16[4096,17408]{0,1:T(8,128)(2,1)})",,"op_name=""custom_kernel/custom_kernel/jit(_quantized_matmul_jax)/convert_element_type"" stack_frame_id=1760",/mnt/data/workspace/tpu_benchmark_daily/third_party/torchtpu-vllm/src/vllm_torchtpu/kernels/quantized_matmul/util.py:113,{},[],150950,runs/layer-ops-20260923/pcp8/hlo/pid-290362/module_9043.tt_jit_layernorm_L62C0_fused_add_rms_norm_add.cl_972931731.after_codegen.txt,SparseCore 布局转换,将数据转换为消费者要求的物理布局；start/update/done 分别表示启动、提交操作数和等待完成，源/目标 tiling 见 shape。
3,/device:TPU:0,XLA Ops,fusion.428,loop fusion,fusion,27912.026411,11.070828,"(f32[4096,2]{0,1:T(2,128)S(1)}, f8e4m3fn[4096,2,256]{0,2,1:T(8,128)(4,1)})","bf16[4096,68,256]{0,2,1:T(8,128)(2,1)}",,"op_name=""mean/mean"" stack_frame_id=1269",/mnt/data/workspace/tpu_benchmark_daily/.venv/lib64/python3.12/site-packages/vllm/ir/ops/layernorm.py:18,"{""slice"": 2, ""convert"": 3, ""multiply"": 1, ""reduce"": 1, ""compare"": 6, ""broadcast"": 3, ""or"": 2, ""select"": 4, ""tuple"": 1}",[],150952,runs/layer-ops-20260923/pcp8/hlo/pid-290362/module_9043.tt_jit_layernorm_L62C0_fused_add_rms_norm_add.cl_972931731.after_codegen.txt,RMSNorm/residual,计算均方、加 epsilon、rsqrt 和归一化；融合版本同时处理 residual add，具体融合范围见 HLO。
3,/device:TPU:0,XLA Ops,add_rsqrt_fusion.29,loop fusion,fusion,27923.115472,0.4994,"f32[4096,2]{0,1:T(2,128)S(1)}","(f32[4096,2]{0,1:T(2,128)S(1)}, f8e4m3fn[4096,2,256]{0,2,1:T(8,128)(4,1)})",,"op_name=""rsqrt/rsqrt"" stack_frame_id=1276",/mnt/data/workspace/tpu_benchmark_daily/.venv/lib64/python3.12/site-packages/vllm/ir/ops/layernorm.py:19,"{""broadcast"": 2, ""multiply"": 1, ""add"": 1, ""rsqrt"": 1}",[],150954,runs/layer-ops-20260923/pcp8/hlo/pid-290362/module_9043.tt_jit_layernorm_L62C0_fused_add_rms_norm_add.cl_972931731.after_codegen.txt,RMSNorm/residual,计算均方、加 epsilon、rsqrt 和归一化；融合版本同时处理 residual add，具体融合范围见 HLO。
3,/device:TPU:0,XLA Ops,copy-done.3405,copy-done,copy-done,27923.62305,0.002401,"bf16[256]{0:T(256)(128)(2,1)S(1)}","(bf16[256]{0:T(256)(128)(2,1)S(1)}, bf16[256]{0:T(256)(128)(2,1)}, u32[]{:S(2)})",qk_rms_weight,,,{},[],150955,runs/layer-ops-20260923/pcp8/hlo/pid-290362/module_9043.tt_jit_layernorm_L62C0_fused_add_rms_norm_add.cl_972931731.after_codegen.txt,DMA 搬运,等待对应 DMA 完成；与 copy-start 是同一次搬运的两端，不能重复计算搬运量。
3,/device:TPU:0,XLA Ops,multiply_add_fusion.225,loop fusion,fusion,27923.632728,4.454982,"bf16[4096,2,256]{0,2,1:T(8,128)(2,1)S(1)}","f32[4096,2]{0,1:T(2,128)S(1)}; bf16[4096,68,256]{0,2,1:T(8,128)(2,1)}; bf16[256]{0:T(256)(128)(2,1)S(1)}",qk_rms_weight,"op_name=""add/add"" stack_frame_id=1277",/mnt/data/workspace/tpu_benchmark_daily/.venv/lib64/python3.12/site-packages/vllm/ir/ops/layernorm.py:21,"{""slice"": 1, ""convert"": 2, ""broadcast"": 2, ""multiply"": 2, ""add"": 1}",[],150956,runs/layer-ops-20260923/pcp8/hlo/pid-290362/module_9043.tt_jit_layernorm_L62C0_fused_add_rms_norm_add.cl_972931731.after_codegen.txt,Q/K RMSNorm,对每个 Q/K head 归一化并应用 head 维度的可学习权重；可与邻近算子融合。
3,/device:TPU:0,XLA Ops,copy-start.813,copy-start,copy-start,27928.097314,0.007203,"(bf16[4096,2,256]{0,2,1:T(8,128)(2,1)}, bf16[4096,2,256]{0,2,1:T(8,128)(2,1)S(1)}, u32[]{:S(2)})","bf16[4096,2,256]{0,2,1:T(8,128)(2,1)S(1)}",,,,{},[],150957,runs/layer-ops-20260923/pcp8/hlo/pid-290362/module_9043.tt_jit_layernorm_L62C0_fused_add_rms_norm_add.cl_972931731.after_codegen.txt,DMA 搬运,启动 DMA 搬运。
3,/device:TPU:0,XLA Ops,copy-start.3572,copy-start,copy-start,27928.112845,0.008403,"(bf16[256]{0:T(256)(128)(2,1)S(1)}, bf16[256]{0:T(256)(128)(2,1)}, u32[]{:S(2)})","bf16[256]{0:T(256)(128)(2,1)}",qk_rms_weight,,,{},[],150958,runs/layer-ops-20260923/pcp8/hlo/pid-290362/module_9043.tt_jit_layernorm_L62C0_fused_add_rms_norm_add.cl_972931731.after_codegen.txt,DMA 搬运,启动 DMA 搬运。
3,/device:TPU:0,XLA Ops,fusion.7,loop fusion,fusion,27928.129652,22.157263,"f32[4096,32]{0,1:T(8,128)S(1)}","bf16[4096,34,512]{0,2,1:T(8,128)(2,1)}",,"op_name=""mean/mean"" stack_frame_id=1269",/mnt/data/workspace/tpu_benchmark_daily/.venv/lib64/python3.12/site-packages/vllm/ir/ops/layernorm.py:18,"{""slice"": 1, ""convert"": 1, ""multiply"": 1, ""reduce"": 1}",[],150960,runs/layer-ops-20260923/pcp8/hlo/pid-290362/module_9043.tt_jit_layernorm_L62C0_fused_add_rms_norm_add.cl_972931731.after_codegen.txt,RMSNorm/residual,计算均方、加 epsilon、rsqrt 和归一化；融合版本同时处理 residual add，具体融合范围见 HLO。
3,/device:TPU:0,XLA Ops,copy-done.813,copy-done,copy-done,27950.306348,0.002401,"bf16[4096,2,256]{0,2,1:T(8,128)(2,1)}","(bf16[4096,2,256]{0,2,1:T(8,128)(2,1)}, bf16[4096,2,256]{0,2,1:T(8,128)(2,1)S(1)}, u32[]{:S(2)})",,,,{},[],150962,runs/layer-ops-20260923/pcp8/hlo/pid-290362/module_9043.tt_jit_layernorm_L62C0_fused_add_rms_norm_add.cl_972931731.after_codegen.txt,DMA 搬运,等待对应 DMA 完成；与 copy-start 是同一次搬运的两端，不能重复计算搬运量。
3,/device:TPU:0,XLA Ops,add_rsqrt_fusion.14,loop fusion,fusion,27950.318203,0.108043,"f32[4096,32]{0,1:T(8,128)S(1)}","f32[4096,32]{0,1:T(8,128)S(1)}",,"op_name=""rsqrt/rsqrt"" stack_frame_id=1276",/mnt/data/workspace/tpu_benchmark_daily/.venv/lib64/python3.12/site-packages/vllm/ir/ops/layernorm.py:19,"{""broadcast"": 2, ""multiply"": 1, ""add"": 1, ""rsqrt"": 1}",[],150963,runs/layer-ops-20260923/pcp8/hlo/pid-290362/module_9043.tt_jit_layernorm_L62C0_fused_add_rms_norm_add.cl_972931731.after_codegen.txt,RMSNorm/residual,计算均方、加 epsilon、rsqrt 和归一化；融合版本同时处理 residual add，具体融合范围见 HLO。
3,/device:TPU:0,XLA Ops,copy-done.3572,copy-done,copy-done,27950.433524,0.004802,"bf16[256]{0:T(256)(128)(2,1)S(1)}","(bf16[256]{0:T(256)(128)(2,1)S(1)}, bf16[256]{0:T(256)(128)(2,1)}, u32[]{:S(2)})",qk_rms_weight,,,{},[],150964,runs/layer-ops-20260923/pcp8/hlo/pid-290362/module_9043.tt_jit_layernorm_L62C0_fused_add_rms_norm_add.cl_972931731.after_codegen.txt,DMA 搬运,等待对应 DMA 完成；与 copy-start 是同一次搬运的两端，不能重复计算搬运量。
3,/device:TPU:0,XLA Ops,multiply_add_fusion.14,loop fusion,fusion,27950.444253,43.022809,"bf16[4096,32,256]{0,2,1:T(8,128)(2,1)}","f32[4096,32]{0,1:T(8,128)S(1)}; bf16[4096,34,512]{0,2,1:T(8,128)(2,1)}; bf16[256]{0:T(256)(128)(2,1)S(1)}",qk_rms_weight,"op_name=""add/add"" stack_frame_id=1277",/mnt/data/workspace/tpu_benchmark_daily/.venv/lib64/python3.12/site-packages/vllm/ir/ops/layernorm.py:21,"{""slice"": 1, ""convert"": 2, ""broadcast"": 2, ""multiply"": 2, ""add"": 1}",[],150965,runs/layer-ops-20260923/pcp8/hlo/pid-290362/module_9043.tt_jit_layernorm_L62C0_fused_add_rms_norm_add.cl_972931731.after_codegen.txt,Q/K RMSNorm,对每个 Q/K head 归一化并应用 head 维度的可学习权重；可与邻近算子融合。
3,/device:TPU:0,XLA Ops,as_strided.542,slice,slice,27993.467062,32.283313,"bf16[4096,32,192]{0,2,1:T(8,128)(2,1)}","bf16[4096,32,256]{0,2,1:T(8,128)(2,1)}",,"op_name=""cat/as_strided"" stack_frame_id=1334",/mnt/data/workspace/tpu_benchmark_daily/.venv/lib64/python3.12/site-packages/vllm/model_executor/layers/rotary_embedding/mrope.py:349,{},[],150966,runs/layer-ops-20260923/pcp8/hlo/pid-290362/module_9043.tt_jit_layernorm_L62C0_fused_add_rms_norm_add.cl_972931731.after_codegen.txt,RoPE,读取位置对应的 cos/sin，旋转 Q/K 的 rotary 部分；本模型只旋转 head_dim 的 1/4。
3,/device:TPU:0,XLA Ops,multiply_subtract_fusion.14,loop fusion,fusion,28025.750376,7.008403,"(bf16[4096,32,32]{0,2,1:T(8,128)(2,1)S(1)}, bf16[4096,32,32]{0,2,1:T(8,128)(2,1)S(1)})","bf16[4096,32,256]{0,2,1:T(8,128)(2,1)}; bf16[4096,32]{0,1:T(8,128)(2,1)S(1)}; bf16[4096,32]{0,1:T(8,128)(2,1)S(1)}",,"op_name=""sub/sub"" stack_frame_id=1332",/mnt/data/workspace/tpu_benchmark_daily/.venv/lib64/python3.12/site-packages/vllm/model_executor/layers/rotary_embedding/common.py:176,"{""slice"": 2, ""broadcast"": 2, ""multiply"": 4, ""subtract"": 1, ""add"": 1, ""tuple"": 1}",[],150967,runs/layer-ops-20260923/pcp8/hlo/pid-290362/module_9043.tt_jit_layernorm_L62C0_fused_add_rms_norm_add.cl_972931731.after_codegen.txt,RoPE,读取位置对应的 cos/sin，旋转 Q/K 的 rotary 部分；本模型只旋转 head_dim 的 1/4。
3,/device:TPU:0,XLA Ops,pad_maximum_fusion,loop fusion,fusion,28032.767182,39.236495,"bf16[4096,32,256]{0,2,1:T(8,128)(2,1)}","bf16[4096,32,192]{0,2,1:T(8,128)(2,1)}; (bf16[4096,32,32]{0,2,1:T(8,128)(2,1)S(1)}, bf16[4096,32,32]{0,2,1:T(8,128)(2,1)S(1)}); (bf16[4096,32,32]{0,2,1:T(8,128)(2,1)S(1)}, bf16[4096,32,32]{0,2,1:T(8,128)(2,1)S(1)})",,"op_name=""cat/cat"" stack_frame_id=1334",/mnt/data/workspace/tpu_benchmark_daily/.venv/lib64/python3.12/site-packages/vllm/model_executor/layers/rotary_embedding/mrope.py:349,"{""pad"": 3, ""convert"": 4, ""maximum"": 2, ""reduce-precision"": 1}",[],150968,runs/layer-ops-20260923/pcp8/hlo/pid-290362/module_9043.tt_jit_layernorm_L62C0_fused_add_rms_norm_add.cl_972931731.after_codegen.txt,RoPE,读取位置对应的 cos/sin，旋转 Q/K 的 rotary 部分；本模型只旋转 head_dim 的 1/4。
3,/device:TPU:0,XLA Ops,copy-start.814,copy-start,copy-start,28072.003752,0.002401,"(bf16[4096,2,256]{0,2,1:T(8,128)(2,1)S(1)}, bf16[4096,2,256]{0,2,1:T(8,128)(2,1)}, u32[]{:S(2)})","bf16[4096,2,256]{0,2,1:T(8,128)(2,1)}",,,,{},[],150969,runs/layer-ops-20260923/pcp8/hlo/pid-290362/module_9043.tt_jit_layernorm_L62C0_fused_add_rms_norm_add.cl_972931731.after_codegen.txt,DMA 搬运,启动 DMA 搬运。
3,/device:TPU:0,XLA Ops,slice-start,async-start,async-start,28072.006153,0.002401,"((bf16[4096,2,256]{0,2,1:T(8,128)(2,1)}), bf16[4096,2,192]{0,2,1:T(8,128)(2,1)S(1)}, s32[]{:S(2)})","bf16[4096,2,256]{0,2,1:T(8,128)(2,1)}",,"op_name=""cat/as_strided"" stack_frame_id=1324",/mnt/data/workspace/tpu_benchmark_daily/.venv/lib64/python3.12/site-packages/vllm/model_executor/layers/rotary_embedding/mrope.py:360,"{""slice"": 1}",[],150970,runs/layer-ops-20260923/pcp8/hlo/pid-290362/module_9043.tt_jit_layernorm_L62C0_fused_add_rms_norm_add.cl_972931731.after_codegen.txt,异步调用控制,异步 kernel/collective 的启动、提交或完成边界；具体计算在被调用的 HLO computation 中，不能把边界再当一遍计算。
3,/device:TPU:0,XLA Ops,copy-start.815,copy-start,copy-start,28072.009604,0.002401,"(f8e4m3fn[4096,2,256]{0,2,1:T(8,128)(4,1)S(1)}, f8e4m3fn[4096,2,256]{0,2,1:T(8,128)(4,1)}, u32[]{:S(2)})","(f32[4096,2]{0,1:T(2,128)S(1)}, f8e4m3fn[4096,2,256]{0,2,1:T(8,128)(4,1)})",,,,{},[],150971,runs/layer-ops-20260923/pcp8/hlo/pid-290362/module_9043.tt_jit_layernorm_L62C0_fused_add_rms_norm_add.cl_972931731.after_codegen.txt,DMA 搬运,启动 DMA 搬运。
3,/device:TPU:0,XLA Ops,sparse-core-data-format-call.58.cloned.1.call-update,async-update,async-update,28072.019283,0.034814,"((bf16[4096,32,256]{0,2,1:T(8,128)(2,1)}), bf16[4096,32,256]{2,1,0:T(8,128)(2,1)})","((), (), s32[]{:S(2)}); bf16[4096,32,256]{0,2,1:T(8,128)(2,1)}",,,,{},[],150972,runs/layer-ops-20260923/pcp8/hlo/pid-290362/module_9043.tt_jit_layernorm_L62C0_fused_add_rms_norm_add.cl_972931731.after_codegen.txt,SparseCore 布局转换,将数据转换为消费者要求的物理布局；start/update/done 分别表示启动、提交操作数和等待完成，源/目标 tiling 见 shape。
3,/device:TPU:0,XLA Ops,sparse-core-data-format-call.57.cloned.1.call-start,async-start,async-start,28072.062425,0.102041,"((), (), s32[]{:S(2)})",,,"op_name=""custom_kernel/custom_kernel/jit(_pcp_streaming_rpa_kernel)/shard_map/reshape"" stack_frame_id=2499",/mnt/data/workspace/tpu_benchmark_daily/third_party/torchtpu-vllm/src/vllm_torchtpu/kernels/experimental/pcp_streaming_rpa/wrapper.py:793,"{""call"": 1}",[],150973,runs/layer-ops-20260923/pcp8/hlo/pid-290362/module_9043.tt_jit_layernorm_L62C0_fused_add_rms_norm_add.cl_972931731.after_codegen.txt,SparseCore 布局转换,将数据转换为消费者要求的物理布局；start/update/done 分别表示启动、提交操作数和等待完成，源/目标 tiling 见 shape。
3,/device:TPU:0,XLA Ops,copy-done.814,copy-done,copy-done,28072.191177,2.318127,"bf16[4096,2,256]{0,2,1:T(8,128)(2,1)S(1)}","(bf16[4096,2,256]{0,2,1:T(8,128)(2,1)S(1)}, bf16[4096,2,256]{0,2,1:T(8,128)(2,1)}, u32[]{:S(2)})",,,,{},[],150976,runs/layer-ops-20260923/pcp8/hlo/pid-290362/module_9043.tt_jit_layernorm_L62C0_fused_add_rms_norm_add.cl_972931731.after_codegen.txt,DMA 搬运,等待对应 DMA 完成；与 copy-start 是同一次搬运的两端，不能重复计算搬运量。
3,/device:TPU:0,XLA Ops,multiply_subtract_fusion.29,loop fusion,fusion,28074.510204,0.129652,"(bf16[4096,2,32]{0,2,1:T(8,128)(2,1)S(1)}, bf16[4096,2,32]{0,2,1:T(8,128)(2,1)S(1)})","bf16[4096,2,256]{0,2,1:T(8,128)(2,1)S(1)}; bf16[4096,32]{0,1:T(8,128)(2,1)S(1)}; bf16[4096,32]{0,1:T(8,128)(2,1)S(1)}",,"op_name=""sub/sub"" stack_frame_id=1332",/mnt/data/workspace/tpu_benchmark_daily/.venv/lib64/python3.12/site-packages/vllm/model_executor/layers/rotary_embedding/common.py:176,"{""slice"": 2, ""broadcast"": 2, ""multiply"": 4, ""subtract"": 1, ""add"": 1, ""tuple"": 1}",[],150977,runs/layer-ops-20260923/pcp8/hlo/pid-290362/module_9043.tt_jit_layernorm_L62C0_fused_add_rms_norm_add.cl_972931731.after_codegen.txt,RoPE,读取位置对应的 cos/sin，旋转 Q/K 的 rotary 部分；本模型只旋转 head_dim 的 1/4。
3,/device:TPU:0,XLA Ops,slice-done,async-done,async-done,28074.647059,1.020408,"bf16[4096,2,192]{0,2,1:T(8,128)(2,1)S(1)}","((bf16[4096,2,256]{0,2,1:T(8,128)(2,1)}), bf16[4096,2,192]{0,2,1:T(8,128)(2,1)S(1)}, s32[]{:S(2)})",,"op_name=""cat/as_strided"" stack_frame_id=1324",/mnt/data/workspace/tpu_benchmark_daily/.venv/lib64/python3.12/site-packages/vllm/model_executor/layers/rotary_embedding/mrope.py:360,{},[],150978,runs/layer-ops-20260923/pcp8/hlo/pid-290362/module_9043.tt_jit_layernorm_L62C0_fused_add_rms_norm_add.cl_972931731.after_codegen.txt,异步调用控制,异步 kernel/collective 的启动、提交或完成边界；具体计算在被调用的 HLO computation 中，不能把边界再当一遍计算。
3,/device:TPU:0,XLA Ops,select_convert_fusion.89,loop fusion,fusion,28075.667542,3.906363,"f8e4m3fn[4096,2,256]{0,2,1:T(8,128)(4,1)S(1)}","bf16[4096,2,192]{0,2,1:T(8,128)(2,1)S(1)}; (bf16[4096,2,32]{0,2,1:T(8,128)(2,1)S(1)}, bf16[4096,2,32]{0,2,1:T(8,128)(2,1)S(1)}); (bf16[4096,2,32]{0,2,1:T(8,128)(2,1)S(1)}, bf16[4096,2,32]{0,2,1:T(8,128)(2,1)S(1)})",,"op_name=""to_copy/copy_"" stack_frame_id=1323",/mnt/data/workspace/tpu_benchmark_daily/third_party/torchtpu-vllm/src/vllm_torchtpu/layers/core/quantization.py:88,"{""pad"": 3, ""convert"": 5, ""maximum"": 2, ""reduce-precision"": 2, ""compare"": 6, ""broadcast"": 3, ""or"": 2, ""select"": 4}",[],150979,runs/layer-ops-20260923/pcp8/hlo/pid-290362/module_9043.tt_jit_layernorm_L62C0_fused_add_rms_norm_add.cl_972931731.after_codegen.txt,FP8 KV 准备,按 KV scale 将 K/V 截断并转换为 FP8，供分页缓存更新；量化发生在 RPA 调用之前。
3,/device:TPU:0,XLA Ops,copy-done.815,copy-done,copy-done,28079.582233,0.003601,"f8e4m3fn[4096,2,256]{0,2,1:T(8,128)(4,1)S(1)}","(f8e4m3fn[4096,2,256]{0,2,1:T(8,128)(4,1)S(1)}, f8e4m3fn[4096,2,256]{0,2,1:T(8,128)(4,1)}, u32[]{:S(2)})",,,,{},[],150980,runs/layer-ops-20260923/pcp8/hlo/pid-290362/module_9043.tt_jit_layernorm_L62C0_fused_add_rms_norm_add.cl_972931731.after_codegen.txt,DMA 搬运,等待对应 DMA 完成；与 copy-start 是同一次搬运的两端，不能重复计算搬运量。
3,/device:TPU:0,XLA Ops,pad_maximum_fusion.15,loop fusion,fusion,28079.593038,3.088836,"f8e4m3fn[4096,2,512]{0,2,1:T(8,128)(4,1)S(1)}","f8e4m3fn[4096,2,256]{0,2,1:T(8,128)(4,1)S(1)}; f8e4m3fn[4096,2,256]{0,2,1:T(8,128)(4,1)S(1)}",,"op_name=""custom_kernel/custom_kernel/jit(_pcp_streaming_rpa_kernel)/shard_map/concatenate"" stack_frame_id=2426",/mnt/data/workspace/tpu_benchmark_daily/third_party/torchtpu-vllm/src/vllm_torchtpu/kernels/experimental/batched_rpa/wrapper.py:101,"{""pad"": 2, ""convert"": 3, ""maximum"": 1}",[],150981,runs/layer-ops-20260923/pcp8/hlo/pid-290362/module_9043.tt_jit_layernorm_L62C0_fused_add_rms_norm_add.cl_972931731.after_codegen.txt,FP8 KV 准备,把已量化的 K/V 拼接、补齐到 RPA 接口要求的布局；随后由 RPA kernel 更新 KV pool。
3,/device:TPU:0,XLA Ops,reshape.22996,data formatting,reshape,28082.689076,15.405762,"f8e4m3fn[4096,4,64,4]{0,3,2,1:T(4,128)(4,1)}","f8e4m3fn[4096,2,512]{0,2,1:T(8,128)(4,1)S(1)}",,"op_name=""custom_kernel/custom_kernel/jit(_pcp_streaming_rpa_kernel)/shard_map/reshape;jit(_pcp_streaming_rpa_kernel)/shard_map/reshape"" stack_frame_id=1342",/mnt/data/workspace/tpu_benchmark_daily/third_party/torchtpu-vllm/src/vllm_torchtpu/kernels/experimental/pcp_streaming_rpa/vllm_adapter.py:129,{},[],150982,runs/layer-ops-20260923/pcp8/hlo/pid-290362/module_9043.tt_jit_layernorm_L62C0_fused_add_rms_norm_add.cl_972931731.after_codegen.txt,数据复制/布局物化,编译器生成的实际数据复制或物理布局变换；比较 operand_shapes 与 shape 可区分 tiling/维度顺序和 memory space 的变化。
3,/device:TPU:0,XLA Ops,sparse-core-data-format-call.58.cloned.1.call-done,async-done,async-done,28098.096039,25.955582,"bf16[4096,32,256]{2,1,0:T(8,128)(2,1)}","((bf16[4096,32,256]{0,2,1:T(8,128)(2,1)}), bf16[4096,32,256]{2,1,0:T(8,128)(2,1)})",,"op_name=""cat/cat"" stack_frame_id=1334",/mnt/data/workspace/tpu_benchmark_daily/.venv/lib64/python3.12/site-packages/vllm/model_executor/layers/rotary_embedding/mrope.py:349,{},[],150983,runs/layer-ops-20260923/pcp8/hlo/pid-290362/module_9043.tt_jit_layernorm_L62C0_fused_add_rms_norm_add.cl_972931731.after_codegen.txt,SparseCore 布局转换,将数据转换为消费者要求的物理布局；start/update/done 分别表示启动、提交操作数和等待完成，源/目标 tiling 见 shape。
3,/device:TPU:0,XLA Ops,pcp_streaming_attention_current_state_page_groups_multi_head.45,custom-call,custom-call,28124.051771,2498.504202,"(f32[2,4096,16,128]{3,2,1,0:T(8,128)}, f32[2,4096,16,128]{3,2,1,0:T(8,128)}, f32[2,4096,16,256]{3,2,1,0:T(8,128)}, f8e4m3fn[4,64,4,32768]{3,2,1,0:T(4,128)(4,1)})","s32[2]{0:T(128)}; bf16[4096,2,16,256]{3,2,1,0:T(8,128)(2,1)}; f8e4m3fn[4,64,4,4096]{3,2,1,0:T(4,128)(4,1)}; f8e4m3fn[1,7764,4,64,4,256]{5,4,3,2,1,0:T(4,128)(4,1)}; s32[640,1,128]{2,1,0:T(1,128)}; s32[64,1026]{1,0:T(8,128)}; s32[1,640]{1,0:T(1,128)}; s32[1,640]{1,0:T(1,128)}",,,/mnt/data/workspace/tpu_benchmark_daily/third_party/torchtpu-vllm/src/vllm_torchtpu/kernels/experimental/pcp_streaming_rpa/kernel.py:1950,{},[],150987,runs/layer-ops-20260923/pcp8/hlo/pid-290362/module_9043.tt_jit_layernorm_L62C0_fused_add_rms_norm_add.cl_972931731.after_codegen.txt,PCP 当前片段 attention,沿 PCP ring 传输当前片段的 KV page，执行因果 attention，输出 online-softmax 的 FP32 m/l/acc，并捕获本 rank 应保存的新 KV。
3,/device:TPU:0,XLA Ops,pcp_write_captured_kv_to_local_cache.45,custom-call,custom-call,30622.563326,131.454982,"f8e4m3fn[7764,4,64,4,256]{4,3,2,1,0:T(4,128)(4,1)}","s32[1]{0:T(128)}; s32[3,4096]{1,0:T(4,128)}; (f32[2,4096,16,128]{3,2,1,0:T(8,128)}, f32[2,4096,16,128]{3,2,1,0:T(8,128)}, f32[2,4096,16,256]{3,2,1,0:T(8,128)}, f8e4m3fn[4,64,4,32768]{3,2,1,0:T(4,128)(4,1)}); (s32[]{:T(128)}, f8e4m3fn[7764,4,64,4,256]{4,3,2,1,0:T(4,128)(4,1)}, s32[]{:T(128)}, s32[65]{0:T(128)S(1)}, s32[64]{0:T(128)S(1)}, /*index=5*/f8e4m3fn[64,2,4,64,4,256]{5,4,3,2,1,0:T(4,128)(4,1)}, s32[]{:T(128)}, s32[]{:T(128)}, s32[]{:T(128)}, s32[]{:T(128)}, /*index=10*/s32[]{:T(128)}, s32[1]{0:T(128)}, s32[1]{0:T(128)}, s32[]{:T(128)}, s32[]{:T(128)})",,"op_name=""custom_kernel/custom_kernel/jit(_pcp_streaming_rpa_kernel)/shard_map/pcp_write_captured_kv_to_local_cache/pallas_call"" stack_frame_id=2479",/mnt/data/workspace/tpu_benchmark_daily/third_party/torchtpu-vllm/src/vllm_torchtpu/kernels/experimental/pcp_streaming_rpa/kernel.py:171,{},[],150991,runs/layer-ops-20260923/pcp8/hlo/pid-290362/module_9043.tt_jit_layernorm_L62C0_fused_add_rms_norm_add.cl_972931731.after_codegen.txt,PCP KV 写回,把 current pass 捕获的新 KV 写入本 rank 的分页缓存；发生在 current pass 与 history pass 之间。
3,/device:TPU:0,XLA Ops,pcp_streaming_attention_history_output_page_groups_multi_head.45,custom-call,custom-call,30754.026411,4.265306,"bf16[4096,2,16,256]{3,2,1,0:T(8,128)(2,1)}","s32[2]{0:T(128)}; bf16[4096,2,16,256]{3,2,1,0:T(8,128)(2,1)}; f8e4m3fn[1,7764,4,64,4,256]{5,4,3,2,1,0:T(4,128)(4,1)}; s32[640,1,128]{2,1,0:T(1,128)}; s32[64,1026]{1,0:T(8,128)}; s32[1,640]{1,0:T(1,128)}; s32[1,640]{1,0:T(1,128)}; (f32[2,4096,16,128]{3,2,1,0:T(8,128)}, f32[2,4096,16,128]{3,2,1,0:T(8,128)}, f32[2,4096,16,256]{3,2,1,0:T(8,128)}, f8e4m3fn[4,64,4,32768]{3,2,1,0:T(4,128)(4,1)}); (f32[2,4096,16,128]{3,2,1,0:T(8,128)}, f32[2,4096,16,128]{3,2,1,0:T(8,128)}, f32[2,4096,16,256]{3,2,1,0:T(8,128)}, f8e4m3fn[4,64,4,32768]{3,2,1,0:T(4,128)(4,1)}); (f32[2,4096,16,128]{3,2,1,0:T(8,128)}, f32[2,4096,16,128]{3,2,1,0:T(8,128)}, f32[2,4096,16,256]{3,2,1,0:T(8,128)}, f8e4m3fn[4,64,4,32768]{3,2,1,0:T(4,128)(4,1)})",,,/mnt/data/workspace/tpu_benchmark_daily/third_party/torchtpu-vllm/src/vllm_torchtpu/kernels/experimental/pcp_streaming_rpa/kernel.py:2072,{},[],150993,runs/layer-ops-20260923/pcp8/hlo/pid-290362/module_9043.tt_jit_layernorm_L62C0_fused_add_rms_norm_add.cl_972931731.after_codegen.txt,PCP 历史 attention,沿 ring 读取历史 KV page，接着更新 current pass 的 m/l/acc，最终输出 acc/l；历史部分不再需要 current-token 的因果三角 mask。
3,/device:TPU:0,XLA Ops,pcp_streaming_attention_zero_history_output_multi_head.45,custom-call,custom-call,30758.30012,192.710684,"bf16[4096,2,16,256]{3,2,1,0:T(8,128)(2,1)}","s32[2]{0:T(128)}; bf16[4096,2,16,256]{3,2,1,0:T(8,128)(2,1)}; s32[640,1,128]{2,1,0:T(1,128)}; s32[1,640]{1,0:T(1,128)}; s32[1,640]{1,0:T(1,128)}; (f32[2,4096,16,128]{3,2,1,0:T(8,128)}, f32[2,4096,16,128]{3,2,1,0:T(8,128)}, f32[2,4096,16,256]{3,2,1,0:T(8,128)}, f8e4m3fn[4,64,4,32768]{3,2,1,0:T(4,128)(4,1)}); (f32[2,4096,16,128]{3,2,1,0:T(8,128)}, f32[2,4096,16,128]{3,2,1,0:T(8,128)}, f32[2,4096,16,256]{3,2,1,0:T(8,128)}, f8e4m3fn[4,64,4,32768]{3,2,1,0:T(4,128)(4,1)}); (f32[2,4096,16,128]{3,2,1,0:T(8,128)}, f32[2,4096,16,128]{3,2,1,0:T(8,128)}, f32[2,4096,16,256]{3,2,1,0:T(8,128)}, f8e4m3fn[4,64,4,32768]{3,2,1,0:T(4,128)(4,1)})",,,/mnt/data/workspace/tpu_benchmark_daily/third_party/torchtpu-vllm/src/vllm_torchtpu/kernels/experimental/pcp_streaming_rpa/kernel.py:2162,{},[],150996,runs/layer-ops-20260923/pcp8/hlo/pid-290362/module_9043.tt_jit_layernorm_L62C0_fused_add_rms_norm_add.cl_972931731.after_codegen.txt,PCP 无历史输出,无历史 KV 的请求直接从 current pass 的 online-softmax 状态归一化得到输出。
3,/device:TPU:0,XLA Ops,broadcast_select_fusion.21,loop fusion,fusion,30951.018083,42.581032,"bf16[4096,2,16,256]{3,2,1,0:T(8,128)(2,1)}","bf16[4096,2,16,256]{3,2,1,0:T(8,128)(2,1)}; pred[4096]{0:T(1024)(128)(4,1)}",,"op_name=""custom_kernel/custom_kernel/jit(_pcp_streaming_rpa_kernel)/shard_map/jit(_where)/select_n"" stack_frame_id=2481",/mnt/data/workspace/tpu_benchmark_daily/third_party/torchtpu-vllm/src/vllm_torchtpu/kernels/experimental/pcp_streaming_rpa/wrapper.py:792,"{""broadcast"": 2, ""select"": 1}",[],150999,runs/layer-ops-20260923/pcp8/hlo/pid-290362/module_9043.tt_jit_layernorm_L62C0_fused_add_rms_norm_add.cl_972931731.after_codegen.txt,PCP 输出选择,按请求是否存在历史 KV，选择 history pass 或 zero-history 路径的结果。
3,/device:TPU:0,XLA Ops,sparse-core-data-format-call.57.cloned.1.call-update,async-update,async-update,30993.599115,0.034814,"((bf16[4096,32,256]{2,1,0:T(8,128)(2,1)}), bf16[4096,32,256]{0,2,1:T(8,128)(2,1)})","((), (), s32[]{:S(2)}); bf16[4096,32,256]{2,1,0:T(8,128)(2,1)}",,,,{},[],151001,runs/layer-ops-20260923/pcp8/hlo/pid-290362/module_9043.tt_jit_layernorm_L62C0_fused_add_rms_norm_add.cl_972931731.after_codegen.txt,SparseCore 布局转换,将数据转换为消费者要求的物理布局；start/update/done 分别表示启动、提交操作数和等待完成，源/目标 tiling 见 shape。
3,/device:TPU:0,XLA Ops,sparse-core-data-format-call.56.cloned.1.call-start,async-start,async-start,30993.643458,0.09964,"((), (), s32[]{:S(2)})",,,"op_name=""custom_kernel/custom_kernel/jit(_quantized_matmul_jax)/convert_element_type"" stack_frame_id=1751",/mnt/data/workspace/tpu_benchmark_daily/third_party/torchtpu-vllm/src/vllm_torchtpu/kernels/quantized_matmul/util.py:312,"{""call"": 1}",[],151002,runs/layer-ops-20260923/pcp8/hlo/pid-290362/module_9043.tt_jit_layernorm_L62C0_fused_add_rms_norm_add.cl_972931731.after_codegen.txt,SparseCore 布局转换,将数据转换为消费者要求的物理布局；start/update/done 分别表示启动、提交操作数和等待完成，源/目标 tiling 见 shape。
3,/device:TPU:0 SparseCore 0,Sparse Core Ops,copy.26420.cloned.1.call-start,async-start,async-start,30993.741972,0.012005,"((bf16[4096,32,256]{2,1,0:T(8,128)(2,1)}), bf16[4096,32,256]{0,2,1:T(8,128)(2,1)}, u32[]{:S(8)})","bf16[4096,32,256]{2,1,0:T(8,128)(2,1)}",,"op_name=""custom_kernel/custom_kernel/jit(_pcp_streaming_rpa_kernel)/shard_map/reshape"" stack_frame_id=2499",/mnt/data/workspace/tpu_benchmark_daily/third_party/torchtpu-vllm/src/vllm_torchtpu/kernels/experimental/pcp_streaming_rpa/wrapper.py:793,"{""call"": 1}",[],21104,runs/layer-ops-20260923/pcp8/hlo/pid-290362/module_9043.tt_jit_layernorm_L62C0_fused_add_rms_norm_add.cl_972931731.after_codegen.txt,SparseCore 布局转换,将数据转换为消费者要求的物理布局；start/update/done 分别表示启动、提交操作数和等待完成，源/目标 tiling 见 shape。
3,/device:TPU:0,XLA Ops,sparse-core-data-format-call.57.cloned.1.call-done,async-done,async-done,30993.751576,48.787515,"bf16[4096,32,256]{0,2,1:T(8,128)(2,1)}","((bf16[4096,32,256]{2,1,0:T(8,128)(2,1)}), bf16[4096,32,256]{0,2,1:T(8,128)(2,1)})",,"op_name=""custom_kernel/custom_kernel/jit(_pcp_streaming_rpa_kernel)/shard_map/reshape"" stack_frame_id=2499",/mnt/data/workspace/tpu_benchmark_daily/third_party/torchtpu-vllm/src/vllm_torchtpu/kernels/experimental/pcp_streaming_rpa/wrapper.py:793,{},[],151003,runs/layer-ops-20260923/pcp8/hlo/pid-290362/module_9043.tt_jit_layernorm_L62C0_fused_add_rms_norm_add.cl_972931731.after_codegen.txt,SparseCore 布局转换,将数据转换为消费者要求的物理布局；start/update/done 分别表示启动、提交操作数和等待完成，源/目标 tiling 见 shape。
3,/device:TPU:0 SparseCore 0,Sparse Core Ops,copy.26420.cloned.1.call-done,async-done,async-done,30993.758704,48.32413,"bf16[4096,32,256]{0,2,1:T(8,128)(2,1)}","((bf16[4096,32,256]{2,1,0:T(8,128)(2,1)}), bf16[4096,32,256]{0,2,1:T(8,128)(2,1)}, u32[]{:S(8)})",,"op_name=""custom_kernel/custom_kernel/jit(_pcp_streaming_rpa_kernel)/shard_map/reshape"" stack_frame_id=2499",/mnt/data/workspace/tpu_benchmark_daily/third_party/torchtpu-vllm/src/vllm_torchtpu/kernels/experimental/pcp_streaming_rpa/wrapper.py:793,{},[],21105,runs/layer-ops-20260923/pcp8/hlo/pid-290362/module_9043.tt_jit_layernorm_L62C0_fused_add_rms_norm_add.cl_972931731.after_codegen.txt,SparseCore 布局转换,将数据转换为消费者要求的物理布局；start/update/done 分别表示启动、提交操作数和等待完成，源/目标 tiling 见 shape。
3,/device:TPU:0,XLA Ops,abs_reduce_fusion.14,loop fusion,fusion,31042.539241,63.741897,"(bf16[4096]{0:T(1024)(128)(2,1)S(1)}, bf16[4096,32,256]{0,2,1:T(8,128)(2,1)})","bf16[4096,32,256]{0,2,1:T(8,128)(2,1)}; bf16[4096,34,512]{0,2,1:T(8,128)(2,1)}",,"op_name=""custom_kernel/custom_kernel/jit(_quantized_matmul_jax)/reduce_max"" stack_frame_id=1753",/mnt/data/workspace/tpu_benchmark_daily/third_party/torchtpu-vllm/src/vllm_torchtpu/kernels/quantized_matmul/util.py:302,"{""slice"": 1, ""convert"": 2, ""logistic"": 1, ""multiply"": 1, ""abs"": 1, ""reduce"": 1, ""tuple"": 1}",[],151004,runs/layer-ops-20260923/pcp8/hlo/pid-290362/module_9043.tt_jit_layernorm_L62C0_fused_add_rms_norm_add.cl_972931731.after_codegen.txt,FP8 激活量化,按 token 行计算 max(abs(x))，得到动态 FP8 量化 scale；可能融合前面的 RMSNorm/门控操作。
3,/device:TPU:0,XLA Ops,bitcast_convert_fusion.14,loop fusion,fusion,31106.282113,65.593037,"f32[4096,8192]{0,1:T(8,128)}","(bf16[4096]{0:T(1024)(128)(2,1)S(1)}, bf16[4096,32,256]{0,2,1:T(8,128)(2,1)})",,"op_name=""custom_kernel/custom_kernel/jit(_quantized_matmul_jax)/convert_element_type"" stack_frame_id=1751",/mnt/data/workspace/tpu_benchmark_daily/third_party/torchtpu-vllm/src/vllm_torchtpu/kernels/quantized_matmul/util.py:312,"{""bitcast"": 1, ""convert"": 1}",[],151005,runs/layer-ops-20260923/pcp8/hlo/pid-290362/module_9043.tt_jit_layernorm_L62C0_fused_add_rms_norm_add.cl_972931731.after_codegen.txt,FP8 激活量化,按动态 scale 缩放并截断到 FP8 可表示范围，再转换为 FP8，供后续 MXU GEMM 使用。
3,/device:TPU:0,XLA Ops,sparse-core-data-format-call.56.cloned.1.call-update,async-update,async-update,31171.875225,0.034814,"((f32[4096,8192]{0,1:T(8,128)}), f32[4096,8192]{1,0:T(8,128)})","((), (), s32[]{:S(2)}); f32[4096,8192]{0,1:T(8,128)}",,,,{},[],151006,runs/layer-ops-20260923/pcp8/hlo/pid-290362/module_9043.tt_jit_layernorm_L62C0_fused_add_rms_norm_add.cl_972931731.after_codegen.txt,SparseCore 布局转换,将数据转换为消费者要求的物理布局；start/update/done 分别表示启动、提交操作数和等待完成，源/目标 tiling 见 shape。
3,/device:TPU:0,XLA Ops,all-gather.307.cloned.1.call-start,async-start,async-start,31171.918368,0.051621,"((), (), s32[]{:S(2)})",,,"op_name=""custom_kernel/custom_kernel/jit(moe)/shard_map/all_gather"" stack_frame_id=1873",/mnt/data/workspace/tpu_benchmark_daily/third_party/torchtpu-vllm/src/vllm_torchtpu/kernels/fused_moe/v2/layer.py:465,"{""call"": 1}","[{""opcode"": ""all-gather"", ""shape"": ""s32[8,1,45568]{2,1,0:T(1,128)}"", ""replica_groups"": ""{{0,1,2,3,4,5,6,7}}"", ""attrs"": ""channel_id=1, replica_groups={{0,1,2,3,4,5,6,7}}, dimensions={0}, use_global_device_ids=true, metadata={op_name=\""custom_kernel/custom_kernel/jit(moe)/shard_map/all_gather\"" stack_frame_id=1873}""}]",151007,runs/layer-ops-20260923/pcp8/hlo/pid-290362/module_9043.tt_jit_layernorm_L62C0_fused_add_rms_norm_add.cl_972931731.after_codegen.txt,EP dispatch / all-gather,"收集该组 token 激活、router logits 或路由计划，供本地专家处理；实际 replica groups={{0,1,2,3,4,5,6,7}}，输出 s32[8,1,45568]{2,1,0:T(1,128)}。异步边界不能重复计费。"
3,/device:TPU:0,XLA Ops,compare_select_fusion.547,loop fusion,fusion,31171.977341,0.007203,f32[4096]{0:T(1024)S(1)},"(bf16[4096]{0:T(1024)(128)(2,1)S(1)}, bf16[4096,32,256]{0,2,1:T(8,128)(2,1)})",,"op_name=""custom_kernel/custom_kernel/select_n"" stack_frame_id=1303",/mnt/data/workspace/tpu_benchmark_daily/.venv/lib64/python3.12/site-packages/torch_tpu/_internal/pallas/pallas.py:685,"{""convert"": 1, ""broadcast"": 3, ""multiply"": 1, ""compare"": 1, ""select"": 1}",[],151008,runs/layer-ops-20260923/pcp8/hlo/pid-290362/module_9043.tt_jit_layernorm_L62C0_fused_add_rms_norm_add.cl_972931731.after_codegen.txt,FP8 量化 scale,计算/保护动态 FP8 scale：max(abs(x))/448；全零行使用非零替代 scale，避免除零。部分 fusion 同时生成 MoE 的有效行 mask。
3,/device:TPU:0,XLA Ops,copy-start.3668,copy-start,copy-start,31171.991672,0.008403,"(f32[4096]{0:T(1024)S(1)}, f32[4096]{0:T(1024)}, u32[]{:S(2)})",f32[4096]{0:T(1024)},weight_or_scale,,,{},[],151009,runs/layer-ops-20260923/pcp8/hlo/pid-290362/module_9043.tt_jit_layernorm_L62C0_fused_add_rms_norm_add.cl_972931731.after_codegen.txt,DMA 搬运,启动 DMA 搬运。
3,/device:TPU:0,XLA Ops,sparse-core-data-format-call.56.cloned.1.call-done,async-done,async-done,31172.008404,94.02521,"f32[4096,8192]{1,0:T(8,128)}","((f32[4096,8192]{0,1:T(8,128)}), f32[4096,8192]{1,0:T(8,128)})",,"op_name=""custom_kernel/custom_kernel/jit(_quantized_matmul_jax)/convert_element_type"" stack_frame_id=1751",/mnt/data/workspace/tpu_benchmark_daily/third_party/torchtpu-vllm/src/vllm_torchtpu/kernels/quantized_matmul/util.py:312,{},[],151010,runs/layer-ops-20260923/pcp8/hlo/pid-290362/module_9043.tt_jit_layernorm_L62C0_fused_add_rms_norm_add.cl_972931731.after_codegen.txt,SparseCore 布局转换,将数据转换为消费者要求的物理布局；start/update/done 分别表示启动、提交操作数和等待完成，源/目标 tiling 见 shape。
3,/device:TPU:0 SparseCore 0,Sparse Core Ops,copy.26418.cloned.1.call-start,async-start,async-start,31172.019208,0.010804,"((f32[4096,8192]{0,1:T(8,128)}), f32[4096,8192]{1,0:T(8,128)}, u32[]{:S(8)})","f32[4096,8192]{0,1:T(8,128)}",,"op_name=""custom_kernel/custom_kernel/jit(_quantized_matmul_jax)/convert_element_type"" stack_frame_id=1751",/mnt/data/workspace/tpu_benchmark_daily/third_party/torchtpu-vllm/src/vllm_torchtpu/kernels/quantized_matmul/util.py:312,"{""call"": 1}",[],21151,runs/layer-ops-20260923/pcp8/hlo/pid-290362/module_9043.tt_jit_layernorm_L62C0_fused_add_rms_norm_add.cl_972931731.after_codegen.txt,SparseCore 布局转换,将数据转换为消费者要求的物理布局；start/update/done 分别表示启动、提交操作数和等待完成，源/目标 tiling 见 shape。
3,/device:TPU:0 SparseCore 0,Sparse Core Ops,copy.26418.cloned.1.call-done,async-done,async-done,31172.035039,93.493397,"f32[4096,8192]{1,0:T(8,128)}","((f32[4096,8192]{0,1:T(8,128)}), f32[4096,8192]{1,0:T(8,128)}, u32[]{:S(8)})",,"op_name=""custom_kernel/custom_kernel/jit(_quantized_matmul_jax)/convert_element_type"" stack_frame_id=1751",/mnt/data/workspace/tpu_benchmark_daily/third_party/torchtpu-vllm/src/vllm_torchtpu/kernels/quantized_matmul/util.py:312,{},[],21152,runs/layer-ops-20260923/pcp8/hlo/pid-290362/module_9043.tt_jit_layernorm_L62C0_fused_add_rms_norm_add.cl_972931731.after_codegen.txt,SparseCore 布局转换,将数据转换为消费者要求的物理布局；start/update/done 分别表示启动、提交操作数和等待完成，源/目标 tiling 见 shape。
3,/device:TPU:0,XLA Ops,clamp_convert_fusion.56,loop fusion,fusion,31266.034814,52.636255,"f8e4m3fn[4096,8192]{1,0:T(32,128)(4,1)}","f32[4096,8192]{1,0:T(8,128)}; f32[4096]{0:T(1024)S(1)}",,"op_name=""custom_kernel/custom_kernel/jit(_quantized_matmul_jax)/convert_element_type"" stack_frame_id=1756",/mnt/data/workspace/tpu_benchmark_daily/third_party/torchtpu-vllm/src/vllm_torchtpu/kernels/quantized_matmul/util.py:312,"{""broadcast"": 3, ""divide"": 1, ""clamp"": 1, ""convert"": 1, ""copy"": 1}",[],151011,runs/layer-ops-20260923/pcp8/hlo/pid-290362/module_9043.tt_jit_layernorm_L62C0_fused_add_rms_norm_add.cl_972931731.after_codegen.txt,FP8 激活量化,按动态 scale 缩放并截断到 FP8 可表示范围，再转换为 FP8，供后续 MXU GEMM 使用。
3,/device:TPU:0,XLA Ops,copy-done.3668,copy-done,copy-done,31318.671144,0.002401,f32[4096]{0:T(1024)S(1)},"(f32[4096]{0:T(1024)S(1)}, f32[4096]{0:T(1024)}, u32[]{:S(2)})",weight_or_scale,,,{},[],151012,runs/layer-ops-20260923/pcp8/hlo/pid-290362/module_9043.tt_jit_layernorm_L62C0_fused_add_rms_norm_add.cl_972931731.after_codegen.txt,DMA 搬运,等待对应 DMA 完成；与 copy-start 是同一次搬运的两端，不能重复计算搬运量。
3,/device:TPU:0,XLA Ops,copy-start.2850,copy-start,copy-start,31318.67377,0.002401,"(bf16[4096]{0:T(1024)(128)(2,1)S(1)}, bf16[4096]{0:T(1024)(128)(2,1)}, u32[]{:S(2)})","bf16[4096]{0:T(1024)(128)(2,1)}",post_attention_rms_weight,,,{},[],151013,runs/layer-ops-20260923/pcp8/hlo/pid-290362/module_9043.tt_jit_layernorm_L62C0_fused_add_rms_norm_add.cl_972931731.after_codegen.txt,DMA 搬运,启动 DMA 搬运。
3,/device:TPU:0,XLA Ops,multiply_reduce_fusion.158,convolution fusion,fusion,31318.675946,210.096038,"(f32[4096]{0:T(1024)S(1)}, bf16[4096,4096]{1,0:T(16,128)(2,1)}, bf16[4096,4096]{1,0:T(16,128)(2,1)})","(f32[4096]{0:T(1024)S(1)}, bf16[4096,4096]{1,0:T(16,128)(2,1)}, bf16[4096,4096]{1,0:T(16,128)(2,1)}); (f32[4096]{0:T(1024)S(1)}, bf16[4096,4096]{1,0:T(16,128)(2,1)}, bf16[4096,4096]{1,0:T(16,128)(2,1)}); (f32[4096]{0:T(1024)S(1)}, bf16[4096,4096]{1,0:T(16,128)(2,1)}); f32[4096]{0:T(1024)S(1)}; f32[4096]{0:T(1024)S(1)}; f8e4m3fn[4096,8192]{1,0:T(32,128)(4,1)}; f8e4m3fn[8192,4096]{1,0:T(32,128)(4,1)}","attention_output_weight,weight_or_scale","op_name=""custom_kernel/custom_kernel/jit(_quantized_matmul_jax)/dot_general"" stack_frame_id=1757",/mnt/data/workspace/tpu_benchmark_daily/third_party/torchtpu-vllm/src/vllm_torchtpu/kernels/quantized_matmul/util.py:98,"{""fusion"": 5, ""convolution"": 1, ""broadcast"": 2, ""multiply"": 3, ""convert"": 9, ""add"": 3, ""reduce"": 1, ""copy"": 2, ""tuple"": 1}",[],151014,runs/layer-ops-20260923/pcp8/hlo/pid-290362/module_9043.tt_jit_layernorm_L62C0_fused_add_rms_norm_add.cl_972931731.after_codegen.txt,attention 输出投影,把所有本地 attention head 的输出投影回 hidden；编译器可融合反量化、residual add 或下一归一化的部分归约。
3,/device:TPU:0,XLA Ops,add_rsqrt_fusion.143,loop fusion,fusion,31528.772059,0.010804,f32[4096]{0:T(1024)S(1)},"(f32[4096]{0:T(1024)S(1)}, bf16[4096,4096]{1,0:T(16,128)(2,1)}, bf16[4096,4096]{1,0:T(16,128)(2,1)})",,"op_name=""rsqrt/rsqrt"" stack_frame_id=1306",/mnt/data/workspace/tpu_benchmark_daily/.venv/lib64/python3.12/site-packages/vllm/ir/ops/layernorm.py:60,"{""broadcast"": 2, ""multiply"": 1, ""add"": 1, ""rsqrt"": 1}",[],151015,runs/layer-ops-20260923/pcp8/hlo/pid-290362/module_9043.tt_jit_layernorm_L62C0_fused_add_rms_norm_add.cl_972931731.after_codegen.txt,RMSNorm/residual,计算均方、加 epsilon、rsqrt 和归一化；融合版本同时处理 residual add，具体融合范围见 HLO。
3,/device:TPU:0,XLA Ops,copy-done.2850,copy-done,copy-done,31528.783989,0.002401,"bf16[4096]{0:T(1024)(128)(2,1)S(1)}","(bf16[4096]{0:T(1024)(128)(2,1)S(1)}, bf16[4096]{0:T(1024)(128)(2,1)}, u32[]{:S(2)})",post_attention_rms_weight,,,{},[],151016,runs/layer-ops-20260923/pcp8/hlo/pid-290362/module_9043.tt_jit_layernorm_L62C0_fused_add_rms_norm_add.cl_972931731.after_codegen.txt,DMA 搬运,等待对应 DMA 完成；与 copy-start 是同一次搬运的两端，不能重复计算搬运量。
3,/device:TPU:0,XLA Ops,copy-start.3590,copy-start,copy-start,31528.793743,0.008403,"(bf16[512,4096]{1,0:T(8,128)(2,1)S(1)}, bf16[512,4096]{1,0:T(8,128)(2,1)}, u32[]{:S(2)})","bf16[512,4096]{1,0:T(8,128)(2,1)}",router_weight,,,{},[],151017,runs/layer-ops-20260923/pcp8/hlo/pid-290362/module_9043.tt_jit_layernorm_L62C0_fused_add_rms_norm_add.cl_972931731.after_codegen.txt,DMA 搬运,启动 DMA 搬运。
3,/device:TPU:0,XLA Ops,abs_reduce_fusion.130,loop fusion,fusion,31528.810324,34.978391,"(bf16[4096]{0:T(1024)(128)(2,1)S(1)}, bf16[4096,4096]{1,0:T(16,128)(2,1)})","bf16[4096]{0:T(1024)(128)(2,1)S(1)}; f32[4096]{0:T(1024)S(1)}; (f32[4096]{0:T(1024)S(1)}, bf16[4096,4096]{1,0:T(16,128)(2,1)}, bf16[4096,4096]{1,0:T(16,128)(2,1)}); (f32[4096]{0:T(1024)S(1)}, bf16[4096,4096]{1,0:T(16,128)(2,1)}, bf16[4096,4096]{1,0:T(16,128)(2,1)})",post_attention_rms_weight,"op_name=""custom_kernel/custom_kernel/jit(_quantized_matmul_jax)/reduce_max"" stack_frame_id=1753",/mnt/data/workspace/tpu_benchmark_daily/third_party/torchtpu-vllm/src/vllm_torchtpu/kernels/quantized_matmul/util.py:302,"{""fusion"": 2, ""convert"": 3, ""add"": 2, ""broadcast"": 2, ""multiply"": 2, ""abs"": 1, ""reduce"": 1, ""copy"": 1, ""tuple"": 1}",[],151018,runs/layer-ops-20260923/pcp8/hlo/pid-290362/module_9043.tt_jit_layernorm_L62C0_fused_add_rms_norm_add.cl_972931731.after_codegen.txt,FP8 激活量化,按 token 行计算 max(abs(x))，得到动态 FP8 量化 scale；可能融合前面的 RMSNorm/门控操作。
3,/device:TPU:0,XLA Ops,copy-done.3590,copy-done,copy-done,31563.788791,0.002401,"bf16[512,4096]{1,0:T(8,128)(2,1)S(1)}","(bf16[512,4096]{1,0:T(8,128)(2,1)S(1)}, bf16[512,4096]{1,0:T(8,128)(2,1)}, u32[]{:S(2)})",router_weight,,,{},[],151019,runs/layer-ops-20260923/pcp8/hlo/pid-290362/module_9043.tt_jit_layernorm_L62C0_fused_add_rms_norm_add.cl_972931731.after_codegen.txt,DMA 搬运,等待对应 DMA 完成；与 copy-start 是同一次搬运的两端，不能重复计算搬运量。
3,/device:TPU:0,XLA Ops,fusion.3381,convolution fusion,fusion,31563.794793,23.348139,"(bf16[4096]{0:T(1024)(128)(2,1)S(1)}, bf16[4096,512]{0,1:T(8,128)(2,1)S(1)})","(bf16[4096]{0:T(1024)(128)(2,1)S(1)}, bf16[4096,4096]{1,0:T(16,128)(2,1)}); bf16[512,4096]{1,0:T(8,128)(2,1)S(1)}",router_weight,"op_name=""mm/mm"" stack_frame_id=1281",/mnt/data/workspace/tpu_benchmark_daily/.venv/lib64/python3.12/site-packages/vllm/model_executor/parameter.py:127,"{""fusion"": 2, ""convolution"": 1, ""reduce"": 1, ""tuple"": 1}",[],151020,runs/layer-ops-20260923/pcp8/hlo/pid-290362/module_9043.tt_jit_layernorm_L62C0_fused_add_rms_norm_add.cl_972931731.after_codegen.txt,Router 打分,BF16 GEMM：每个 token 的 hidden→512 个专家 logits；softmax/top-k 在后续 kernel。
3,/device:TPU:0,XLA Ops,copy.15318,data formatting,copy,31587.151261,3.872749,"bf16[4096,512]{1,0:T(8,128)(2,1)S(1)}","(bf16[4096]{0:T(1024)(128)(2,1)S(1)}, bf16[4096,512]{0,1:T(8,128)(2,1)S(1)})",,"op_name=""mm/mm"" stack_frame_id=1281",/mnt/data/workspace/tpu_benchmark_daily/.venv/lib64/python3.12/site-packages/vllm/model_executor/parameter.py:127,{},[],151021,runs/layer-ops-20260923/pcp8/hlo/pid-290362/module_9043.tt_jit_layernorm_L62C0_fused_add_rms_norm_add.cl_972931731.after_codegen.txt,数据复制/布局物化,编译器生成的实际数据复制或物理布局变换；比较 operand_shapes 与 shape 可区分 tiling/维度顺序和 memory space 的变化。
3,/device:TPU:0,XLA Ops,convert.590,non-fusion elementwise,convert,31591.031288,0.004802,f32[4096]{0:T(1024)S(1)},"(bf16[4096]{0:T(1024)(128)(2,1)S(1)}, bf16[4096,512]{0,1:T(8,128)(2,1)S(1)})",,"op_name=""custom_kernel/custom_kernel/jit(moe)/shard_map/reduce_max"" stack_frame_id=1844",/mnt/data/workspace/tpu_benchmark_daily/third_party/torchtpu-vllm/src/vllm_torchtpu/kernels/fused_moe/v2/layer.py:50,{},[],151022,runs/layer-ops-20260923/pcp8/hlo/pid-290362/module_9043.tt_jit_layernorm_L62C0_fused_add_rms_norm_add.cl_972931731.after_codegen.txt,MoE 路由/通信计划,最大值归约：构造或处理 top-k 权重、专家计数、token 排列、量化 scale、远端地址及搬运计划；本行 dtype/shape 和 fused_ops 给出实际运算。
3,/device:TPU:0,XLA Ops,fusion.661,loop fusion,fusion,31591.043218,2.010804,f32[4096]{0:T(1024)S(1)},"bf16[4096,512]{1,0:T(8,128)(2,1)S(1)}; f32[4096]{0:T(1024)S(1)}",,"op_name=""custom_kernel/custom_kernel/jit(moe)/shard_map/reduce_sum"" stack_frame_id=1844",/mnt/data/workspace/tpu_benchmark_daily/third_party/torchtpu-vllm/src/vllm_torchtpu/kernels/fused_moe/v2/layer.py:50,"{""convert"": 1, ""broadcast"": 1, ""subtract"": 1, ""exponential"": 1, ""reduce"": 1}",[],151023,runs/layer-ops-20260923/pcp8/hlo/pid-290362/module_9043.tt_jit_layernorm_L62C0_fused_add_rms_norm_add.cl_972931731.after_codegen.txt,MoE 路由/通信计划,求和归约：构造或处理 top-k 权重、专家计数、token 排列、量化 scale、远端地址及搬运计划；本行 dtype/shape 和 fused_ops 给出实际运算。
3,/device:TPU:0,XLA Ops,is-finite_reduce_fusion.56,loop fusion,fusion,31593.061225,4.114046,"(pred[4096]{0:T(1024)(128)(4,1)}, f32[4096,512]{1,0:T(8,128)S(1)})","f32[4096]{0:T(1024)S(1)}; f32[4096]{0:T(1024)S(1)}; bf16[4096,512]{1,0:T(8,128)(2,1)S(1)}",,"op_name=""custom_kernel/custom_kernel/jit(moe)/shard_map/reduce_or"" stack_frame_id=2069",/mnt/data/workspace/tpu_benchmark_daily/third_party/torchtpu-vllm/src/vllm_torchtpu/kernels/fused_moe/v2/layer.py:439,"{""convert"": 1, ""broadcast"": 2, ""subtract"": 1, ""exponential"": 1, ""divide"": 1, ""is-finite"": 1, ""reduce"": 1, ""tuple"": 1}",[],151024,runs/layer-ops-20260923/pcp8/hlo/pid-290362/module_9043.tt_jit_layernorm_L62C0_fused_add_rms_norm_add.cl_972931731.after_codegen.txt,MoE 路由/通信计划,逻辑或归约：构造或处理 top-k 权重、专家计数、token 排列、量化 scale、远端地址及搬运计划；本行 dtype/shape 和 fused_ops 给出实际运算。
3,/device:TPU:0,XLA Ops,shard_map.275,custom-call,custom-call,31597.175421,39.680672,"(f32[4096,10]{1,0:T(8,128)S(1)}, s32[4096,10]{1,0:T(8,128)S(1)})","(pred[4096]{0:T(1024)(128)(4,1)}, f32[4096,512]{1,0:T(8,128)S(1)})",,"op_name=""custom_kernel/custom_kernel/jit(moe)/shard_map/pallas_call"" stack_frame_id=1846",/mnt/data/workspace/tpu_benchmark_daily/third_party/torchtpu-vllm/src/vllm_torchtpu/kernels/fused_moe/v2/router_ops.py:107,{},[],151025,runs/layer-ops-20260923/pcp8/hlo/pid-290362/module_9043.tt_jit_layernorm_L62C0_fused_add_rms_norm_add.cl_972931731.after_codegen.txt,Router top-k,Pallas top-k：从 512 个专家的路由分数选出 10 个专家及对应权重，输出 FP32 分数和 INT32 专家 ID。
3,/device:TPU:0,XLA Ops,copy-start.31,copy-start,copy-start,31636.864346,0.008403,"(f32[4096,10]{1,0:T(8,128)}, f32[4096,10]{1,0:T(8,128)S(1)}, u32[]{:S(2)})","(f32[4096,10]{1,0:T(8,128)S(1)}, s32[4096,10]{1,0:T(8,128)S(1)})",,,,{},[],151026,runs/layer-ops-20260923/pcp8/hlo/pid-290362/module_9043.tt_jit_layernorm_L62C0_fused_add_rms_norm_add.cl_972931731.after_codegen.txt,DMA 搬运,启动 DMA 搬运。
3,/device:TPU:0,XLA Ops,fusion.791,loop fusion,fusion,31636.880027,2.914766,"s32[4096,10]{1,0:T(8,128)S(1)}","(f32[4096,10]{1,0:T(8,128)S(1)}, s32[4096,10]{1,0:T(8,128)S(1)})",,"op_name=""custom_kernel/custom_kernel/jit(moe)/shard_map/add"" stack_frame_id=1851",/mnt/data/workspace/tpu_benchmark_daily/third_party/torchtpu-vllm/src/vllm_torchtpu/kernels/fused_moe/v2/layer.py:190,"{""sign"": 1, ""broadcast"": 11, ""compare"": 11, ""negate"": 3, ""select"": 12, ""and"": 3, ""shift-right-logical"": 1, ""add"": 3, ""multiply"": 1}",[],151027,runs/layer-ops-20260923/pcp8/hlo/pid-290362/module_9043.tt_jit_layernorm_L62C0_fused_add_rms_norm_add.cl_972931731.after_codegen.txt,MoE 路由/通信计划,加法：构造或处理 top-k 权重、专家计数、token 排列、量化 scale、远端地址及搬运计划；本行 dtype/shape 和 fused_ops 给出实际运算。
3,/device:TPU:0,XLA Ops,broadcast_in_dim_reshape.378,data formatting,reshape,31639.803197,1.741897,"s32[160,256]{1,0:T(8,128)S(1)}","s32[4096,10]{1,0:T(8,128)S(1)}",,"op_name=""custom_kernel/custom_kernel/jit(moe)/shard_map/eq;jit(moe)/shard_map/broadcast_in_dim;reshape"" stack_frame_id=1315",/mnt/data/workspace/tpu_benchmark_daily/.venv/lib64/python3.12/site-packages/torch_tpu/_internal/pallas/pallas.py:112,{},[],151028,runs/layer-ops-20260923/pcp8/hlo/pid-290362/module_9043.tt_jit_layernorm_L62C0_fused_add_rms_norm_add.cl_972931731.after_codegen.txt,数据复制/布局物化,编译器生成的实际数据复制或物理布局变换；比较 operand_shapes 与 shape 可区分 tiling/维度顺序和 memory space 的变化。
3,/device:TPU:0,XLA Ops,copy-start.1121,copy-start,copy-start,31641.553422,0.007203,"(s32[160,256]{1,0:T(8,128)}, s32[160,256]{1,0:T(8,128)S(1)}, u32[]{:S(2)})","s32[160,256]{1,0:T(8,128)S(1)}",,,,{},[],151029,runs/layer-ops-20260923/pcp8/hlo/pid-290362/module_9043.tt_jit_layernorm_L62C0_fused_add_rms_norm_add.cl_972931731.after_codegen.txt,DMA 搬运,启动 DMA 搬运。
3,/device:TPU:0,XLA Ops,reshape_reshape.123,data formatting,reshape,31641.569028,1.714286,s32[40960]{0:T(1024)S(1)},"s32[4096,10]{1,0:T(8,128)S(1)}",,"op_name=""custom_kernel/custom_kernel/jit(moe)/shard_map/reshape;reshape"" stack_frame_id=1842",/mnt/data/workspace/tpu_benchmark_daily/third_party/torchtpu-vllm/src/vllm_torchtpu/kernels/fused_moe/v2/layer.py:658,{},[],151030,runs/layer-ops-20260923/pcp8/hlo/pid-290362/module_9043.tt_jit_layernorm_L62C0_fused_add_rms_norm_add.cl_972931731.after_codegen.txt,数据复制/布局物化,编译器生成的实际数据复制或物理布局变换；比较 operand_shapes 与 shape 可区分 tiling/维度顺序和 memory space 的变化。
3,/device:TPU:0,XLA Ops,compare_select_fusion.546,loop fusion,fusion,31643.290667,0.019208,"(f32[4096]{0:T(1024)S(1)}, bf16[4096]{0:T(1024)(128)(2,1)S(1)})","(bf16[4096]{0:T(1024)(128)(2,1)S(1)}, bf16[4096,4096]{1,0:T(16,128)(2,1)})",,"op_name=""custom_kernel/custom_kernel/select_n"" stack_frame_id=1303",/mnt/data/workspace/tpu_benchmark_daily/.venv/lib64/python3.12/site-packages/torch_tpu/_internal/pallas/pallas.py:685,"{""convert"": 2, ""broadcast"": 3, ""multiply"": 1, ""compare"": 2, ""select"": 4, ""is-finite"": 1, ""and"": 1, ""divide"": 1, ""tuple"": 1}",[],151031,runs/layer-ops-20260923/pcp8/hlo/pid-290362/module_9043.tt_jit_layernorm_L62C0_fused_add_rms_norm_add.cl_972931731.after_codegen.txt,FP8 量化 scale,计算/保护动态 FP8 scale：max(abs(x))/448；全零行使用非零替代 scale，避免除零。部分 fusion 同时生成 MoE 的有效行 mask。
3,/device:TPU:0,XLA Ops,fusion.2210,loop fusion,fusion,31643.317002,0.009604,s32[4096]{0:T(1024)S(1)},"(bf16[4096]{0:T(1024)(128)(2,1)S(1)}, bf16[4096,4096]{1,0:T(16,128)(2,1)})",,"op_name=""custom_kernel/custom_kernel/jit(moe)/shard_map/bitcast_convert_type"" stack_frame_id=1869",/mnt/data/workspace/tpu_benchmark_daily/third_party/torchtpu-vllm/src/vllm_torchtpu/kernels/fused_moe/v2/layer.py:461,"{""convert"": 1, ""broadcast"": 2, ""multiply"": 1, ""is-finite"": 1, ""compare"": 1, ""and"": 1, ""select"": 1, ""bitcast-convert"": 1}",[],151032,runs/layer-ops-20260923/pcp8/hlo/pid-290362/module_9043.tt_jit_layernorm_L62C0_fused_add_rms_norm_add.cl_972931731.after_codegen.txt,MoE 路由/通信计划,按位重解释：构造或处理 top-k 权重、专家计数、token 排列、量化 scale、远端地址及搬运计划；本行 dtype/shape 和 fused_ops 给出实际运算。
3,/device:TPU:0,XLA Ops,fusion.2226,loop fusion,fusion,31643.333884,0.012005,"pred[4096]{0:T(1024)(128)(4,1)S(1)}","(bf16[4096]{0:T(1024)(128)(2,1)S(1)}, bf16[4096,4096]{1,0:T(16,128)(2,1)})",,"op_name=""custom_kernel/custom_kernel/jit(moe)/shard_map/and"" stack_frame_id=1866",/mnt/data/workspace/tpu_benchmark_daily/third_party/torchtpu-vllm/src/vllm_torchtpu/kernels/fused_moe/v2/kernel.py:160,"{""convert"": 1, ""broadcast"": 2, ""multiply"": 1, ""is-finite"": 1, ""compare"": 1, ""and"": 1}",[],151033,runs/layer-ops-20260923/pcp8/hlo/pid-290362/module_9043.tt_jit_layernorm_L62C0_fused_add_rms_norm_add.cl_972931731.after_codegen.txt,MoE 路由/通信计划,逻辑与：构造或处理 top-k 权重、专家计数、token 排列、量化 scale、远端地址及搬运计划；本行 dtype/shape 和 fused_ops 给出实际运算。
3,/device:TPU:0,XLA Ops,convert_reduce_fusion.227,loop fusion,fusion,31643.351741,16.457383,"(s32[160,512]{1,0:T(8,128)S(1)}, s32[512]{0:T(512)S(1)})","s32[160,256]{1,0:T(8,128)S(1)}",,"op_name=""custom_kernel/custom_kernel/jit(moe)/shard_map/reduce_sum"" stack_frame_id=1859",/mnt/data/workspace/tpu_benchmark_daily/third_party/torchtpu-vllm/src/vllm_torchtpu/kernels/fused_moe/v2/host.py:635,"{""broadcast"": 1, ""iota"": 1, ""compare"": 1, ""convert"": 1, ""reduce"": 2, ""tuple"": 1}",[],151034,runs/layer-ops-20260923/pcp8/hlo/pid-290362/module_9043.tt_jit_layernorm_L62C0_fused_add_rms_norm_add.cl_972931731.after_codegen.txt,MoE 路由/通信计划,求和归约：构造或处理 top-k 权重、专家计数、token 排列、量化 scale、远端地址及搬运计划；本行 dtype/shape 和 fused_ops 给出实际运算。
3,/device:TPU:0,XLA Ops,copy-start.1637,copy-start,copy-start,31659.817602,0.008403,"(s32[160,512]{1,0:T(8,128)}, s32[160,512]{1,0:T(8,128)S(1)}, u32[]{:S(2)})","(s32[160,512]{1,0:T(8,128)S(1)}, s32[512]{0:T(512)S(1)})",,,,{},[],151035,runs/layer-ops-20260923/pcp8/hlo/pid-290362/module_9043.tt_jit_layernorm_L62C0_fused_add_rms_norm_add.cl_972931731.after_codegen.txt,DMA 搬运,启动 DMA 搬运。
3,/device:TPU:0,XLA Ops,pad_add_fusion.5,loop fusion,fusion,31659.834334,0.015606,s32[45568]{0:T(1024)S(1)},"(s32[160,512]{1,0:T(8,128)S(1)}, s32[512]{0:T(512)S(1)}); s32[4096]{0:T(1024)S(1)}; s32[40960]{0:T(1024)S(1)}",,"op_name=""custom_kernel/custom_kernel/jit(moe)/shard_map/concatenate"" stack_frame_id=1872",/mnt/data/workspace/tpu_benchmark_daily/third_party/torchtpu-vllm/src/vllm_torchtpu/kernels/fused_moe/v2/layer.py:147,"{""pad"": 3, ""add"": 2}",[],151036,runs/layer-ops-20260923/pcp8/hlo/pid-290362/module_9043.tt_jit_layernorm_L62C0_fused_add_rms_norm_add.cl_972931731.after_codegen.txt,MoE 路由/通信计划,拼接：构造或处理 top-k 权重、专家计数、token 排列、量化 scale、远端地址及搬运计划；本行 dtype/shape 和 fused_ops 给出实际运算。
3,/device:TPU:0,XLA Ops,reshape.29392,data formatting,reshape,31659.857218,0.810324,"s32[1,1,45568]{2,1,0:T(1,128)}",s32[45568]{0:T(1024)S(1)},,,,{},[],151037,runs/layer-ops-20260923/pcp8/hlo/pid-290362/module_9043.tt_jit_layernorm_L62C0_fused_add_rms_norm_add.cl_972931731.after_codegen.txt,数据复制/布局物化,编译器生成的实际数据复制或物理布局变换；比较 operand_shapes 与 shape 可区分 tiling/维度顺序和 memory space 的变化。
3,/device:TPU:0,XLA Ops,all-gather.307.cloned.1.call-update,async-update,async-update,31660.668668,0.015606,"((s32[1,1,45568]{2,1,0:T(1,128)}), s32[8,1,45568]{2,1,0:T(1,128)})","((), (), s32[]{:S(2)}); s32[1,1,45568]{2,1,0:T(1,128)}",,,,{},"[{""opcode"": ""all-gather"", ""shape"": ""s32[8,1,45568]{2,1,0:T(1,128)}"", ""replica_groups"": ""{{0,1,2,3,4,5,6,7}}"", ""attrs"": ""channel_id=1, replica_groups={{0,1,2,3,4,5,6,7}}, dimensions={0}, use_global_device_ids=true, metadata={op_name=\""custom_kernel/custom_kernel/jit(moe)/shard_map/all_gather\"" stack_frame_id=1873}""}]",151038,runs/layer-ops-20260923/pcp8/hlo/pid-290362/module_9043.tt_jit_layernorm_L62C0_fused_add_rms_norm_add.cl_972931731.after_codegen.txt,EP dispatch / all-gather,"收集该组 token 激活、router logits 或路由计划，供本地专家处理；实际 replica groups={{0,1,2,3,4,5,6,7}}，输出 s32[8,1,45568]{2,1,0:T(1,128)}。异步边界不能重复计费。"
3,/device:TPU:0,XLA Ops,all-gather.187.cloned.1.call-start,async-start,async-start,31660.691552,0.051621,"((), (), s32[]{:S(2)})",,,"op_name=""custom_kernel/custom_kernel/jit(moe)/shard_map/all_gather"" stack_frame_id=2037",/mnt/data/workspace/tpu_benchmark_daily/third_party/torchtpu-vllm/src/vllm_torchtpu/kernels/fused_moe/v2/layer.py:406,"{""call"": 1}","[{""opcode"": ""all-gather"", ""shape"": ""f8e4m3fn[32768,32,128]{2,1,0:T(32,128)(4,1)}"", ""replica_groups"": ""{{0,1,2,3,4,5,6,7}}"", ""attrs"": ""channel_id=1, replica_groups={{0,1,2,3,4,5,6,7}}, dimensions={0}, use_global_device_ids=true, metadata={op_name=\""custom_kernel/custom_kernel/jit(moe)/shard_map/all_gather\"" stack_frame_id=2037}""}]",151039,runs/layer-ops-20260923/pcp8/hlo/pid-290362/module_9043.tt_jit_layernorm_L62C0_fused_add_rms_norm_add.cl_972931731.after_codegen.txt,EP dispatch / all-gather,"收集该组 token 激活、router logits 或路由计划，供本地专家处理；实际 replica groups={{0,1,2,3,4,5,6,7}}，输出 f8e4m3fn[32768,32,128]{2,1,0:T(32,128)(4,1)}。异步边界不能重复计费。"
3,/device:TPU:0,XLA Ops,fusion.371,loop fusion,fusion,31660.751501,12.714286,"f8e4m3fn[512,8,32,128]{3,1,2,0:T(8,128)(4,1)S(1)}","(bf16[4096]{0:T(1024)(128)(2,1)S(1)}, bf16[4096,4096]{1,0:T(16,128)(2,1)}); (f32[4096]{0:T(1024)S(1)}, bf16[4096]{0:T(1024)(128)(2,1)S(1)}); pred[4096]{0:T(1024)(128)(4,1)S(1)}",,,,"{""broadcast"": 3, ""fusion"": 1, ""multiply"": 1, ""select"": 1, ""convert"": 1, ""bitcast"": 1}",[],151040,runs/layer-ops-20260923/pcp8/hlo/pid-290362/module_9043.tt_jit_layernorm_L62C0_fused_add_rms_norm_add.cl_972931731.after_codegen.txt,MoE 激活量化,融合按行 FP8 量化与有效 token mask，生成跨 EP rank 交换的激活数据。
3,/device:TPU:0 SparseCore 0,Sparse Core Ops,all-gather.306,all-gather,all-gather,31660.806723,22.776711,"s32[8,1,45568]{2,1,0:T(1,128)}","s32[1,1,45568]{2,1,0:T(1,128)}",,"op_name=""custom_kernel/custom_kernel/jit(moe)/shard_map/all_gather"" stack_frame_id=1873",/mnt/data/workspace/tpu_benchmark_daily/third_party/torchtpu-vllm/src/vllm_torchtpu/kernels/fused_moe/v2/layer.py:465,{},"[{""opcode"": ""all-gather"", ""shape"": ""s32[8,1,45568]{2,1,0:T(1,128)}"", ""replica_groups"": ""{{0,1,2,3,4,5,6,7}}"", ""attrs"": ""channel_id=1, replica_groups={{0,1,2,3,4,5,6,7}}, dimensions={0}, use_global_device_ids=true, metadata={op_name=\""custom_kernel/custom_kernel/jit(moe)/shard_map/all_gather\"" stack_frame_id=1873}""}]",21505,runs/layer-ops-20260923/pcp8/hlo/pid-290362/module_9043.tt_jit_layernorm_L62C0_fused_add_rms_norm_add.cl_972931731.after_codegen.txt,EP dispatch / all-gather,"收集该组 token 激活、router logits 或路由计划，供本地专家处理；实际 replica groups={{0,1,2,3,4,5,6,7}}，输出 s32[8,1,45568]{2,1,0:T(1,128)}。异步边界不能重复计费。"
3,/device:TPU:0,XLA Ops,copy-done.1121,copy-done,copy-done,31673.474265,0.002401,"s32[160,256]{1,0:T(8,128)}","(s32[160,256]{1,0:T(8,128)}, s32[160,256]{1,0:T(8,128)S(1)}, u32[]{:S(2)})",,,,{},[],151041,runs/layer-ops-20260923/pcp8/hlo/pid-290362/module_9043.tt_jit_layernorm_L62C0_fused_add_rms_norm_add.cl_972931731.after_codegen.txt,DMA 搬运,等待对应 DMA 完成；与 copy-start 是同一次搬运的两端，不能重复计算搬运量。
3,/device:TPU:0,XLA Ops,copy-start.1993,copy-start,copy-start,31673.482818,0.009604,"(f32[64,1,1,4096]{3,2,1,0:T(1,128)S(1)}, f32[64,1,1,4096]{3,2,1,0:T(1,128)}, u32[]{:S(2)})","f32[64,1,1,4096]{3,2,1,0:T(1,128)}",routed_expert_scale,,,{},[],151042,runs/layer-ops-20260923/pcp8/hlo/pid-290362/module_9043.tt_jit_layernorm_L62C0_fused_add_rms_norm_add.cl_972931731.after_codegen.txt,DMA 搬运,启动 DMA 搬运。
3,/device:TPU:0,XLA Ops,copy-start.2058,copy-start,copy-start,31673.4997,0.009604,"(f32[64,1,1,2048]{3,2,1,0:T(1,128)S(1)}, f32[64,1,1,2048]{3,2,1,0:T(1,128)}, u32[]{:S(2)})","f32[64,1,1,2048]{3,2,1,0:T(1,128)}",routed_expert_scale,,,{},[],151043,runs/layer-ops-20260923/pcp8/hlo/pid-290362/module_9043.tt_jit_layernorm_L62C0_fused_add_rms_norm_add.cl_972931731.after_codegen.txt,DMA 搬运,启动 DMA 搬运。
3,/device:TPU:0,XLA Ops,copy.20649,data formatting,copy,31673.533089,10.511405,"f8e4m3fn[512,8,32,128]{3,2,1,0:T(32,128)(4,1)}","f8e4m3fn[512,8,32,128]{3,1,2,0:T(8,128)(4,1)S(1)}",,,,{},[],151045,runs/layer-ops-20260923/pcp8/hlo/pid-290362/module_9043.tt_jit_layernorm_L62C0_fused_add_rms_norm_add.cl_972931731.after_codegen.txt,数据复制/布局物化,编译器生成的实际数据复制或物理布局变换；比较 operand_shapes 与 shape 可区分 tiling/维度顺序和 memory space 的变化。
3,/device:TPU:0,XLA Ops,copy-start.2782,copy-start,copy-start,31684.063626,0.007203,"(bf16[1,4096]{1,0:T(2,128)(2,1)S(1)}, bf16[1,4096]{1,0:T(2,128)(2,1)}, u32[]{:S(2)})","bf16[1,4096]{1,0:T(2,128)(2,1)}",shared_expert_gate_weight,,,{},[],151049,runs/layer-ops-20260923/pcp8/hlo/pid-290362/module_9043.tt_jit_layernorm_L62C0_fused_add_rms_norm_add.cl_972931731.after_codegen.txt,DMA 搬运,启动 DMA 搬运。
3,/device:TPU:0,XLA Ops,all-gather.187.cloned.1.call-update,async-update,async-update,31684.078182,0.016807,"((f8e4m3fn[4096,32,128]{2,1,0:T(32,128)(4,1)}), f8e4m3fn[32768,32,128]{2,1,0:T(32,128)(4,1)})","((), (), s32[]{:S(2)}); f8e4m3fn[4096,32,128]{2,1,0:T(32,128)(4,1)}",,,,{},"[{""opcode"": ""all-gather"", ""shape"": ""f8e4m3fn[32768,32,128]{2,1,0:T(32,128)(4,1)}"", ""replica_groups"": ""{{0,1,2,3,4,5,6,7}}"", ""attrs"": ""channel_id=1, replica_groups={{0,1,2,3,4,5,6,7}}, dimensions={0}, use_global_device_ids=true, metadata={op_name=\""custom_kernel/custom_kernel/jit(moe)/shard_map/all_gather\"" stack_frame_id=2037}""}]",151051,runs/layer-ops-20260923/pcp8/hlo/pid-290362/module_9043.tt_jit_layernorm_L62C0_fused_add_rms_norm_add.cl_972931731.after_codegen.txt,EP dispatch / all-gather,"收集该组 token 激活、router logits 或路由计划，供本地专家处理；实际 replica groups={{0,1,2,3,4,5,6,7}}，输出 f8e4m3fn[32768,32,128]{2,1,0:T(32,128)(4,1)}。异步边界不能重复计费。"
3,/device:TPU:0,XLA Ops,scatter_offload_async_start.10,async-start,async-start,31684.102116,0.056423,"((), (), s32[]{:S(2)})",,,"op_name=""custom_kernel/custom_kernel/jit(moe)/shard_map/scatter-add"" stack_frame_id=2040",/mnt/data/workspace/tpu_benchmark_daily/third_party/torchtpu-vllm/src/vllm_torchtpu/kernels/fused_moe/v2/host.py:969,"{""call"": 1}",[],151052,runs/layer-ops-20260923/pcp8/hlo/pid-290362/module_9043.tt_jit_layernorm_L62C0_fused_add_rms_norm_add.cl_972931731.after_codegen.txt,异步调用控制,异步 kernel/collective 的启动、提交或完成边界；具体计算在被调用的 HLO computation 中，不能把边界再当一遍计算。
3,/device:TPU:0,XLA Ops,copy-done.1993,copy-done,copy-done,31684.164616,0.003601,"f32[64,1,1,4096]{3,2,1,0:T(1,128)S(1)}","(f32[64,1,1,4096]{3,2,1,0:T(1,128)S(1)}, f32[64,1,1,4096]{3,2,1,0:T(1,128)}, u32[]{:S(2)})",routed_expert_scale,,,{},[],151053,runs/layer-ops-20260923/pcp8/hlo/pid-290362/module_9043.tt_jit_layernorm_L62C0_fused_add_rms_norm_add.cl_972931731.after_codegen.txt,DMA 搬运,等待对应 DMA 完成；与 copy-start 是同一次搬运的两端，不能重复计算搬运量。
3,/device:TPU:0,XLA Ops,copy.21573,data formatting,copy,31684.17527,1.861945,"f32[64,1,1,4096]{3,0,1,2:T(8,128)}","f32[64,1,1,4096]{3,2,1,0:T(1,128)S(1)}",routed_expert_scale,,,{},[],151054,runs/layer-ops-20260923/pcp8/hlo/pid-290362/module_9043.tt_jit_layernorm_L62C0_fused_add_rms_norm_add.cl_972931731.after_codegen.txt,数据复制/布局物化,编译器生成的实际数据复制或物理布局变换；比较 operand_shapes 与 shape 可区分 tiling/维度顺序和 memory space 的变化。
3,/device:TPU:0 SparseCore 0,Sparse Core Ops,all-gather.186,all-gather,all-gather,31685.680748,583.297719,"f8e4m3fn[32768,32,128]{2,1,0:T(32,128)(4,1)}","f8e4m3fn[4096,32,128]{2,1,0:T(32,128)(4,1)}",,"op_name=""custom_kernel/custom_kernel/jit(moe)/shard_map/all_gather"" stack_frame_id=2037",/mnt/data/workspace/tpu_benchmark_daily/third_party/torchtpu-vllm/src/vllm_torchtpu/kernels/fused_moe/v2/layer.py:406,{},"[{""opcode"": ""all-gather"", ""shape"": ""f8e4m3fn[32768,32,128]{2,1,0:T(32,128)(4,1)}"", ""replica_groups"": ""{{0,1,2,3,4,5,6,7}}"", ""attrs"": ""channel_id=1, replica_groups={{0,1,2,3,4,5,6,7}}, dimensions={0}, use_global_device_ids=true, metadata={op_name=\""custom_kernel/custom_kernel/jit(moe)/shard_map/all_gather\"" stack_frame_id=2037}""}]",21571,runs/layer-ops-20260923/pcp8/hlo/pid-290362/module_9043.tt_jit_layernorm_L62C0_fused_add_rms_norm_add.cl_972931731.after_codegen.txt,EP dispatch / all-gather,"收集该组 token 激活、router logits 或路由计划，供本地专家处理；实际 replica groups={{0,1,2,3,4,5,6,7}}，输出 f8e4m3fn[32768,32,128]{2,1,0:T(32,128)(4,1)}。异步边界不能重复计费。"
3,/device:TPU:0,XLA Ops,copy-done.2058,copy-done,copy-done,31686.037365,0.002401,"f32[64,1,1,2048]{3,2,1,0:T(1,128)S(1)}","(f32[64,1,1,2048]{3,2,1,0:T(1,128)S(1)}, f32[64,1,1,2048]{3,2,1,0:T(1,128)}, u32[]{:S(2)})",routed_expert_scale,,,{},[],151055,runs/layer-ops-20260923/pcp8/hlo/pid-290362/module_9043.tt_jit_layernorm_L62C0_fused_add_rms_norm_add.cl_972931731.after_codegen.txt,DMA 搬运,等待对应 DMA 完成；与 copy-start 是同一次搬运的两端，不能重复计算搬运量。
3,/device:TPU:0,XLA Ops,copy.21633,data formatting,copy,31686.040817,0.938776,"f32[64,1,1,2048]{3,0,1,2:T(8,128)}","f32[64,1,1,2048]{3,2,1,0:T(1,128)S(1)}",routed_expert_scale,,,{},[],151056,runs/layer-ops-20260923/pcp8/hlo/pid-290362/module_9043.tt_jit_layernorm_L62C0_fused_add_rms_norm_add.cl_972931731.after_codegen.txt,数据复制/布局物化,编译器生成的实际数据复制或物理布局变换；比较 operand_shapes 与 shape 可区分 tiling/维度顺序和 memory space 的变化。
3,/device:TPU:0,XLA Ops,copy-done.31,copy-done,copy-done,31737.915967,0.0012,"f32[4096,10]{1,0:T(8,128)}","(f32[4096,10]{1,0:T(8,128)}, f32[4096,10]{1,0:T(8,128)S(1)}, u32[]{:S(2)})",,,,{},[],151102,runs/layer-ops-20260923/pcp8/hlo/pid-290362/module_9043.tt_jit_layernorm_L62C0_fused_add_rms_norm_add.cl_972931731.after_codegen.txt,DMA 搬运,等待对应 DMA 完成；与 copy-start 是同一次搬运的两端，不能重复计算搬运量。
3,/device:TPU:0,XLA Ops,reduce.5649,reduce,reduce,31737.918368,1.967587,f32[4096]{0:T(1024)},"(f32[4096,10]{1,0:T(8,128)S(1)}, s32[4096,10]{1,0:T(8,128)S(1)}); f32[]{:T(128)}",,"op_name=""custom_kernel/custom_kernel/jit(moe)/shard_map/reduce_sum"" stack_frame_id=2071",/mnt/data/workspace/tpu_benchmark_daily/third_party/torchtpu-vllm/src/vllm_torchtpu/kernels/fused_moe/v2/layer.py:441,"{""add"": 1}",[],151103,runs/layer-ops-20260923/pcp8/hlo/pid-290362/module_9043.tt_jit_layernorm_L62C0_fused_add_rms_norm_add.cl_972931731.after_codegen.txt,MoE 路由/通信计划,求和归约：构造或处理 top-k 权重、专家计数、token 排列、量化 scale、远端地址及搬运计划；本行 dtype/shape 和 fused_ops 给出实际运算。
3,/device:TPU:0,XLA Ops,copy-done.1637,copy-done,copy-done,31739.88603,0.002401,"s32[160,512]{1,0:T(8,128)}","(s32[160,512]{1,0:T(8,128)}, s32[160,512]{1,0:T(8,128)S(1)}, u32[]{:S(2)})",,,,{},[],151104,runs/layer-ops-20260923/pcp8/hlo/pid-290362/module_9043.tt_jit_layernorm_L62C0_fused_add_rms_norm_add.cl_972931731.after_codegen.txt,DMA 搬运,等待对应 DMA 完成；与 copy-start 是同一次搬运的两端，不能重复计算搬运量。
3,/device:TPU:0,XLA Ops,pad.1518,pad,pad,31739.888431,0.288115,"s32[512,256]{0,1:T(8,128)S(1)}","s32[512,160]{0,1:T(8,128)S(1)}; s32[]{:T(128)}",,"op_name=""custom_kernel/custom_kernel"" stack_frame_id=1315",/mnt/data/workspace/tpu_benchmark_daily/.venv/lib64/python3.12/site-packages/torch_tpu/_internal/pallas/pallas.py:112,{},[],151106,runs/layer-ops-20260923/pcp8/hlo/pid-290362/module_9043.tt_jit_layernorm_L62C0_fused_add_rms_norm_add.cl_972931731.after_codegen.txt,MoE 路由/通信计划,整数前缀和/分块偏移处理：用窗口归约、slice 和 add 生成专家或目标 rank 的行起点及传输表；不是浮点模型计算。
3,/device:TPU:0,XLA Ops,fusion.1382,output fusion,fusion,31740.183749,0.444178,"s32[512,2,128]{0,1,2:T(2,128)S(1)}","s32[512,2,128]{0,2,1:T(8,128)S(1)}",,"op_name=""custom_kernel/custom_kernel"" stack_frame_id=1315",/mnt/data/workspace/tpu_benchmark_daily/.venv/lib64/python3.12/site-packages/torch_tpu/_internal/pallas/pallas.py:112,"{""fusion"": 1, ""reduce-window"": 1}",[],151108,runs/layer-ops-20260923/pcp8/hlo/pid-290362/module_9043.tt_jit_layernorm_L62C0_fused_add_rms_norm_add.cl_972931731.after_codegen.txt,MoE 路由/通信计划,整数前缀和/分块偏移处理：用窗口归约、slice 和 add 生成专家或目标 rank 的行起点及传输表；不是浮点模型计算。
3,/device:TPU:0,XLA Ops,slice_bitcast_fusion.146,loop fusion,fusion,31740.635204,0.003601,"s32[512,2]{0,1:T(2,128)S(1)}","s32[512,2,128]{0,1,2:T(2,128)S(1)}",,"op_name=""custom_kernel/custom_kernel"" stack_frame_id=1315",/mnt/data/workspace/tpu_benchmark_daily/.venv/lib64/python3.12/site-packages/torch_tpu/_internal/pallas/pallas.py:112,"{""slice"": 1, ""bitcast"": 1}",[],151109,runs/layer-ops-20260923/pcp8/hlo/pid-290362/module_9043.tt_jit_layernorm_L62C0_fused_add_rms_norm_add.cl_972931731.after_codegen.txt,MoE 路由/通信计划,整数前缀和/分块偏移处理：用窗口归约、slice 和 add 生成专家或目标 rank 的行起点及传输表；不是浮点模型计算。
3,/device:TPU:0,XLA Ops,reduce-window.1947,reduce-window,reduce-window,31740.647059,0.037215,"s32[512,3]{0,1:T(4,128)S(1)}","s32[512,2]{0,1:T(2,128)S(1)}; s32[]{:T(128)}",,"op_name=""custom_kernel/custom_kernel"" stack_frame_id=1315",/mnt/data/workspace/tpu_benchmark_daily/.venv/lib64/python3.12/site-packages/torch_tpu/_internal/pallas/pallas.py:112,"{""add"": 1}",[],151110,runs/layer-ops-20260923/pcp8/hlo/pid-290362/module_9043.tt_jit_layernorm_L62C0_fused_add_rms_norm_add.cl_972931731.after_codegen.txt,MoE 路由/通信计划,整数前缀和/分块偏移处理：用窗口归约、slice 和 add 生成专家或目标 rank 的行起点及传输表；不是浮点模型计算。
3,/device:TPU:0,XLA Ops,slice.10912,slice,slice,31740.684349,0.006002,"s32[512,2]{0,1:T(2,128)S(1)}","s32[512,3]{0,1:T(4,128)S(1)}",,"op_name=""custom_kernel/custom_kernel"" stack_frame_id=1315",/mnt/data/workspace/tpu_benchmark_daily/.venv/lib64/python3.12/site-packages/torch_tpu/_internal/pallas/pallas.py:112,{},[],151111,runs/layer-ops-20260923/pcp8/hlo/pid-290362/module_9043.tt_jit_layernorm_L62C0_fused_add_rms_norm_add.cl_972931731.after_codegen.txt,MoE 路由/通信计划,整数前缀和/分块偏移处理：用窗口归约、slice 和 add 生成专家或目标 rank 的行起点及传输表；不是浮点模型计算。
3,/device:TPU:0,XLA Ops,broadcast.126568,broadcast,broadcast,31740.690577,0.009604,"s32[512,4,2]{0,2,1:T(2,128)S(1)}","s32[512,2]{0,1:T(2,128)S(1)}",,,,{},[],151112,runs/layer-ops-20260923/pcp8/hlo/pid-290362/module_9043.tt_jit_layernorm_L62C0_fused_add_rms_norm_add.cl_972931731.after_codegen.txt,索引/张量辅助,broadcast：为 attention/MoE 准备索引或 tensor 数据；使用本行 shape、metadata 和 HLO 确认它处理的是激活还是 INT32 调度数据。
3,/device:TPU:0,XLA Ops,broadcast_add_fusion.173,loop fusion,fusion,31740.702356,0.070828,"s32[512,8,32]{0,1,2:T(8,128)S(1)}","s32[512,8,32]{0,1,2:T(8,128)S(1)}; s32[512,8]{0,1:T(8,128)S(1)}",,"op_name=""custom_kernel/custom_kernel/reduce_window_sum"" stack_frame_id=1315",/mnt/data/workspace/tpu_benchmark_daily/.venv/lib64/python3.12/site-packages/torch_tpu/_internal/pallas/pallas.py:112,"{""broadcast"": 1, ""add"": 1}",[],151115,runs/layer-ops-20260923/pcp8/hlo/pid-290362/module_9043.tt_jit_layernorm_L62C0_fused_add_rms_norm_add.cl_972931731.after_codegen.txt,MoE 路由/通信计划,整数前缀和/分块偏移处理：用窗口归约、slice 和 add 生成专家或目标 rank 的行起点及传输表；不是浮点模型计算。
3,/device:TPU:0,XLA Ops,copy.15320,data formatting,copy,31740.780388,0.920768,"s32[512,2,128]{0,2,1:T(8,128)}","s32[512,2,128]{0,1,2:T(2,128)S(1)}",,"op_name=""custom_kernel/custom_kernel/reduce_window_sum"" stack_frame_id=1315",/mnt/data/workspace/tpu_benchmark_daily/.venv/lib64/python3.12/site-packages/torch_tpu/_internal/pallas/pallas.py:112,{},[],151117,runs/layer-ops-20260923/pcp8/hlo/pid-290362/module_9043.tt_jit_layernorm_L62C0_fused_add_rms_norm_add.cl_972931731.after_codegen.txt,数据复制/布局物化,编译器生成的实际数据复制或物理布局变换；比较 operand_shapes 与 shape 可区分 tiling/维度顺序和 memory space 的变化。
3,/device:TPU:0,XLA Ops,copy-done.2782,copy-done,copy-done,31741.702281,0.002401,"bf16[1,4096]{1,0:T(2,128)(2,1)S(1)}","(bf16[1,4096]{1,0:T(2,128)(2,1)S(1)}, bf16[1,4096]{1,0:T(2,128)(2,1)}, u32[]{:S(2)})",shared_expert_gate_weight,,,{},[],151118,runs/layer-ops-20260923/pcp8/hlo/pid-290362/module_9043.tt_jit_layernorm_L62C0_fused_add_rms_norm_add.cl_972931731.after_codegen.txt,DMA 搬运,等待对应 DMA 完成；与 copy-start 是同一次搬运的两端，不能重复计算搬运量。
3,/device:TPU:0,XLA Ops,convolution_reduce_fusion.56,convolution fusion,fusion,31741.705883,18.816327,"bf16[4096]{0:T(1024)(128)(2,1)S(1)}","(bf16[4096]{0:T(1024)(128)(2,1)S(1)}, bf16[4096,4096]{1,0:T(16,128)(2,1)}); bf16[1,4096]{1,0:T(2,128)(2,1)S(1)}",shared_expert_gate_weight,"op_name=""mm/mm"" stack_frame_id=1281",/mnt/data/workspace/tpu_benchmark_daily/.venv/lib64/python3.12/site-packages/vllm/model_executor/parameter.py:127,"{""fusion"": 2, ""convolution"": 1, ""reduce"": 1}",[],151119,runs/layer-ops-20260923/pcp8/hlo/pid-290362/module_9043.tt_jit_layernorm_L62C0_fused_add_rms_norm_add.cl_972931731.after_codegen.txt,共享专家 gate,hidden→一个标量 logit；经 sigmoid 后控制该 token 的共享专家贡献。
3,/device:TPU:0,XLA Ops,logistic_convert_fusion.71,loop fusion,fusion,31760.529562,0.605042,"bf16[4096]{0:T(1024)(128)(2,1)}","bf16[4096]{0:T(1024)(128)(2,1)S(1)}",,"op_name=""sigmoid/sigmoid"" stack_frame_id=1317",/mnt/data/workspace/tpu_benchmark_daily/.venv/lib64/python3.12/site-packages/vllm/model_executor/models/qwen2_moe.py:119,"{""convert"": 2, ""logistic"": 1}",[],151120,runs/layer-ops-20260923/pcp8/hlo/pid-290362/module_9043.tt_jit_layernorm_L62C0_fused_add_rms_norm_add.cl_972931731.after_codegen.txt,门控,计算 sigmoid 门控系数，控制共享专家或 attention 输出的贡献。
3,/device:TPU:0,XLA Ops,copy-start.3785,copy-start,copy-start,31761.134529,0.0,"(f32[2048]{0:T(1024)S(1)}, f32[2048]{0:T(1024)}, u32[]{:S(2)})",f32[2048]{0:T(1024)},weight_or_scale,,,{},[],151121,runs/layer-ops-20260923/pcp8/hlo/pid-290362/module_9043.tt_jit_layernorm_L62C0_fused_add_rms_norm_add.cl_972931731.after_codegen.txt,DMA 搬运,启动 DMA 搬运。
3,/device:TPU:0,XLA Ops,clamp_convert_fusion.130,loop fusion,fusion,31761.135655,18.367347,"f8e4m3fn[4096,4096]{1,0:T(32,128)(4,1)}","(bf16[4096]{0:T(1024)(128)(2,1)S(1)}, bf16[4096,4096]{1,0:T(16,128)(2,1)}); (f32[4096]{0:T(1024)S(1)}, bf16[4096]{0:T(1024)(128)(2,1)S(1)})",,"op_name=""custom_kernel/custom_kernel/jit(_quantized_matmul_jax)/convert_element_type"" stack_frame_id=1756",/mnt/data/workspace/tpu_benchmark_daily/third_party/torchtpu-vllm/src/vllm_torchtpu/kernels/quantized_matmul/util.py:312,"{""broadcast"": 3, ""fusion"": 1, ""convert"": 2, ""divide"": 1, ""clamp"": 1, ""copy"": 1}",[],151122,runs/layer-ops-20260923/pcp8/hlo/pid-290362/module_9043.tt_jit_layernorm_L62C0_fused_add_rms_norm_add.cl_972931731.after_codegen.txt,FP8 激活量化,按动态 scale 缩放并截断到 FP8 可表示范围，再转换为 FP8，供后续 MXU GEMM 使用。
3,/device:TPU:0,XLA Ops,copy-done.3785,copy-done,copy-done,31779.504202,0.002401,f32[2048]{0:T(1024)S(1)},"(f32[2048]{0:T(1024)S(1)}, f32[2048]{0:T(1024)}, u32[]{:S(2)})",weight_or_scale,,,{},[],151123,runs/layer-ops-20260923/pcp8/hlo/pid-290362/module_9043.tt_jit_layernorm_L62C0_fused_add_rms_norm_add.cl_972931731.after_codegen.txt,DMA 搬运,等待对应 DMA 完成；与 copy-start 是同一次搬运的两端，不能重复计算搬运量。
3,/device:TPU:0,XLA Ops,copy-start.2444,copy-start,copy-start,31779.506753,0.002401,"(f32[4096]{0:T(1024)S(1)}, f32[4096]{0:T(1024)}, u32[]{:S(2)})",f32[4096]{0:T(1024)},,,,{},[],151124,runs/layer-ops-20260923/pcp8/hlo/pid-290362/module_9043.tt_jit_layernorm_L62C0_fused_add_rms_norm_add.cl_972931731.after_codegen.txt,DMA 搬运,启动 DMA 搬运。
3,/device:TPU:0,XLA Ops,copy-start.2655,copy-start,copy-start,31779.517407,0.008403,"(pred[4096]{0:T(1024)(128)(4,1)S(1)}, pred[4096]{0:T(1024)(128)(4,1)}, u32[]{:S(2)})","(pred[4096]{0:T(1024)(128)(4,1)}, f32[4096,512]{1,0:T(8,128)S(1)})",,,,{},[],151125,runs/layer-ops-20260923/pcp8/hlo/pid-290362/module_9043.tt_jit_layernorm_L62C0_fused_add_rms_norm_add.cl_972931731.after_codegen.txt,DMA 搬运,启动 DMA 搬运。
3,/device:TPU:0,XLA Ops,copy-start.190,copy-start,copy-start,31779.531888,0.007203,"(pred[256,256]{1,0:T(8,128)(4,1)S(1)}, pred[256,256]{1,0:T(8,128)(4,1)}, u32[]{:S(2)})","pred[256,256]{1,0:T(8,128)(4,1)}",,,,{},[],151126,runs/layer-ops-20260923/pcp8/hlo/pid-290362/module_9043.tt_jit_layernorm_L62C0_fused_add_rms_norm_add.cl_972931731.after_codegen.txt,DMA 搬运,启动 DMA 搬运。
3,/device:TPU:0,XLA Ops,copy-start.1122,copy-start,copy-start,31779.547419,0.007203,"(s32[160,256]{1,0:T(8,128)S(1)}, s32[160,256]{1,0:T(8,128)}, u32[]{:S(2)})","s32[160,256]{1,0:T(8,128)}",,,,{},[],151127,runs/layer-ops-20260923/pcp8/hlo/pid-290362/module_9043.tt_jit_layernorm_L62C0_fused_add_rms_norm_add.cl_972931731.after_codegen.txt,DMA 搬运,启动 DMA 搬运。
3,/device:TPU:0,XLA Ops,multiply_convert_fusion.311,convolution fusion,fusion,31779.56205,42.477791,"bf16[4096,2048]{1,0:T(16,128)(2,1)S(1)}","f32[2048]{0:T(1024)S(1)}; (f32[4096]{0:T(1024)S(1)}, bf16[4096]{0:T(1024)(128)(2,1)S(1)}); f8e4m3fn[4096,4096]{1,0:T(32,128)(4,1)}; f8e4m3fn[4096,2048]{1,0:T(32,128)(4,1)}","shared_gate_up_weight,weight_or_scale","op_name=""custom_kernel/custom_kernel/jit(_quantized_matmul_jax)/dot_general"" stack_frame_id=1757",/mnt/data/workspace/tpu_benchmark_daily/third_party/torchtpu-vllm/src/vllm_torchtpu/kernels/quantized_matmul/util.py:98,"{""fusion"": 2, ""convolution"": 1, ""broadcast"": 2, ""multiply"": 2, ""convert"": 1, ""copy"": 1}",[],151128,runs/layer-ops-20260923/pcp8/hlo/pid-290362/module_9043.tt_jit_layernorm_L62C0_fused_add_rms_norm_add.cl_972931731.after_codegen.txt,共享专家 gate/up,共享专家的 FP8 gate/up GEMM；所有 token 都经过该分支。
3,/device:TPU:0,XLA Ops,abs_reduce_fusion.191,loop fusion,fusion,31822.04802,8.690276,"bf16[4096]{0:T(1024)(128)(2,1)S(1)}","bf16[4096,2048]{1,0:T(16,128)(2,1)S(1)}",,"op_name=""custom_kernel/custom_kernel/jit(_quantized_matmul_jax)/reduce_max"" stack_frame_id=1753",/mnt/data/workspace/tpu_benchmark_daily/third_party/torchtpu-vllm/src/vllm_torchtpu/kernels/quantized_matmul/util.py:302,"{""slice"": 2, ""logistic"": 1, ""multiply"": 2, ""abs"": 1, ""reduce"": 1}",[],151129,runs/layer-ops-20260923/pcp8/hlo/pid-290362/module_9043.tt_jit_layernorm_L62C0_fused_add_rms_norm_add.cl_972931731.after_codegen.txt,FP8 激活量化,按 token 行计算 max(abs(x))，得到动态 FP8 量化 scale；可能融合前面的 RMSNorm/门控操作。
3,/device:TPU:0,XLA Ops,compare_select_fusion.545,loop fusion,fusion,31830.745499,0.006002,f32[4096]{0:T(1024)S(1)},"bf16[4096]{0:T(1024)(128)(2,1)S(1)}",,"op_name=""custom_kernel/custom_kernel/select_n"" stack_frame_id=1303",/mnt/data/workspace/tpu_benchmark_daily/.venv/lib64/python3.12/site-packages/torch_tpu/_internal/pallas/pallas.py:685,"{""convert"": 1, ""broadcast"": 3, ""multiply"": 1, ""compare"": 1, ""select"": 1}",[],151130,runs/layer-ops-20260923/pcp8/hlo/pid-290362/module_9043.tt_jit_layernorm_L62C0_fused_add_rms_norm_add.cl_972931731.after_codegen.txt,FP8 量化 scale,计算/保护动态 FP8 scale：max(abs(x))/448；全零行使用非零替代 scale，避免除零。部分 fusion 同时生成 MoE 的有效行 mask。
3,/device:TPU:0,XLA Ops,copy-start.2479,copy-start,copy-start,31830.758779,0.008403,"(f32[4096]{0:T(1024)}, f32[4096]{0:T(1024)S(1)}, u32[]{:S(2)})",f32[4096]{0:T(1024)S(1)},,,,{},[],151131,runs/layer-ops-20260923/pcp8/hlo/pid-290362/module_9043.tt_jit_layernorm_L62C0_fused_add_rms_norm_add.cl_972931731.after_codegen.txt,DMA 搬运,启动 DMA 搬运。
3,/device:TPU:0,XLA Ops,copy-done.2444,copy-done,copy-done,31830.77461,0.002401,f32[4096]{0:T(1024)S(1)},"(f32[4096]{0:T(1024)S(1)}, f32[4096]{0:T(1024)}, u32[]{:S(2)})",,,,{},[],151132,runs/layer-ops-20260923/pcp8/hlo/pid-290362/module_9043.tt_jit_layernorm_L62C0_fused_add_rms_norm_add.cl_972931731.after_codegen.txt,DMA 搬运,等待对应 DMA 完成；与 copy-start 是同一次搬运的两端，不能重复计算搬运量。
3,/device:TPU:0,XLA Ops,copy-done.2655,copy-done,copy-done,31830.785189,0.002401,"pred[4096]{0:T(1024)(128)(4,1)S(1)}","(pred[4096]{0:T(1024)(128)(4,1)S(1)}, pred[4096]{0:T(1024)(128)(4,1)}, u32[]{:S(2)})",,,,{},[],151133,runs/layer-ops-20260923/pcp8/hlo/pid-290362/module_9043.tt_jit_layernorm_L62C0_fused_add_rms_norm_add.cl_972931731.after_codegen.txt,DMA 搬运,等待对应 DMA 完成；与 copy-start 是同一次搬运的两端，不能重复计算搬运量。
3,/device:TPU:0,XLA Ops,maximum_select_fusion.57,loop fusion,fusion,31830.794718,0.59904,f32[4096]{0:T(1024)},"pred[4096]{0:T(1024)(128)(4,1)S(1)}; f32[4096]{0:T(1024)S(1)}",,"op_name=""custom_kernel/custom_kernel/jit(moe)/shard_map/jit(_where)/select_n"" stack_frame_id=2073",/mnt/data/workspace/tpu_benchmark_daily/third_party/torchtpu-vllm/src/vllm_torchtpu/kernels/fused_moe/v2/layer.py:443,"{""broadcast"": 2, ""maximum"": 1, ""select"": 1}",[],151134,runs/layer-ops-20260923/pcp8/hlo/pid-290362/module_9043.tt_jit_layernorm_L62C0_fused_add_rms_norm_add.cl_972931731.after_codegen.txt,MoE 路由/通信计划,条件选择：构造或处理 top-k 权重、专家计数、token 排列、量化 scale、远端地址及搬运计划；本行 dtype/shape 和 fused_ops 给出实际运算。
3,/device:TPU:0,XLA Ops,copy-done.190,copy-done,copy-done,31831.393908,0.003601,"pred[256,256]{1,0:T(8,128)(4,1)S(1)}","(pred[256,256]{1,0:T(8,128)(4,1)S(1)}, pred[256,256]{1,0:T(8,128)(4,1)}, u32[]{:S(2)})",,,,{},[],151135,runs/layer-ops-20260923/pcp8/hlo/pid-290362/module_9043.tt_jit_layernorm_L62C0_fused_add_rms_norm_add.cl_972931731.after_codegen.txt,DMA 搬运,等待对应 DMA 完成；与 copy-start 是同一次搬运的两端，不能重复计算搬运量。
3,/device:TPU:0,XLA Ops,copy-done.1122,copy-done,copy-done,31831.39856,0.0012,"s32[160,256]{1,0:T(8,128)S(1)}","(s32[160,256]{1,0:T(8,128)S(1)}, s32[160,256]{1,0:T(8,128)}, u32[]{:S(2)})",,,,{},[],151136,runs/layer-ops-20260923/pcp8/hlo/pid-290362/module_9043.tt_jit_layernorm_L62C0_fused_add_rms_norm_add.cl_972931731.after_codegen.txt,DMA 搬运,等待对应 DMA 完成；与 copy-start 是同一次搬运的两端，不能重复计算搬运量。
3,/device:TPU:0,XLA Ops,convert_reduce_fusion.353,loop fusion,fusion,31831.400961,12.866747,"s32[160,256]{1,0:T(8,128)S(1)}","s32[160,256]{1,0:T(8,128)S(1)}; pred[256,256]{1,0:T(8,128)(4,1)S(1)}",,"op_name=""custom_kernel/custom_kernel/jit(moe)/shard_map/reduce_sum"" stack_frame_id=1892",/mnt/data/workspace/tpu_benchmark_daily/third_party/torchtpu-vllm/src/vllm_torchtpu/kernels/fused_moe/v2/host.py:630,"{""broadcast"": 3, ""compare"": 1, ""and"": 1, ""convert"": 1, ""reduce"": 1}",[],151137,runs/layer-ops-20260923/pcp8/hlo/pid-290362/module_9043.tt_jit_layernorm_L62C0_fused_add_rms_norm_add.cl_972931731.after_codegen.txt,MoE 路由/通信计划,求和归约：构造或处理 top-k 权重、专家计数、token 排列、量化 scale、远端地址及搬运计划；本行 dtype/shape 和 fused_ops 给出实际运算。
3,/device:TPU:0,XLA Ops,clamp_convert_fusion.191,loop fusion,fusion,31844.276111,12.720288,"f8e4m3fn[4096,1024]{1,0:T(32,128)(4,1)}","f32[4096]{0:T(1024)S(1)}; bf16[4096,2048]{1,0:T(16,128)(2,1)S(1)}",,"op_name=""custom_kernel/custom_kernel/jit(_quantized_matmul_jax)/convert_element_type"" stack_frame_id=1756",/mnt/data/workspace/tpu_benchmark_daily/third_party/torchtpu-vllm/src/vllm_torchtpu/kernels/quantized_matmul/util.py:312,"{""broadcast"": 3, ""slice"": 2, ""logistic"": 1, ""multiply"": 2, ""convert"": 2, ""divide"": 1, ""clamp"": 1, ""copy"": 1}",[],151138,runs/layer-ops-20260923/pcp8/hlo/pid-290362/module_9043.tt_jit_layernorm_L62C0_fused_add_rms_norm_add.cl_972931731.after_codegen.txt,FP8 激活量化,按动态 scale 缩放并截断到 FP8 可表示范围，再转换为 FP8，供后续 MXU GEMM 使用。
3,/device:TPU:0,XLA Ops,copy-done.2479,copy-done,copy-done,31856.996474,0.003601,f32[4096]{0:T(1024)},"(f32[4096]{0:T(1024)}, f32[4096]{0:T(1024)S(1)}, u32[]{:S(2)})",,,,{},[],151139,runs/layer-ops-20260923/pcp8/hlo/pid-290362/module_9043.tt_jit_layernorm_L62C0_fused_add_rms_norm_add.cl_972931731.after_codegen.txt,DMA 搬运,等待对应 DMA 完成；与 copy-start 是同一次搬运的两端，不能重复计算搬运量。
3,/device:TPU:0,XLA Ops,all-gather.307.cloned.1.call-done,async-done,async-done,31857.000075,0.002401,"s32[8,1,45568]{2,1,0:T(1,128)}","((s32[1,1,45568]{2,1,0:T(1,128)}), s32[8,1,45568]{2,1,0:T(1,128)})",,"op_name=""custom_kernel/custom_kernel/jit(moe)/shard_map/all_gather"" stack_frame_id=1873",/mnt/data/workspace/tpu_benchmark_daily/third_party/torchtpu-vllm/src/vllm_torchtpu/kernels/fused_moe/v2/layer.py:465,{},"[{""opcode"": ""all-gather"", ""shape"": ""s32[8,1,45568]{2,1,0:T(1,128)}"", ""replica_groups"": ""{{0,1,2,3,4,5,6,7}}"", ""attrs"": ""channel_id=1, replica_groups={{0,1,2,3,4,5,6,7}}, dimensions={0}, use_global_device_ids=true, metadata={op_name=\""custom_kernel/custom_kernel/jit(moe)/shard_map/all_gather\"" stack_frame_id=1873}""}]",151140,runs/layer-ops-20260923/pcp8/hlo/pid-290362/module_9043.tt_jit_layernorm_L62C0_fused_add_rms_norm_add.cl_972931731.after_codegen.txt,EP dispatch / all-gather,"收集该组 token 激活、router logits 或路由计划，供本地专家处理；实际 replica groups={{0,1,2,3,4,5,6,7}}，输出 s32[8,1,45568]{2,1,0:T(1,128)}。异步边界不能重复计费。"
3,/device:TPU:0,XLA Ops,copy.15321,data formatting,copy,31857.002476,11.908764,"s32[8,1,45568]{0,2,1:T(8,128)S(1)}","s32[8,1,45568]{2,1,0:T(1,128)}",,"op_name=""custom_kernel/custom_kernel/jit(moe)/shard_map/all_gather"" stack_frame_id=1873",/mnt/data/workspace/tpu_benchmark_daily/third_party/torchtpu-vllm/src/vllm_torchtpu/kernels/fused_moe/v2/layer.py:465,{},[],151141,runs/layer-ops-20260923/pcp8/hlo/pid-290362/module_9043.tt_jit_layernorm_L62C0_fused_add_rms_norm_add.cl_972931731.after_codegen.txt,EP 全收集,跨 EP rank 收集 token 激活或路由计划/量化 scale；整数 shape 是计划数据，FP8 shape 是激活。异步 start/done 是同一通信的控制边界。
3,/device:TPU:0,XLA Ops,copy-start.1638,copy-start,copy-start,31868.918443,0.007203,"(s32[160,512]{1,0:T(8,128)S(1)}, s32[160,512]{1,0:T(8,128)}, u32[]{:S(2)})","s32[160,512]{1,0:T(8,128)}",,,,{},[],151142,runs/layer-ops-20260923/pcp8/hlo/pid-290362/module_9043.tt_jit_layernorm_L62C0_fused_add_rms_norm_add.cl_972931731.after_codegen.txt,DMA 搬运,启动 DMA 搬运。
3,/device:TPU:0,XLA Ops,copy-start.1844,copy-start,copy-start,31868.932924,0.007203,"(s32[512,2,128]{0,2,1:T(8,128)S(1)}, s32[512,2,128]{0,2,1:T(8,128)}, u32[]{:S(2)})","s32[512,2,128]{0,2,1:T(8,128)}",,,,{},[],151143,runs/layer-ops-20260923/pcp8/hlo/pid-290362/module_9043.tt_jit_layernorm_L62C0_fused_add_rms_norm_add.cl_972931731.after_codegen.txt,DMA 搬运,启动 DMA 搬运。
3,/device:TPU:0,XLA Ops,slice.10916,slice,slice,31868.94958,7.611044,"s32[8,40960]{0,1:T(8,128)}","s32[8,45568]{0,1:T(8,128)S(1)}",,"op_name=""custom_kernel/custom_kernel/jit(moe)/shard_map/slice"" stack_frame_id=1986",/mnt/data/workspace/tpu_benchmark_daily/third_party/torchtpu-vllm/src/vllm_torchtpu/kernels/fused_moe/v2/layer.py:159,{},[],151145,runs/layer-ops-20260923/pcp8/hlo/pid-290362/module_9043.tt_jit_layernorm_L62C0_fused_add_rms_norm_add.cl_972931731.after_codegen.txt,MoE 路由/通信计划,切片：构造或处理 top-k 权重、专家计数、token 排列、量化 scale、远端地址及搬运计划；本行 dtype/shape 和 fused_ops 给出实际运算。
3,/device:TPU:0,XLA Ops,slice.10920,slice,slice,31876.5607,0.144058,"s32[8,4096]{0,1:T(8,128)S(1)}","s32[8,45568]{0,1:T(8,128)S(1)}",,"op_name=""custom_kernel/custom_kernel/jit(moe)/shard_map/slice"" stack_frame_id=2047",/mnt/data/workspace/tpu_benchmark_daily/third_party/torchtpu-vllm/src/vllm_torchtpu/kernels/fused_moe/v2/layer.py:160,{},[],151147,runs/layer-ops-20260923/pcp8/hlo/pid-290362/module_9043.tt_jit_layernorm_L62C0_fused_add_rms_norm_add.cl_972931731.after_codegen.txt,MoE 路由/通信计划,切片：构造或处理 top-k 权重、专家计数、token 排列、量化 scale、远端地址及搬运计划；本行 dtype/shape 和 fused_ops 给出实际运算。
3,/device:TPU:0,XLA Ops,fusion.2754,loop fusion,fusion,31876.713086,1.432173,"(s32[8]{0:T(128)}, s32[512]{0:T(512)S(1)}, s32[8]{0:T(128)}, s32[8,512]{0,1:T(8,128)}, s32[8,512]{0,1:T(8,128)S(1)}, /*index=5*/s32[512,8]{1,0:T(8,128)S(1)})","s32[8,45568]{0,1:T(8,128)S(1)}",,"op_name=""custom_kernel/custom_kernel/jit(moe)/shard_map/reduce_sum"" stack_frame_id=1955",/mnt/data/workspace/tpu_benchmark_daily/third_party/torchtpu-vllm/src/vllm_torchtpu/kernels/fused_moe/v2/host.py:840,"{""slice"": 1, ""broadcast"": 2, ""add"": 1, ""and"": 1, ""reduce"": 3, ""bitcast"": 1, ""tuple"": 1}",[],151149,runs/layer-ops-20260923/pcp8/hlo/pid-290362/module_9043.tt_jit_layernorm_L62C0_fused_add_rms_norm_add.cl_972931731.after_codegen.txt,MoE 路由/通信计划,求和归约：构造或处理 top-k 权重、专家计数、token 排列、量化 scale、远端地址及搬运计划；本行 dtype/shape 和 fused_ops 给出实际运算。
3,/device:TPU:0,XLA Ops,copy-start.1518,copy-start,copy-start,31878.146459,0.0012,"(s32[8,512]{0,1:T(8,128)}, s32[8,512]{0,1:T(8,128)S(1)}, u32[]{:S(2)})","(s32[8]{0:T(128)}, s32[512]{0:T(512)S(1)}, s32[8]{0:T(128)}, s32[8,512]{0,1:T(8,128)}, s32[8,512]{0,1:T(8,128)S(1)}, /*index=5*/s32[512,8]{1,0:T(8,128)S(1)})",,,,{},[],151150,runs/layer-ops-20260923/pcp8/hlo/pid-290362/module_9043.tt_jit_layernorm_L62C0_fused_add_rms_norm_add.cl_972931731.after_codegen.txt,DMA 搬运,启动 DMA 搬运。
3,/device:TPU:0,XLA Ops,copy-start.2720,copy-start,copy-start,31878.14886,0.0012,"(s32[512]{0:T(512)}, s32[512]{0:T(512)S(1)}, u32[]{:S(2)})","(s32[8]{0:T(128)}, s32[512]{0:T(512)S(1)}, s32[8]{0:T(128)}, s32[8,512]{0,1:T(8,128)}, s32[8,512]{0,1:T(8,128)S(1)}, /*index=5*/s32[512,8]{1,0:T(8,128)S(1)})",,,,{},[],151151,runs/layer-ops-20260923/pcp8/hlo/pid-290362/module_9043.tt_jit_layernorm_L62C0_fused_add_rms_norm_add.cl_972931731.after_codegen.txt,DMA 搬运,启动 DMA 搬运。
3,/device:TPU:0,XLA Ops,copy.15322,data formatting,copy,31878.15021,0.484994,"s32[8,4,128]{2,0,1:T(8,128)S(1)}","s32[8,4,128]{0,2,1:T(8,128)S(1)}",,"op_name=""custom_kernel/custom_kernel"" stack_frame_id=1315",/mnt/data/workspace/tpu_benchmark_daily/.venv/lib64/python3.12/site-packages/torch_tpu/_internal/pallas/pallas.py:112,{},[],151153,runs/layer-ops-20260923/pcp8/hlo/pid-290362/module_9043.tt_jit_layernorm_L62C0_fused_add_rms_norm_add.cl_972931731.after_codegen.txt,数据复制/布局物化,编译器生成的实际数据复制或物理布局变换；比较 operand_shapes 与 shape 可区分 tiling/维度顺序和 memory space 的变化。
3,/device:TPU:0,XLA Ops,reduce-window.1948,reduce-window,reduce-window,31878.635129,1.130852,"s32[8,4,128]{2,0,1:T(8,128)S(1)}","s32[8,4,128]{2,0,1:T(8,128)S(1)}; s32[]{:T(128)}",,"op_name=""custom_kernel/custom_kernel"" stack_frame_id=1315",/mnt/data/workspace/tpu_benchmark_daily/.venv/lib64/python3.12/site-packages/torch_tpu/_internal/pallas/pallas.py:112,"{""add"": 1}",[],151154,runs/layer-ops-20260923/pcp8/hlo/pid-290362/module_9043.tt_jit_layernorm_L62C0_fused_add_rms_norm_add.cl_972931731.after_codegen.txt,MoE 路由/通信计划,整数前缀和/分块偏移处理：用窗口归约、slice 和 add 生成专家或目标 rank 的行起点及传输表；不是浮点模型计算。
3,/device:TPU:0,XLA Ops,copy.15323,data formatting,copy,31879.766132,0.145258,"s32[8,4,128]{0,2,1:T(8,128)S(1)}","s32[8,4,128]{2,0,1:T(8,128)S(1)}",,"op_name=""custom_kernel/custom_kernel"" stack_frame_id=1315",/mnt/data/workspace/tpu_benchmark_daily/.venv/lib64/python3.12/site-packages/torch_tpu/_internal/pallas/pallas.py:112,{},[],151155,runs/layer-ops-20260923/pcp8/hlo/pid-290362/module_9043.tt_jit_layernorm_L62C0_fused_add_rms_norm_add.cl_972931731.after_codegen.txt,数据复制/布局物化,编译器生成的实际数据复制或物理布局变换；比较 operand_shapes 与 shape 可区分 tiling/维度顺序和 memory space 的变化。
3,/device:TPU:0,XLA Ops,slice_reduce_fusion.56,loop fusion,fusion,31879.919568,0.235294,"s32[8,4]{0,1:T(4,128)S(1)}","s32[8,4,128]{2,0,1:T(8,128)S(1)}",,"op_name=""custom_kernel/custom_kernel"" stack_frame_id=1315",/mnt/data/workspace/tpu_benchmark_daily/.venv/lib64/python3.12/site-packages/torch_tpu/_internal/pallas/pallas.py:112,"{""slice"": 1, ""reduce"": 1}",[],151156,runs/layer-ops-20260923/pcp8/hlo/pid-290362/module_9043.tt_jit_layernorm_L62C0_fused_add_rms_norm_add.cl_972931731.after_codegen.txt,MoE 路由/通信计划,整数前缀和/分块偏移处理：用窗口归约、slice 和 add 生成专家或目标 rank 的行起点及传输表；不是浮点模型计算。
3,/device:TPU:0,XLA Ops,reduce-window.1949,reduce-window,reduce-window,31880.16214,0.031212,"s32[8,5]{0,1:T(8,128)S(1)}","s32[8,4]{0,1:T(4,128)S(1)}; s32[]{:T(128)}",,"op_name=""custom_kernel/custom_kernel"" stack_frame_id=1315",/mnt/data/workspace/tpu_benchmark_daily/.venv/lib64/python3.12/site-packages/torch_tpu/_internal/pallas/pallas.py:112,"{""add"": 1}",[],151157,runs/layer-ops-20260923/pcp8/hlo/pid-290362/module_9043.tt_jit_layernorm_L62C0_fused_add_rms_norm_add.cl_972931731.after_codegen.txt,MoE 路由/通信计划,整数前缀和/分块偏移处理：用窗口归约、slice 和 add 生成专家或目标 rank 的行起点及传输表；不是浮点模型计算。
3,/device:TPU:0,XLA Ops,slice.9349,slice,slice,31880.193428,0.004802,"s32[8,4]{0,1:T(4,128)S(1)}","s32[8,5]{0,1:T(8,128)S(1)}",,"op_name=""custom_kernel/custom_kernel"" stack_frame_id=1315",/mnt/data/workspace/tpu_benchmark_daily/.venv/lib64/python3.12/site-packages/torch_tpu/_internal/pallas/pallas.py:112,{},[],151158,runs/layer-ops-20260923/pcp8/hlo/pid-290362/module_9043.tt_jit_layernorm_L62C0_fused_add_rms_norm_add.cl_972931731.after_codegen.txt,MoE 路由/通信计划,整数前缀和/分块偏移处理：用窗口归约、slice 和 add 生成专家或目标 rank 的行起点及传输表；不是浮点模型计算。
3,/device:TPU:0,XLA Ops,broadcast.98264,broadcast,broadcast,31880.19928,0.006002,"s32[8,4,2]{0,2,1:T(2,128)S(1)}","s32[8,4]{0,1:T(4,128)S(1)}",,"op_name=""custom_kernel/custom_kernel"" stack_frame_id=1315",/mnt/data/workspace/tpu_benchmark_daily/.venv/lib64/python3.12/site-packages/torch_tpu/_internal/pallas/pallas.py:112,{},[],151159,runs/layer-ops-20260923/pcp8/hlo/pid-290362/module_9043.tt_jit_layernorm_L62C0_fused_add_rms_norm_add.cl_972931731.after_codegen.txt,MoE 路由/通信计划,整数前缀和/分块偏移处理：用窗口归约、slice 和 add 生成专家或目标 rank 的行起点及传输表；不是浮点模型计算。
3,/device:TPU:0,XLA Ops,add_subtract_fusion.56,loop fusion,fusion,31880.205433,0.061224,"s32[8,8,64]{0,2,1:T(8,128)S(1)}","s32[8,8,64]{0,2,1:T(8,128)S(1)}; s32[8,8,64]{0,2,1:T(8,128)S(1)}; s32[8,8]{0,1:T(8,128)S(1)}",,"op_name=""custom_kernel/custom_kernel/jit(moe)/shard_map/sub"" stack_frame_id=1881",/mnt/data/workspace/tpu_benchmark_daily/third_party/torchtpu-vllm/src/vllm_torchtpu/kernels/fused_moe/v2/host.py:838,"{""broadcast"": 1, ""add"": 1, ""subtract"": 1}",[],151163,runs/layer-ops-20260923/pcp8/hlo/pid-290362/module_9043.tt_jit_layernorm_L62C0_fused_add_rms_norm_add.cl_972931731.after_codegen.txt,MoE 路由/通信计划,减法：构造或处理 top-k 权重、专家计数、token 排列、量化 scale、远端地址及搬运计划；本行 dtype/shape 和 fused_ops 给出实际运算。
3,/device:TPU:0,XLA Ops,copy-start.1875,copy-start,copy-start,31880.274985,0.008403,"(s32[8,8,64]{0,2,1:T(8,128)}, s32[8,8,64]{0,2,1:T(8,128)S(1)}, u32[]{:S(2)})","s32[8,8,64]{0,2,1:T(8,128)S(1)}",,,,{},[],151164,runs/layer-ops-20260923/pcp8/hlo/pid-290362/module_9043.tt_jit_layernorm_L62C0_fused_add_rms_norm_add.cl_972931731.after_codegen.txt,DMA 搬运,启动 DMA 搬运。
3,/device:TPU:0,XLA Ops,dynamic-slice_reduce_fusion.56,loop fusion,fusion,31880.291717,0.348139,"s32[8,64]{1,0:T(8,128)S(1)}","s32[8,8,64]{0,2,1:T(8,128)S(1)}; s32[]{:T(128)S(6)}",,"op_name=""custom_kernel/custom_kernel/jit(moe)/shard_map/dynamic_slice"" stack_frame_id=1883",/mnt/data/workspace/tpu_benchmark_daily/third_party/torchtpu-vllm/src/vllm_torchtpu/kernels/fused_moe/v2/host.py:845,"{""dynamic-slice"": 1, ""reduce"": 1}",[],151165,runs/layer-ops-20260923/pcp8/hlo/pid-290362/module_9043.tt_jit_layernorm_L62C0_fused_add_rms_norm_add.cl_972931731.after_codegen.txt,MoE 路由/通信计划,动态切片：构造或处理 top-k 权重、专家计数、token 排列、量化 scale、远端地址及搬运计划；本行 dtype/shape 和 fused_ops 给出实际运算。
3,/device:TPU:0,XLA Ops,broadcast_in_dim_reshape.379,data formatting,reshape,31880.647134,0.07563,s32[512]{0:T(512)S(1)},"s32[8,64]{1,0:T(8,128)S(1)}",,"op_name=""custom_kernel/custom_kernel/jit(moe)/shard_map/add;jit(moe)/shard_map/broadcast_in_dim;reshape"" stack_frame_id=1315",/mnt/data/workspace/tpu_benchmark_daily/.venv/lib64/python3.12/site-packages/torch_tpu/_internal/pallas/pallas.py:112,{},[],151166,runs/layer-ops-20260923/pcp8/hlo/pid-290362/module_9043.tt_jit_layernorm_L62C0_fused_add_rms_norm_add.cl_972931731.after_codegen.txt,数据复制/布局物化,编译器生成的实际数据复制或物理布局变换；比较 operand_shapes 与 shape 可区分 tiling/维度顺序和 memory space 的变化。
3,/device:TPU:0,XLA Ops,reduce-window.1950,reduce-window,reduce-window,31880.722764,0.654262,"s32[512,8]{1,0:T(8,128)S(1)}","(s32[8]{0:T(128)}, s32[512]{0:T(512)S(1)}, s32[8]{0:T(128)}, s32[8,512]{0,1:T(8,128)}, s32[8,512]{0,1:T(8,128)S(1)}, /*index=5*/s32[512,8]{1,0:T(8,128)S(1)}); s32[]{:T(128)}",,"op_name=""custom_kernel/custom_kernel/jit(moe)/shard_map/jit(cumsum)/call.3/reduce_window_sum"" stack_frame_id=1895",/mnt/data/workspace/tpu_benchmark_daily/third_party/torchtpu-vllm/src/vllm_torchtpu/kernels/fused_moe/v2/host.py:829,"{""add"": 1}",[],151167,runs/layer-ops-20260923/pcp8/hlo/pid-290362/module_9043.tt_jit_layernorm_L62C0_fused_add_rms_norm_add.cl_972931731.after_codegen.txt,MoE 路由/通信计划,整数前缀和/分块偏移处理：用窗口归约、slice 和 add 生成专家或目标 rank 的行起点及传输表；不是浮点模型计算。
3,/device:TPU:0,XLA Ops,fusion.3209,loop fusion,fusion,31881.385354,1.429772,"(s32[8]{0:T(128)}, s32[512,8]{1,0:T(8,128)}, s32[512,8]{1,0:T(8,128)S(1)})","s32[512,8]{1,0:T(8,128)S(1)}; s32[8,45568]{0,1:T(8,128)S(1)}",,"op_name=""custom_kernel/custom_kernel/jit(moe)/shard_map/reduce_sum"" stack_frame_id=1977",/mnt/data/workspace/tpu_benchmark_daily/third_party/torchtpu-vllm/src/vllm_torchtpu/kernels/fused_moe/v2/host.py:1144,"{""slice"": 1, ""broadcast"": 6, ""add"": 4, ""and"": 1, ""bitcast"": 1, ""compare"": 1, ""subtract"": 2, ""maximum"": 1, ""shift-right-arithmetic"": 2, ""select"": 1, ""reduce"": 1, ""tuple"": 1}",[],151169,runs/layer-ops-20260923/pcp8/hlo/pid-290362/module_9043.tt_jit_layernorm_L62C0_fused_add_rms_norm_add.cl_972931731.after_codegen.txt,MoE 路由/通信计划,求和归约：构造或处理 top-k 权重、专家计数、token 排列、量化 scale、远端地址及搬运计划；本行 dtype/shape 和 fused_ops 给出实际运算。
3,/device:TPU:0,XLA Ops,and_reduce_fusion.60,loop fusion,fusion,31882.815201,1.056423,s32[512]{0:T(512)S(1)},"(s32[8]{0:T(128)}, s32[512,8]{1,0:T(8,128)}, s32[512,8]{1,0:T(8,128)S(1)}); s32[]{:T(128)S(6)}",,"op_name=""custom_kernel/custom_kernel/jit(moe)/shard_map/and"" stack_frame_id=2059",/mnt/data/workspace/tpu_benchmark_daily/third_party/torchtpu-vllm/src/vllm_torchtpu/kernels/fused_moe/v2/host.py:864,"{""dynamic-slice"": 1, ""broadcast"": 1, ""and"": 1, ""reduce"": 1}",[],151170,runs/layer-ops-20260923/pcp8/hlo/pid-290362/module_9043.tt_jit_layernorm_L62C0_fused_add_rms_norm_add.cl_972931731.after_codegen.txt,MoE 路由/通信计划,逻辑与：构造或处理 top-k 权重、专家计数、token 排列、量化 scale、远端地址及搬运计划；本行 dtype/shape 和 fused_ops 给出实际运算。
3,/device:TPU:0,XLA Ops,multiply_add_fusion.299,loop fusion,fusion,31883.878827,0.007203,s32[512]{0:T(512)S(1)},s32[512]{0:T(512)S(1)}; s32[512]{0:T(512)S(1)},,"op_name=""custom_kernel/custom_kernel/jit(moe)/shard_map/add"" stack_frame_id=2057",/mnt/data/workspace/tpu_benchmark_daily/third_party/torchtpu-vllm/src/vllm_torchtpu/kernels/fused_moe/v2/host.py:862,"{""broadcast"": 3, ""shift-right-arithmetic"": 1, ""iota"": 1, ""multiply"": 2, ""add"": 2}",[],151171,runs/layer-ops-20260923/pcp8/hlo/pid-290362/module_9043.tt_jit_layernorm_L62C0_fused_add_rms_norm_add.cl_972931731.after_codegen.txt,MoE 路由/通信计划,加法：构造或处理 top-k 权重、专家计数、token 排列、量化 scale、远端地址及搬运计划；本行 dtype/shape 和 fused_ops 给出实际运算。
3,/device:TPU:0,XLA Ops,copy-done.1875,copy-done,copy-done,31883.892032,0.003601,"s32[8,8,64]{0,2,1:T(8,128)}","(s32[8,8,64]{0,2,1:T(8,128)}, s32[8,8,64]{0,2,1:T(8,128)S(1)}, u32[]{:S(2)})",,,,{},[],151172,runs/layer-ops-20260923/pcp8/hlo/pid-290362/module_9043.tt_jit_layernorm_L62C0_fused_add_rms_norm_add.cl_972931731.after_codegen.txt,DMA 搬运,等待对应 DMA 完成；与 copy-start 是同一次搬运的两端，不能重复计算搬运量。
3,/device:TPU:0,XLA Ops,copy-done.1638,copy-done,copy-done,31883.902761,0.002401,"s32[160,512]{1,0:T(8,128)S(1)}","(s32[160,512]{1,0:T(8,128)S(1)}, s32[160,512]{1,0:T(8,128)}, u32[]{:S(2)})",,,,{},[],151173,runs/layer-ops-20260923/pcp8/hlo/pid-290362/module_9043.tt_jit_layernorm_L62C0_fused_add_rms_norm_add.cl_972931731.after_codegen.txt,DMA 搬运,等待对应 DMA 完成；与 copy-start 是同一次搬运的两端，不能重复计算搬运量。
3,/device:TPU:0,XLA Ops,copy-done.1844,copy-done,copy-done,31883.912365,0.002401,"s32[512,2,128]{0,2,1:T(8,128)S(1)}","(s32[512,2,128]{0,2,1:T(8,128)S(1)}, s32[512,2,128]{0,2,1:T(8,128)}, u32[]{:S(2)})",,,,{},[],151174,runs/layer-ops-20260923/pcp8/hlo/pid-290362/module_9043.tt_jit_layernorm_L62C0_fused_add_rms_norm_add.cl_972931731.after_codegen.txt,DMA 搬运,等待对应 DMA 完成；与 copy-start 是同一次搬运的两端，不能重复计算搬运量。
3,/device:TPU:0,XLA Ops,broadcast_add_fusion.293,loop fusion,fusion,31883.922044,0.110444,"(s32[160,512]{1,0:T(8,128)S(1)}, s32[160,512]{1,0:T(8,128)S(1)})","s32[512]{0:T(512)S(1)}; s32[160,512]{1,0:T(8,128)S(1)}; s32[256,512]{1,0:T(8,128)S(1)}; s32[512]{0:T(512)S(1)}",,"op_name=""custom_kernel/custom_kernel/jit(moe)/shard_map/add"" stack_frame_id=1884",/mnt/data/workspace/tpu_benchmark_daily/third_party/torchtpu-vllm/src/vllm_torchtpu/kernels/fused_moe/v2/host.py:847,"{""slice"": 1, ""subtract"": 1, ""broadcast"": 2, ""add"": 2, ""tuple"": 1}",[],151176,runs/layer-ops-20260923/pcp8/hlo/pid-290362/module_9043.tt_jit_layernorm_L62C0_fused_add_rms_norm_add.cl_972931731.after_codegen.txt,MoE 路由/通信计划,加法：构造或处理 top-k 权重、专家计数、token 排列、量化 scale、远端地址及搬运计划；本行 dtype/shape 和 fused_ops 给出实际运算。
3,/device:TPU:0,XLA Ops,select_reduce_fusion.112,loop fusion,fusion,31884.039916,32.415366,"(s32[160,256]{1,0:T(8,128)S(1)}, s32[160,256]{1,0:T(8,128)S(1)})","(s32[160,512]{1,0:T(8,128)S(1)}, s32[160,512]{1,0:T(8,128)S(1)}); s32[160,256]{1,0:T(8,128)S(1)}; (s32[160,512]{1,0:T(8,128)S(1)}, s32[160,512]{1,0:T(8,128)S(1)})",,"op_name=""custom_kernel/custom_kernel/jit(moe)/shard_map/reduce_sum"" stack_frame_id=2063",/mnt/data/workspace/tpu_benchmark_daily/third_party/torchtpu-vllm/src/vllm_torchtpu/kernels/fused_moe/v2/host.py:440,"{""broadcast"": 4, ""iota"": 1, ""compare"": 1, ""select"": 2, ""reduce"": 2, ""tuple"": 1}",[],151177,runs/layer-ops-20260923/pcp8/hlo/pid-290362/module_9043.tt_jit_layernorm_L62C0_fused_add_rms_norm_add.cl_972931731.after_codegen.txt,MoE 路由/通信计划,求和归约：构造或处理 top-k 权重、专家计数、token 排列、量化 scale、远端地址及搬运计划；本行 dtype/shape 和 fused_ops 给出实际运算。
3,/device:TPU:0,XLA Ops,broadcast_and_fusion.56,loop fusion,fusion,31916.464586,0.240096,"(s32[160,256]{1,0:T(8,128)S(1)}, s32[160,256]{1,0:T(8,128)S(1)}, s32[20,2,8,128]{3,2,1,0:T(8,128)S(1)})","(s32[160,256]{1,0:T(8,128)S(1)}, s32[160,256]{1,0:T(8,128)S(1)}); s32[160,256]{1,0:T(8,128)S(1)}; (s32[160,256]{1,0:T(8,128)S(1)}, s32[160,256]{1,0:T(8,128)S(1)})",,"op_name=""custom_kernel/custom_kernel/jit(moe)/shard_map/and"" stack_frame_id=2067",/mnt/data/workspace/tpu_benchmark_daily/third_party/torchtpu-vllm/src/vllm_torchtpu/kernels/fused_moe/v2/layer.py:94,"{""add"": 2, ""broadcast"": 4, ""minimum"": 2, ""and"": 1, ""shift-right-arithmetic"": 1, ""bitcast"": 1, ""tuple"": 1}",[],151178,runs/layer-ops-20260923/pcp8/hlo/pid-290362/module_9043.tt_jit_layernorm_L62C0_fused_add_rms_norm_add.cl_972931731.after_codegen.txt,MoE 路由/通信计划,逻辑与：构造或处理 top-k 权重、专家计数、token 排列、量化 scale、远端地址及搬运计划；本行 dtype/shape 和 fused_ops 给出实际运算。
3,/device:TPU:0,XLA Ops,copy-done.1518,copy-done,copy-done,31916.713086,0.003601,"s32[8,512]{0,1:T(8,128)}","(s32[8,512]{0,1:T(8,128)}, s32[8,512]{0,1:T(8,128)S(1)}, u32[]{:S(2)})",,,,{},[],151179,runs/layer-ops-20260923/pcp8/hlo/pid-290362/module_9043.tt_jit_layernorm_L62C0_fused_add_rms_norm_add.cl_972931731.after_codegen.txt,DMA 搬运,等待对应 DMA 完成；与 copy-start 是同一次搬运的两端，不能重复计算搬运量。
3,/device:TPU:0,XLA Ops,reshape.23111,data formatting,reshape,31916.723965,2.458583,"s32[4096,10,1]{1,0,2:T(8,128)S(1)}","(s32[160,256]{1,0:T(8,128)S(1)}, s32[160,256]{1,0:T(8,128)S(1)}, s32[20,2,8,128]{3,2,1,0:T(8,128)S(1)})",,"op_name=""custom_kernel/custom_kernel/jit(moe)/shard_map/shift_right_arithmetic"" stack_frame_id=2065",/mnt/data/workspace/tpu_benchmark_daily/third_party/torchtpu-vllm/src/vllm_torchtpu/kernels/fused_moe/v2/layer.py:93,{},[],151180,runs/layer-ops-20260923/pcp8/hlo/pid-290362/module_9043.tt_jit_layernorm_L62C0_fused_add_rms_norm_add.cl_972931731.after_codegen.txt,数据复制/布局物化,编译器生成的实际数据复制或物理布局变换；比较 operand_shapes 与 shape 可区分 tiling/维度顺序和 memory space 的变化。
3,/device:TPU:0,XLA Ops,reshape.23112,data formatting,reshape,31919.189901,2.451381,"s32[4096,10,1]{1,0,2:T(8,128)S(1)}","(s32[160,256]{1,0:T(8,128)S(1)}, s32[160,256]{1,0:T(8,128)S(1)}, s32[20,2,8,128]{3,2,1,0:T(8,128)S(1)})",,"op_name=""custom_kernel/custom_kernel/jit(moe)/shard_map/and"" stack_frame_id=2067",/mnt/data/workspace/tpu_benchmark_daily/third_party/torchtpu-vllm/src/vllm_torchtpu/kernels/fused_moe/v2/layer.py:94,{},[],151181,runs/layer-ops-20260923/pcp8/hlo/pid-290362/module_9043.tt_jit_layernorm_L62C0_fused_add_rms_norm_add.cl_972931731.after_codegen.txt,数据复制/布局物化,编译器生成的实际数据复制或物理布局变换；比较 operand_shapes 与 shape 可区分 tiling/维度顺序和 memory space 的变化。
3,/device:TPU:0,XLA Ops,copy-start.999,copy-start,copy-start,31921.650661,0.006002,"(s32[64]{0:T(128)S(1)}, s32[64]{0:T(128)}, u32[]{:S(2)})",s32[64]{0:T(128)},,,,{},[],151182,runs/layer-ops-20260923/pcp8/hlo/pid-290362/module_9043.tt_jit_layernorm_L62C0_fused_add_rms_norm_add.cl_972931731.after_codegen.txt,DMA 搬运,启动 DMA 搬运。
3,/device:TPU:0,XLA Ops,fusion.865,loop fusion,fusion,31921.665066,1.121248,"s32[4096,10,1]{1,0,2:T(8,128)S(1)}","s32[4096,10,1]{1,0,2:T(8,128)S(1)}; s32[4096,10,1]{1,0,2:T(8,128)S(1)}",,"op_name=""custom_kernel/custom_kernel/jit(moe)/shard_map/concatenate"" stack_frame_id=2066",/mnt/data/workspace/tpu_benchmark_daily/third_party/torchtpu-vllm/src/vllm_torchtpu/kernels/fused_moe/v2/layer.py:93,"{""broadcast"": 6, ""compare"": 2, ""add"": 2, ""select"": 2, ""clamp"": 2, ""shift-left"": 2, ""or"": 1}",[],151183,runs/layer-ops-20260923/pcp8/hlo/pid-290362/module_9043.tt_jit_layernorm_L62C0_fused_add_rms_norm_add.cl_972931731.after_codegen.txt,MoE 路由/通信计划,拼接：构造或处理 top-k 权重、专家计数、token 排列、量化 scale、远端地址及搬运计划；本行 dtype/shape 和 fused_ops 给出实际运算。
3,/device:TPU:0,XLA Ops,reshape.27180,data formatting,reshape,31922.793668,2.438175,s32[40960]{0:T(1024)},"s32[4096,10,1]{1,0,2:T(8,128)S(1)}",,"op_name=""custom_kernel/custom_kernel/jit(moe)/shard_map/concatenate"" stack_frame_id=2066",/mnt/data/workspace/tpu_benchmark_daily/third_party/torchtpu-vllm/src/vllm_torchtpu/kernels/fused_moe/v2/layer.py:93,{},[],151184,runs/layer-ops-20260923/pcp8/hlo/pid-290362/module_9043.tt_jit_layernorm_L62C0_fused_add_rms_norm_add.cl_972931731.after_codegen.txt,数据复制/布局物化,编译器生成的实际数据复制或物理布局变换；比较 operand_shapes 与 shape 可区分 tiling/维度顺序和 memory space 的变化。
3,/device:TPU:0,XLA Ops,copy-start.819,copy-start,copy-start,31925.232894,0.0012,"(s32[512]{0:T(512)S(1)}, s32[512]{0:T(512)}, u32[]{:S(2)})",s32[512]{0:T(512)},,,,{},[],151185,runs/layer-ops-20260923/pcp8/hlo/pid-290362/module_9043.tt_jit_layernorm_L62C0_fused_add_rms_norm_add.cl_972931731.after_codegen.txt,DMA 搬运,启动 DMA 搬运。
3,/device:TPU:0,XLA Ops,copy-start.1182,copy-start,copy-start,31925.235294,0.0012,"(pred[8,8]{1,0:T(8,128)(4,1)S(1)}, pred[8,8]{1,0:T(8,128)(4,1)}, u32[]{:S(2)})","pred[8,8]{1,0:T(8,128)(4,1)}",,,,{},[],151186,runs/layer-ops-20260923/pcp8/hlo/pid-290362/module_9043.tt_jit_layernorm_L62C0_fused_add_rms_norm_add.cl_972931731.after_codegen.txt,DMA 搬运,启动 DMA 搬运。
3,/device:TPU:0,XLA Ops,copy.15327,data formatting,copy,31925.23657,15.158463,"s32[8,40960]{1,0:T(8,128)S(1)}","s32[8,40960]{0,1:T(8,128)}",,"op_name=""custom_kernel/custom_kernel/jit(moe)/shard_map/slice"" stack_frame_id=1986",/mnt/data/workspace/tpu_benchmark_daily/third_party/torchtpu-vllm/src/vllm_torchtpu/kernels/fused_moe/v2/layer.py:159,{},[],151187,runs/layer-ops-20260923/pcp8/hlo/pid-290362/module_9043.tt_jit_layernorm_L62C0_fused_add_rms_norm_add.cl_972931731.after_codegen.txt,数据复制/布局物化,编译器生成的实际数据复制或物理布局变换；比较 operand_shapes 与 shape 可区分 tiling/维度顺序和 memory space 的变化。
3,/device:TPU:0,XLA Ops,copy-start.250,copy-start,copy-start,31940.402386,0.007203,"(pred[8,32,32]{2,1,0:T(8,128)(4,1)S(1)}, pred[8,32,32]{2,1,0:T(8,128)(4,1)}, u32[]{:S(2)})","pred[8,32,32]{2,1,0:T(8,128)(4,1)}",,,,{},[],151188,runs/layer-ops-20260923/pcp8/hlo/pid-290362/module_9043.tt_jit_layernorm_L62C0_fused_add_rms_norm_add.cl_972931731.after_codegen.txt,DMA 搬运,启动 DMA 搬运。
3,/device:TPU:0,XLA Ops,reshape.23099,data formatting,reshape,31940.417767,1.7491,"s32[1280,8,32]{2,1,0:T(8,128)S(1)}","s32[8,40960]{1,0:T(8,128)S(1)}",,"op_name=""custom_kernel/custom_kernel/jit(moe)/shard_map/eq"" stack_frame_id=1992",/mnt/data/workspace/tpu_benchmark_daily/third_party/torchtpu-vllm/src/vllm_torchtpu/kernels/fused_moe/v2/host.py:742,{},[],151189,runs/layer-ops-20260923/pcp8/hlo/pid-290362/module_9043.tt_jit_layernorm_L62C0_fused_add_rms_norm_add.cl_972931731.after_codegen.txt,数据复制/布局物化,编译器生成的实际数据复制或物理布局变换；比较 operand_shapes 与 shape 可区分 tiling/维度顺序和 memory space 的变化。
3,/device:TPU:0,XLA Ops,copy.15328,data formatting,copy,31942.17422,2.367347,"s32[1280,8,32]{0,2,1:T(8,128)S(1)}","s32[1280,8,32]{2,1,0:T(8,128)S(1)}",,"op_name=""custom_kernel/custom_kernel/jit(moe)/shard_map/eq"" stack_frame_id=1992",/mnt/data/workspace/tpu_benchmark_daily/third_party/torchtpu-vllm/src/vllm_torchtpu/kernels/fused_moe/v2/host.py:742,{},[],151190,runs/layer-ops-20260923/pcp8/hlo/pid-290362/module_9043.tt_jit_layernorm_L62C0_fused_add_rms_norm_add.cl_972931731.after_codegen.txt,数据复制/布局物化,编译器生成的实际数据复制或物理布局变换；比较 operand_shapes 与 shape 可区分 tiling/维度顺序和 memory space 的变化。
3,/device:TPU:0,XLA Ops,copy-done.999,copy-done,copy-done,31944.54877,0.002401,s32[64]{0:T(128)S(1)},"(s32[64]{0:T(128)S(1)}, s32[64]{0:T(128)}, u32[]{:S(2)})",,,,{},[],151191,runs/layer-ops-20260923/pcp8/hlo/pid-290362/module_9043.tt_jit_layernorm_L62C0_fused_add_rms_norm_add.cl_972931731.after_codegen.txt,DMA 搬运,等待对应 DMA 完成；与 copy-start 是同一次搬运的两端，不能重复计算搬运量。
3,/device:TPU:0,XLA Ops,convert_reduce_fusion.225,loop fusion,fusion,31944.559424,14.80072,"(s32[1280,64]{0,1:T(8,128)S(1)}, s32[1280,8,64]{0,2,1:T(8,128)S(1)})","s32[1280,8,32]{0,2,1:T(8,128)S(1)}; s32[64]{0:T(128)S(1)}",,"op_name=""custom_kernel/custom_kernel/jit(moe)/shard_map/reduce_sum"" stack_frame_id=1998",/mnt/data/workspace/tpu_benchmark_daily/third_party/torchtpu-vllm/src/vllm_torchtpu/kernels/fused_moe/v2/host.py:709,"{""broadcast"": 2, ""compare"": 1, ""convert"": 1, ""reduce"": 2, ""tuple"": 1}",[],151192,runs/layer-ops-20260923/pcp8/hlo/pid-290362/module_9043.tt_jit_layernorm_L62C0_fused_add_rms_norm_add.cl_972931731.after_codegen.txt,MoE 路由/通信计划,求和归约：构造或处理 top-k 权重、专家计数、token 排列、量化 scale、远端地址及搬运计划；本行 dtype/shape 和 fused_ops 给出实际运算。
3,/device:TPU:0,XLA Ops,reshape.23100,data formatting,reshape,31959.368548,0.32533,"s32[8,160,64]{1,0,2:T(8,128)S(1)}","(s32[1280,64]{0,1:T(8,128)S(1)}, s32[1280,8,64]{0,2,1:T(8,128)S(1)})",,"op_name=""custom_kernel/custom_kernel/jit(moe)/shard_map/reshape"" stack_frame_id=1999",/mnt/data/workspace/tpu_benchmark_daily/third_party/torchtpu-vllm/src/vllm_torchtpu/kernels/fused_moe/v2/host.py:873,{},[],151193,runs/layer-ops-20260923/pcp8/hlo/pid-290362/module_9043.tt_jit_layernorm_L62C0_fused_add_rms_norm_add.cl_972931731.after_codegen.txt,数据复制/布局物化,编译器生成的实际数据复制或物理布局变换；比较 operand_shapes 与 shape 可区分 tiling/维度顺序和 memory space 的变化。
3,/device:TPU:0,XLA Ops,pad.1519,pad,pad,31959.702281,0.068427,"s32[8,64,256]{2,0,1:T(8,128)S(1)}","s32[8,64,160]{2,0,1:T(8,128)S(1)}; s32[]{:T(128)}",,"op_name=""custom_kernel/custom_kernel"" stack_frame_id=1315",/mnt/data/workspace/tpu_benchmark_daily/.venv/lib64/python3.12/site-packages/torch_tpu/_internal/pallas/pallas.py:112,{},[],151195,runs/layer-ops-20260923/pcp8/hlo/pid-290362/module_9043.tt_jit_layernorm_L62C0_fused_add_rms_norm_add.cl_972931731.after_codegen.txt,MoE 路由/通信计划,整数前缀和/分块偏移处理：用窗口归约、slice 和 add 生成专家或目标 rank 的行起点及传输表；不是浮点模型计算。
3,/device:TPU:0,XLA Ops,reshape.29715,data formatting,reshape,31959.778212,0.302521,"s32[8,64,2,128]{3,2,0,1:T(2,128)S(1)}","s32[8,64,256]{2,0,1:T(8,128)S(1)}",,"op_name=""custom_kernel/custom_kernel"" stack_frame_id=1315",/mnt/data/workspace/tpu_benchmark_daily/.venv/lib64/python3.12/site-packages/torch_tpu/_internal/pallas/pallas.py:112,{},[],151196,runs/layer-ops-20260923/pcp8/hlo/pid-290362/module_9043.tt_jit_layernorm_L62C0_fused_add_rms_norm_add.cl_972931731.after_codegen.txt,数据复制/布局物化,编译器生成的实际数据复制或物理布局变换；比较 operand_shapes 与 shape 可区分 tiling/维度顺序和 memory space 的变化。
3,/device:TPU:0,XLA Ops,copy.15330,data formatting,copy,31960.088836,0.20048,"s32[8,64,2,128]{3,1,2,0:T(8,128)S(1)}","s32[8,64,2,128]{3,2,0,1:T(2,128)S(1)}",,"op_name=""custom_kernel/custom_kernel"" stack_frame_id=1315",/mnt/data/workspace/tpu_benchmark_daily/.venv/lib64/python3.12/site-packages/torch_tpu/_internal/pallas/pallas.py:112,{},[],151197,runs/layer-ops-20260923/pcp8/hlo/pid-290362/module_9043.tt_jit_layernorm_L62C0_fused_add_rms_norm_add.cl_972931731.after_codegen.txt,数据复制/布局物化,编译器生成的实际数据复制或物理布局变换；比较 operand_shapes 与 shape 可区分 tiling/维度顺序和 memory space 的变化。
3,/device:TPU:0,XLA Ops,reduce-window.1954,reduce-window,reduce-window,31960.297719,4.776711,"s32[8,64,2,128]{3,1,2,0:T(8,128)S(1)}","s32[8,64,2,128]{3,1,2,0:T(8,128)S(1)}; s32[]{:T(128)}",,"op_name=""custom_kernel/custom_kernel"" stack_frame_id=1315",/mnt/data/workspace/tpu_benchmark_daily/.venv/lib64/python3.12/site-packages/torch_tpu/_internal/pallas/pallas.py:112,"{""add"": 1}",[],151198,runs/layer-ops-20260923/pcp8/hlo/pid-290362/module_9043.tt_jit_layernorm_L62C0_fused_add_rms_norm_add.cl_972931731.after_codegen.txt,MoE 路由/通信计划,整数前缀和/分块偏移处理：用窗口归约、slice 和 add 生成专家或目标 rank 的行起点及传输表；不是浮点模型计算。
3,/device:TPU:0,XLA Ops,slice.10917,slice,slice,31965.075631,0.218487,"s32[8,64,2,1]{3,1,2,0:T(8,128)S(1)}","s32[8,64,2,128]{3,1,2,0:T(8,128)S(1)}",,"op_name=""custom_kernel/custom_kernel"" stack_frame_id=1315",/mnt/data/workspace/tpu_benchmark_daily/.venv/lib64/python3.12/site-packages/torch_tpu/_internal/pallas/pallas.py:112,{},[],151199,runs/layer-ops-20260923/pcp8/hlo/pid-290362/module_9043.tt_jit_layernorm_L62C0_fused_add_rms_norm_add.cl_972931731.after_codegen.txt,MoE 路由/通信计划,整数前缀和/分块偏移处理：用窗口归约、slice 和 add 生成专家或目标 rank 的行起点及传输表；不是浮点模型计算。
3,/device:TPU:0,XLA Ops,copy.15331,data formatting,copy,31965.302521,0.236495,"s32[8,64,2,1]{1,0,3,2:T(8,128)S(1)}","s32[8,64,2,1]{3,1,2,0:T(8,128)S(1)}",,"op_name=""custom_kernel/custom_kernel"" stack_frame_id=1315",/mnt/data/workspace/tpu_benchmark_daily/.venv/lib64/python3.12/site-packages/torch_tpu/_internal/pallas/pallas.py:112,{},[],151200,runs/layer-ops-20260923/pcp8/hlo/pid-290362/module_9043.tt_jit_layernorm_L62C0_fused_add_rms_norm_add.cl_972931731.after_codegen.txt,数据复制/布局物化,编译器生成的实际数据复制或物理布局变换；比较 operand_shapes 与 shape 可区分 tiling/维度顺序和 memory space 的变化。
3,/device:TPU:0,XLA Ops,fusion.2395,output fusion,fusion,31965.539091,0.052821,"s32[8,64,3]{1,0,2:T(8,128)S(1)}","s32[8,64,2,1]{1,0,3,2:T(8,128)S(1)}",,"op_name=""custom_kernel/custom_kernel"" stack_frame_id=1315",/mnt/data/workspace/tpu_benchmark_daily/.venv/lib64/python3.12/site-packages/torch_tpu/_internal/pallas/pallas.py:112,"{""fusion"": 1, ""reduce-window"": 1}",[],151201,runs/layer-ops-20260923/pcp8/hlo/pid-290362/module_9043.tt_jit_layernorm_L62C0_fused_add_rms_norm_add.cl_972931731.after_codegen.txt,MoE 路由/通信计划,整数前缀和/分块偏移处理：用窗口归约、slice 和 add 生成专家或目标 rank 的行起点及传输表；不是浮点模型计算。
3,/device:TPU:0,XLA Ops,slice.10918,slice,slice,31965.600391,0.002401,"s32[8,64,2]{1,0,2:T(8,128)S(1)}","s32[8,64,3]{1,0,2:T(8,128)S(1)}",,"op_name=""custom_kernel/custom_kernel"" stack_frame_id=1315",/mnt/data/workspace/tpu_benchmark_daily/.venv/lib64/python3.12/site-packages/torch_tpu/_internal/pallas/pallas.py:112,{},[],151202,runs/layer-ops-20260923/pcp8/hlo/pid-290362/module_9043.tt_jit_layernorm_L62C0_fused_add_rms_norm_add.cl_972931731.after_codegen.txt,MoE 路由/通信计划,整数前缀和/分块偏移处理：用窗口归约、slice 和 add 生成专家或目标 rank 的行起点及传输表；不是浮点模型计算。
3,/device:TPU:0,XLA Ops,copy.15332,data formatting,copy,31965.612245,0.004802,"s32[8,64,2]{1,2,0:T(2,128)S(1)}","s32[8,64,2]{1,0,2:T(8,128)S(1)}",,"op_name=""custom_kernel/custom_kernel"" stack_frame_id=1315",/mnt/data/workspace/tpu_benchmark_daily/.venv/lib64/python3.12/site-packages/torch_tpu/_internal/pallas/pallas.py:112,{},[],151203,runs/layer-ops-20260923/pcp8/hlo/pid-290362/module_9043.tt_jit_layernorm_L62C0_fused_add_rms_norm_add.cl_972931731.after_codegen.txt,数据复制/布局物化,编译器生成的实际数据复制或物理布局变换；比较 operand_shapes 与 shape 可区分 tiling/维度顺序和 memory space 的变化。
3,/device:TPU:0,XLA Ops,broadcast_add_fusion.172,loop fusion,fusion,31965.62455,0.228091,"s32[8,64,2,128]{3,1,2,0:T(8,128)S(1)}","s32[8,64,2,128]{3,1,2,0:T(8,128)S(1)}; s32[8,64,2]{1,2,0:T(2,128)S(1)}",,"op_name=""custom_kernel/custom_kernel/reduce_window_sum"" stack_frame_id=1315",/mnt/data/workspace/tpu_benchmark_daily/.venv/lib64/python3.12/site-packages/torch_tpu/_internal/pallas/pallas.py:112,"{""broadcast"": 1, ""add"": 1}",[],151204,runs/layer-ops-20260923/pcp8/hlo/pid-290362/module_9043.tt_jit_layernorm_L62C0_fused_add_rms_norm_add.cl_972931731.after_codegen.txt,MoE 路由/通信计划,整数前缀和/分块偏移处理：用窗口归约、slice 和 add 生成专家或目标 rank 的行起点及传输表；不是浮点模型计算。
3,/device:TPU:0,XLA Ops,copy.17145,data formatting,copy,31965.859694,0.436975,"s32[8,64,2,128]{3,2,0,1:T(2,128)S(1)}","s32[8,64,2,128]{3,1,2,0:T(8,128)S(1)}",,"op_name=""custom_kernel/custom_kernel/reduce_window_sum"" stack_frame_id=1315",/mnt/data/workspace/tpu_benchmark_daily/.venv/lib64/python3.12/site-packages/torch_tpu/_internal/pallas/pallas.py:112,{},[],151205,runs/layer-ops-20260923/pcp8/hlo/pid-290362/module_9043.tt_jit_layernorm_L62C0_fused_add_rms_norm_add.cl_972931731.after_codegen.txt,数据复制/布局物化,编译器生成的实际数据复制或物理布局变换；比较 operand_shapes 与 shape 可区分 tiling/维度顺序和 memory space 的变化。
3,/device:TPU:0,XLA Ops,reshape.29716,data formatting,reshape,31966.304922,0.45018,"s32[8,64,256]{2,0,1:T(8,128)S(1)}","s32[8,64,2,128]{3,2,0,1:T(2,128)S(1)}",,"op_name=""custom_kernel/custom_kernel/reduce_window_sum"" stack_frame_id=1315",/mnt/data/workspace/tpu_benchmark_daily/.venv/lib64/python3.12/site-packages/torch_tpu/_internal/pallas/pallas.py:112,{},[],151206,runs/layer-ops-20260923/pcp8/hlo/pid-290362/module_9043.tt_jit_layernorm_L62C0_fused_add_rms_norm_add.cl_972931731.after_codegen.txt,数据复制/布局物化,编译器生成的实际数据复制或物理布局变换；比较 operand_shapes 与 shape 可区分 tiling/维度顺序和 memory space 的变化。
3,/device:TPU:0,XLA Ops,reshape.23095,data formatting,reshape,31966.764706,0.07443,"s32[8,64]{1,0:T(8,128)S(1)}","(s32[8]{0:T(128)}, s32[512]{0:T(512)S(1)}, s32[8]{0:T(128)}, s32[8,512]{0,1:T(8,128)}, s32[8,512]{0,1:T(8,128)S(1)}, /*index=5*/s32[512,8]{1,0:T(8,128)S(1)})",,"op_name=""custom_kernel/custom_kernel/jit(moe)/shard_map/reshape"" stack_frame_id=1919",/mnt/data/workspace/tpu_benchmark_daily/third_party/torchtpu-vllm/src/vllm_torchtpu/kernels/fused_moe/v2/host.py:832,{},[],151207,runs/layer-ops-20260923/pcp8/hlo/pid-290362/module_9043.tt_jit_layernorm_L62C0_fused_add_rms_norm_add.cl_972931731.after_codegen.txt,数据复制/布局物化,编译器生成的实际数据复制或物理布局变换；比较 operand_shapes 与 shape 可区分 tiling/维度顺序和 memory space 的变化。
3,/device:TPU:0,XLA Ops,reduce-window.1953,reduce-window,reduce-window,31966.839286,0.441777,"s32[8,64]{1,0:T(8,128)S(1)}","s32[8,64]{1,0:T(8,128)S(1)}; s32[]{:T(128)}",,"op_name=""custom_kernel/custom_kernel/jit(moe)/shard_map/jit(cumsum)/call.5/reduce_window_sum"" stack_frame_id=1920",/mnt/data/workspace/tpu_benchmark_daily/third_party/torchtpu-vllm/src/vllm_torchtpu/kernels/fused_moe/v2/host.py:833,"{""add"": 1}",[],151208,runs/layer-ops-20260923/pcp8/hlo/pid-290362/module_9043.tt_jit_layernorm_L62C0_fused_add_rms_norm_add.cl_972931731.after_codegen.txt,MoE 路由/通信计划,整数前缀和/分块偏移处理：用窗口归约、slice 和 add 生成专家或目标 rank 的行起点及传输表；不是浮点模型计算。
3,/device:TPU:0,XLA Ops,reshape.23096,data formatting,reshape,31967.281063,0.076831,s32[512]{0:T(512)S(1)},"s32[8,64]{1,0:T(8,128)S(1)}",,"op_name=""custom_kernel/custom_kernel/jit(moe)/shard_map/jit(cumsum)/call.5/reduce_window_sum"" stack_frame_id=1920",/mnt/data/workspace/tpu_benchmark_daily/third_party/torchtpu-vllm/src/vllm_torchtpu/kernels/fused_moe/v2/host.py:833,{},[],151209,runs/layer-ops-20260923/pcp8/hlo/pid-290362/module_9043.tt_jit_layernorm_L62C0_fused_add_rms_norm_add.cl_972931731.after_codegen.txt,数据复制/布局物化,编译器生成的实际数据复制或物理布局变换；比较 operand_shapes 与 shape 可区分 tiling/维度顺序和 memory space 的变化。
3,/device:TPU:0,XLA Ops,copy-done.2720,copy-done,copy-done,31967.357894,0.002401,s32[512]{0:T(512)},"(s32[512]{0:T(512)}, s32[512]{0:T(512)S(1)}, u32[]{:S(2)})",,,,{},[],151210,runs/layer-ops-20260923/pcp8/hlo/pid-290362/module_9043.tt_jit_layernorm_L62C0_fused_add_rms_norm_add.cl_972931731.after_codegen.txt,DMA 搬运,等待对应 DMA 完成；与 copy-start 是同一次搬运的两端，不能重复计算搬运量。
3,/device:TPU:0,XLA Ops,copy-done.819,copy-done,copy-done,31967.361345,0.003601,s32[512]{0:T(512)S(1)},"(s32[512]{0:T(512)S(1)}, s32[512]{0:T(512)}, u32[]{:S(2)})",,,,{},[],151211,runs/layer-ops-20260923/pcp8/hlo/pid-290362/module_9043.tt_jit_layernorm_L62C0_fused_add_rms_norm_add.cl_972931731.after_codegen.txt,DMA 搬运,等待对应 DMA 完成；与 copy-start 是同一次搬运的两端，不能重复计算搬运量。
3,/device:TPU:0,XLA Ops,subtract_add_fusion.59,loop fusion,fusion,31967.365096,0.003601,s32[512]{0:T(512)S(1)},"s32[512]{0:T(512)S(1)}; s32[512]{0:T(512)S(1)}; (s32[8]{0:T(128)}, s32[512]{0:T(512)S(1)}, s32[8]{0:T(128)}, s32[8,512]{0,1:T(8,128)}, s32[8,512]{0,1:T(8,128)S(1)}, /*index=5*/s32[512,8]{1,0:T(8,128)S(1)})",,"op_name=""custom_kernel/custom_kernel/jit(moe)/shard_map/add"" stack_frame_id=1922",/mnt/data/workspace/tpu_benchmark_daily/third_party/torchtpu-vllm/src/vllm_torchtpu/kernels/fused_moe/v2/host.py:834,"{""subtract"": 1, ""add"": 1}",[],151212,runs/layer-ops-20260923/pcp8/hlo/pid-290362/module_9043.tt_jit_layernorm_L62C0_fused_add_rms_norm_add.cl_972931731.after_codegen.txt,MoE 路由/通信计划,加法：构造或处理 top-k 权重、专家计数、token 排列、量化 scale、远端地址及搬运计划；本行 dtype/shape 和 fused_ops 给出实际运算。
3,/device:TPU:0,XLA Ops,copy-start.3044,copy-start,copy-start,31967.369898,0.008403,"(s32[512]{0:T(512)}, s32[512]{0:T(512)S(1)}, u32[]{:S(2)})",s32[512]{0:T(512)S(1)},,,,{},[],151213,runs/layer-ops-20260923/pcp8/hlo/pid-290362/module_9043.tt_jit_layernorm_L62C0_fused_add_rms_norm_add.cl_972931731.after_codegen.txt,DMA 搬运,启动 DMA 搬运。
3,/device:TPU:0,XLA Ops,copy-done.3044,copy-done,copy-done,31967.38663,0.547419,s32[512]{0:T(512)},"(s32[512]{0:T(512)}, s32[512]{0:T(512)S(1)}, u32[]{:S(2)})",,,,{},[],151214,runs/layer-ops-20260923/pcp8/hlo/pid-290362/module_9043.tt_jit_layernorm_L62C0_fused_add_rms_norm_add.cl_972931731.after_codegen.txt,DMA 搬运,等待对应 DMA 完成；与 copy-start 是同一次搬运的两端，不能重复计算搬运量。
3,/device:TPU:0,XLA Ops,dynamic_slice.3182,dynamic-slice,dynamic-slice,31967.934049,0.073229,s32[64]{0:T(128)S(1)},s32[512]{0:T(512)S(1)}; s32[]{:T(128)S(6)},,"op_name=""custom_kernel/custom_kernel/jit(moe)/shard_map/dynamic_slice"" stack_frame_id=1923",/mnt/data/workspace/tpu_benchmark_daily/third_party/torchtpu-vllm/src/vllm_torchtpu/kernels/fused_moe/v2/host.py:912,{},[],151215,runs/layer-ops-20260923/pcp8/hlo/pid-290362/module_9043.tt_jit_layernorm_L62C0_fused_add_rms_norm_add.cl_972931731.after_codegen.txt,MoE 路由/通信计划,动态切片：构造或处理 top-k 权重、专家计数、token 排列、量化 scale、远端地址及搬运计划；本行 dtype/shape 和 fused_ops 给出实际运算。
3,/device:TPU:0,XLA Ops,copy-start.3108,copy-start,copy-start,31968.008404,0.0012,"(s32[64]{0:T(128)}, s32[64]{0:T(128)S(1)}, u32[]{:S(2)})",s32[64]{0:T(128)S(1)},,,,{},[],151216,runs/layer-ops-20260923/pcp8/hlo/pid-290362/module_9043.tt_jit_layernorm_L62C0_fused_add_rms_norm_add.cl_972931731.after_codegen.txt,DMA 搬运,启动 DMA 搬运。
3,/device:TPU:0,XLA Ops,add_bitcast_fusion.56,loop fusion,fusion,31968.009679,0.621849,"(s32[8,64]{0,1:T(8,128)S(1)}, s32[64,8]{1,0:T(8,128)})","(s32[8]{0:T(128)}, s32[512,8]{1,0:T(8,128)}, s32[512,8]{1,0:T(8,128)S(1)}); s32[]{:T(128)S(6)}; s32[64]{0:T(128)S(1)}",,"op_name=""custom_kernel/custom_kernel/jit(moe)/shard_map/add"" stack_frame_id=2001",/mnt/data/workspace/tpu_benchmark_daily/third_party/torchtpu-vllm/src/vllm_torchtpu/kernels/fused_moe/v2/host.py:875,"{""broadcast"": 2, ""dynamic-slice"": 1, ""add"": 1, ""bitcast"": 1, ""shift-right-arithmetic"": 1, ""tuple"": 1}",[],151217,runs/layer-ops-20260923/pcp8/hlo/pid-290362/module_9043.tt_jit_layernorm_L62C0_fused_add_rms_norm_add.cl_972931731.after_codegen.txt,MoE 路由/通信计划,加法：构造或处理 top-k 权重、专家计数、token 排列、量化 scale、远端地址及搬运计划；本行 dtype/shape 和 fused_ops 给出实际运算。
3,/device:TPU:0,XLA Ops,fusion.1266,loop fusion,fusion,31968.631528,3.847539,"s32[8,160,64]{1,0,2:T(8,128)S(1)}","s32[8,160,64]{1,0,2:T(8,128)S(1)}; s32[8,256,64]{1,0,2:T(8,128)S(1)}; (s32[8,64]{0,1:T(8,128)S(1)}, s32[64,8]{1,0:T(8,128)})",,"op_name=""custom_kernel/custom_kernel/jit(moe)/shard_map/add"" stack_frame_id=2002",/mnt/data/workspace/tpu_benchmark_daily/third_party/torchtpu-vllm/src/vllm_torchtpu/kernels/fused_moe/v2/host.py:880,"{""slice"": 1, ""subtract"": 1, ""broadcast"": 1, ""add"": 1}",[],151219,runs/layer-ops-20260923/pcp8/hlo/pid-290362/module_9043.tt_jit_layernorm_L62C0_fused_add_rms_norm_add.cl_972931731.after_codegen.txt,MoE 路由/通信计划,加法：构造或处理 top-k 权重、专家计数、token 排列、量化 scale、远端地址及搬运计划；本行 dtype/shape 和 fused_ops 给出实际运算。
3,/device:TPU:0,XLA Ops,broadcast_in_dim_reshape.380,data formatting,reshape,31972.48627,0.2509,"s32[1280,64]{0,1:T(8,128)S(1)}","s32[8,160,64]{1,0,2:T(8,128)S(1)}",,"op_name=""custom_kernel/custom_kernel/jit(moe)/shard_map/add;jit(moe)/shard_map/broadcast_in_dim;reshape"" stack_frame_id=1315",/mnt/data/workspace/tpu_benchmark_daily/.venv/lib64/python3.12/site-packages/torch_tpu/_internal/pallas/pallas.py:112,{},[],151220,runs/layer-ops-20260923/pcp8/hlo/pid-290362/module_9043.tt_jit_layernorm_L62C0_fused_add_rms_norm_add.cl_972931731.after_codegen.txt,数据复制/布局物化,编译器生成的实际数据复制或物理布局变换；比较 operand_shapes 与 shape 可区分 tiling/维度顺序和 memory space 的变化。
3,/device:TPU:0,XLA Ops,copy-done.1182,copy-done,copy-done,31972.745499,0.002401,"pred[8,8]{1,0:T(8,128)(4,1)S(1)}","(pred[8,8]{1,0:T(8,128)(4,1)S(1)}, pred[8,8]{1,0:T(8,128)(4,1)}, u32[]{:S(2)})",,,,{},[],151221,runs/layer-ops-20260923/pcp8/hlo/pid-290362/module_9043.tt_jit_layernorm_L62C0_fused_add_rms_norm_add.cl_972931731.after_codegen.txt,DMA 搬运,等待对应 DMA 完成；与 copy-start 是同一次搬运的两端，不能重复计算搬运量。
3,/device:TPU:0,XLA Ops,select_reduce_fusion.176,loop fusion,fusion,31972.755252,2.973589,"s32[1280,8,64]{0,2,1:T(8,128)S(1)}","(s32[1280,64]{0,1:T(8,128)S(1)}, s32[1280,8,64]{0,2,1:T(8,128)S(1)}); pred[8,8]{1,0:T(8,128)(4,1)S(1)}",,"op_name=""custom_kernel/custom_kernel/jit(moe)/shard_map/reduce_sum"" stack_frame_id=2008",/mnt/data/workspace/tpu_benchmark_daily/third_party/torchtpu-vllm/src/vllm_torchtpu/kernels/fused_moe/v2/host.py:728,"{""broadcast"": 3, ""select"": 1, ""reduce"": 1}",[],151222,runs/layer-ops-20260923/pcp8/hlo/pid-290362/module_9043.tt_jit_layernorm_L62C0_fused_add_rms_norm_add.cl_972931731.after_codegen.txt,MoE 路由/通信计划,求和归约：构造或处理 top-k 权重、专家计数、token 排列、量化 scale、远端地址及搬运计划；本行 dtype/shape 和 fused_ops 给出实际运算。
3,/device:TPU:0,XLA Ops,broadcast_add_fusion.56,loop fusion,fusion,31975.737095,0.235294,"s32[1280,8,64]{0,2,1:T(8,128)S(1)}","s32[1280,8,64]{0,2,1:T(8,128)S(1)}; s32[1280,64]{0,1:T(8,128)S(1)}",,"op_name=""custom_kernel/custom_kernel/jit(moe)/shard_map/add"" stack_frame_id=2004",/mnt/data/workspace/tpu_benchmark_daily/third_party/torchtpu-vllm/src/vllm_torchtpu/kernels/fused_moe/v2/host.py:728,"{""broadcast"": 1, ""add"": 1}",[],151223,runs/layer-ops-20260923/pcp8/hlo/pid-290362/module_9043.tt_jit_layernorm_L62C0_fused_add_rms_norm_add.cl_972931731.after_codegen.txt,MoE 路由/通信计划,加法：构造或处理 top-k 权重、专家计数、token 排列、量化 scale、远端地址及搬运计划；本行 dtype/shape 和 fused_ops 给出实际运算。
3,/device:TPU:0,XLA Ops,copy-done.250,copy-done,copy-done,31975.979742,0.004802,"pred[8,32,32]{2,1,0:T(8,128)(4,1)S(1)}","(pred[8,32,32]{2,1,0:T(8,128)(4,1)S(1)}, pred[8,32,32]{2,1,0:T(8,128)(4,1)}, u32[]{:S(2)})",,,,{},[],151224,runs/layer-ops-20260923/pcp8/hlo/pid-290362/module_9043.tt_jit_layernorm_L62C0_fused_add_rms_norm_add.cl_972931731.after_codegen.txt,DMA 搬运,等待对应 DMA 完成；与 copy-start 是同一次搬运的两端，不能重复计算搬运量。
3,/device:TPU:0,XLA Ops,convert_reduce_fusion.352,loop fusion,fusion,31975.990397,14.021609,"s32[1280,8,32]{0,2,1:T(8,128)S(1)}","s32[1280,8,32]{0,2,1:T(8,128)S(1)}; pred[8,32,32]{2,1,0:T(8,128)(4,1)S(1)}",,"op_name=""custom_kernel/custom_kernel/jit(moe)/shard_map/reduce_sum"" stack_frame_id=2021",/mnt/data/workspace/tpu_benchmark_daily/third_party/torchtpu-vllm/src/vllm_torchtpu/kernels/fused_moe/v2/host.py:686,"{""broadcast"": 3, ""compare"": 1, ""and"": 1, ""convert"": 1, ""reduce"": 1}",[],151225,runs/layer-ops-20260923/pcp8/hlo/pid-290362/module_9043.tt_jit_layernorm_L62C0_fused_add_rms_norm_add.cl_972931731.after_codegen.txt,MoE 路由/通信计划,求和归约：构造或处理 top-k 权重、专家计数、token 排列、量化 scale、远端地址及搬运计划；本行 dtype/shape 和 fused_ops 给出实际运算。
3,/device:TPU:0,XLA Ops,copy-done.3108,copy-done,copy-done,31990.020484,0.002401,s32[64]{0:T(128)},"(s32[64]{0:T(128)}, s32[64]{0:T(128)S(1)}, u32[]{:S(2)})",,,,{},[],151226,runs/layer-ops-20260923/pcp8/hlo/pid-290362/module_9043.tt_jit_layernorm_L62C0_fused_add_rms_norm_add.cl_972931731.after_codegen.txt,DMA 搬运,等待对应 DMA 完成；与 copy-start 是同一次搬运的两端，不能重复计算搬运量。
3,/device:TPU:0,XLA Ops,fusion.175,loop fusion,fusion,31990.030237,14.590636,"s32[1280,8,32]{0,2,1:T(8,128)S(1)}","s32[1280,8,64]{0,2,1:T(8,128)S(1)}; s32[1280,8,32]{0,2,1:T(8,128)S(1)}; s32[64]{0:T(128)S(1)}",,"op_name=""custom_kernel/custom_kernel/jit(moe)/shard_map/reduce_sum"" stack_frame_id=2012",/mnt/data/workspace/tpu_benchmark_daily/third_party/torchtpu-vllm/src/vllm_torchtpu/kernels/fused_moe/v2/host.py:742,"{""broadcast"": 4, ""compare"": 1, ""select"": 1, ""reduce"": 1}",[],151227,runs/layer-ops-20260923/pcp8/hlo/pid-290362/module_9043.tt_jit_layernorm_L62C0_fused_add_rms_norm_add.cl_972931731.after_codegen.txt,MoE 路由/通信计划,求和归约：构造或处理 top-k 权重、专家计数、token 排列、量化 scale、远端地址及搬运计划；本行 dtype/shape 和 fused_ops 给出实际运算。
3,/device:TPU:0,XLA Ops,add.34528,non-fusion elementwise,add,32004.628077,0.171669,"s32[1280,8,32]{0,2,1:T(8,128)S(1)}","s32[1280,8,32]{0,2,1:T(8,128)S(1)}; s32[1280,8,32]{0,2,1:T(8,128)S(1)}",,"op_name=""custom_kernel/custom_kernel/jit(moe)/shard_map/add"" stack_frame_id=1991",/mnt/data/workspace/tpu_benchmark_daily/third_party/torchtpu-vllm/src/vllm_torchtpu/kernels/fused_moe/v2/host.py:884,{},[],151228,runs/layer-ops-20260923/pcp8/hlo/pid-290362/module_9043.tt_jit_layernorm_L62C0_fused_add_rms_norm_add.cl_972931731.after_codegen.txt,MoE 路由/通信计划,加法：构造或处理 top-k 权重、专家计数、token 排列、量化 scale、远端地址及搬运计划；本行 dtype/shape 和 fused_ops 给出实际运算。
3,/device:TPU:0,XLA Ops,copy.15337,data formatting,copy,32004.808074,2.506603,"s32[1280,8,32]{2,1,0:T(8,128)S(1)}","s32[1280,8,32]{0,2,1:T(8,128)S(1)}",,"op_name=""custom_kernel/custom_kernel/jit(moe)/shard_map/add"" stack_frame_id=1991",/mnt/data/workspace/tpu_benchmark_daily/third_party/torchtpu-vllm/src/vllm_torchtpu/kernels/fused_moe/v2/host.py:884,{},[],151229,runs/layer-ops-20260923/pcp8/hlo/pid-290362/module_9043.tt_jit_layernorm_L62C0_fused_add_rms_norm_add.cl_972931731.after_codegen.txt,数据复制/布局物化,编译器生成的实际数据复制或物理布局变换；比较 operand_shapes 与 shape 可区分 tiling/维度顺序和 memory space 的变化。
3,/device:TPU:0,XLA Ops,reshape.23104,data formatting,reshape,32007.321804,1.120048,s32[327680]{0:T(1024)S(1)},"s32[1280,8,32]{2,1,0:T(8,128)S(1)}",,"op_name=""custom_kernel/custom_kernel/jit(moe)/shard_map/add"" stack_frame_id=1991",/mnt/data/workspace/tpu_benchmark_daily/third_party/torchtpu-vllm/src/vllm_torchtpu/kernels/fused_moe/v2/host.py:884,{},[],151230,runs/layer-ops-20260923/pcp8/hlo/pid-290362/module_9043.tt_jit_layernorm_L62C0_fused_add_rms_norm_add.cl_972931731.after_codegen.txt,数据复制/布局物化,编译器生成的实际数据复制或物理布局变换；比较 operand_shapes 与 shape 可区分 tiling/维度顺序和 memory space 的变化。
3,/device:TPU:0,XLA Ops,compare_and_fusion.57,loop fusion,fusion,32008.45018,3.507803,"pred[8,40960]{0,1:T(8,128)(4,1)S(1)}","s32[]{:T(128)S(6)}; s32[]{:T(128)S(6)}; s32[8,45568]{0,1:T(8,128)S(1)}",,"op_name=""custom_kernel/custom_kernel/jit(moe)/shard_map/and"" stack_frame_id=1990",/mnt/data/workspace/tpu_benchmark_daily/third_party/torchtpu-vllm/src/vllm_torchtpu/kernels/fused_moe/v2/host.py:882,"{""slice"": 1, ""broadcast"": 2, ""compare"": 2, ""and"": 1}",[],151232,runs/layer-ops-20260923/pcp8/hlo/pid-290362/module_9043.tt_jit_layernorm_L62C0_fused_add_rms_norm_add.cl_972931731.after_codegen.txt,MoE 路由/通信计划,逻辑与：构造或处理 top-k 权重、专家计数、token 排列、量化 scale、远端地址及搬运计划；本行 dtype/shape 和 fused_ops 给出实际运算。
3,/device:TPU:0,XLA Ops,copy-start.3425,copy-start,copy-start,32011.965336,0.008403,"(s32[8]{0:T(128)S(1)}, s32[8]{0:T(128)}, u32[]{:S(2)})","(s32[8]{0:T(128)}, s32[512,8]{1,0:T(8,128)}, s32[512,8]{1,0:T(8,128)S(1)})",,,,{},[],151233,runs/layer-ops-20260923/pcp8/hlo/pid-290362/module_9043.tt_jit_layernorm_L62C0_fused_add_rms_norm_add.cl_972931731.after_codegen.txt,DMA 搬运,启动 DMA 搬运。
3,/device:TPU:0,XLA Ops,copy-start.3347,copy-start,copy-start,32011.980793,0.007203,"(s32[8]{0:T(128)S(1)}, s32[8]{0:T(128)}, u32[]{:S(2)})","(s32[8]{0:T(128)}, s32[512]{0:T(512)S(1)}, s32[8]{0:T(128)}, s32[8,512]{0,1:T(8,128)}, s32[8,512]{0,1:T(8,128)S(1)}, /*index=5*/s32[512,8]{1,0:T(8,128)S(1)})",,,,{},[],151234,runs/layer-ops-20260923/pcp8/hlo/pid-290362/module_9043.tt_jit_layernorm_L62C0_fused_add_rms_norm_add.cl_972931731.after_codegen.txt,DMA 搬运,启动 DMA 搬运。
3,/device:TPU:0,XLA Ops,copy-start.3289,copy-start,copy-start,32011.996399,0.007203,"(s32[8]{0:T(128)S(1)}, s32[8]{0:T(128)}, u32[]{:S(2)})","(s32[8]{0:T(128)}, s32[512]{0:T(512)S(1)}, s32[8]{0:T(128)}, s32[8,512]{0,1:T(8,128)}, s32[8,512]{0,1:T(8,128)S(1)}, /*index=5*/s32[512,8]{1,0:T(8,128)S(1)})",,,,{},[],151235,runs/layer-ops-20260923/pcp8/hlo/pid-290362/module_9043.tt_jit_layernorm_L62C0_fused_add_rms_norm_add.cl_972931731.after_codegen.txt,DMA 搬运,启动 DMA 搬运。
3,/device:TPU:0,XLA Ops,copy-start.879,copy-start,copy-start,32012.01103,0.007203,"(s32[8]{0:T(128)S(1)}, s32[8]{0:T(128)}, u32[]{:S(2)})",s32[8]{0:T(128)},,,,{},[],151236,runs/layer-ops-20260923/pcp8/hlo/pid-290362/module_9043.tt_jit_layernorm_L62C0_fused_add_rms_norm_add.cl_972931731.after_codegen.txt,DMA 搬运,启动 DMA 搬运。
3,/device:TPU:0,XLA Ops,copy-start.939,copy-start,copy-start,32012.02536,0.008403,"(s32[8]{0:T(128)S(1)}, s32[8]{0:T(128)}, u32[]{:S(2)})",s32[8]{0:T(128)},,,,{},[],151237,runs/layer-ops-20260923/pcp8/hlo/pid-290362/module_9043.tt_jit_layernorm_L62C0_fused_add_rms_norm_add.cl_972931731.after_codegen.txt,DMA 搬运,启动 DMA 搬运。
3,/device:TPU:0,XLA Ops,copy-start.1709,copy-start,copy-start,32012.040892,0.007203,"(s32[64]{0:T(128)S(1)}, s32[64]{0:T(128)}, u32[]{:S(2)})","(s32[64]{0:T(128)}, s32[64]{0:T(128)})",,,,{},[],151238,runs/layer-ops-20260923/pcp8/hlo/pid-290362/module_9043.tt_jit_layernorm_L62C0_fused_add_rms_norm_add.cl_972931731.after_codegen.txt,DMA 搬运,启动 DMA 搬运。
3,/device:TPU:0,XLA Ops,copy.15326,data formatting,copy,32012.056423,6.190876,"pred[8,40960]{1,0:T(8,128)(4,1)S(1)}","pred[8,40960]{0,1:T(8,128)(4,1)S(1)}",,"op_name=""custom_kernel/custom_kernel/jit(moe)/shard_map/and"" stack_frame_id=1990",/mnt/data/workspace/tpu_benchmark_daily/third_party/torchtpu-vllm/src/vllm_torchtpu/kernels/fused_moe/v2/host.py:882,{},[],151239,runs/layer-ops-20260923/pcp8/hlo/pid-290362/module_9043.tt_jit_layernorm_L62C0_fused_add_rms_norm_add.cl_972931731.after_codegen.txt,数据复制/布局物化,编译器生成的实际数据复制或物理布局变换；比较 operand_shapes 与 shape 可区分 tiling/维度顺序和 memory space 的变化。
3,/device:TPU:0,XLA Ops,copy.20648,data formatting,copy,32018.250901,0.183673,"pred[1,320,8,128]{3,1,2,0:T(8,128)(4,1)S(1)}","pred[1,320,8,128]{3,2,1,0:T(8,128)(4,1)S(1)}",,,,{},[],151241,runs/layer-ops-20260923/pcp8/hlo/pid-290362/module_9043.tt_jit_layernorm_L62C0_fused_add_rms_norm_add.cl_972931731.after_codegen.txt,数据复制/布局物化,编译器生成的实际数据复制或物理布局变换；比较 operand_shapes 与 shape 可区分 tiling/维度顺序和 memory space 的变化。
3,/device:TPU:0,XLA Ops,copy.15338,data formatting,copy,32018.443053,0.593037,"s32[8,4096]{1,0:T(8,128)S(1)}","s32[8,4096]{0,1:T(8,128)S(1)}",,"op_name=""custom_kernel/custom_kernel/jit(moe)/shard_map/slice"" stack_frame_id=2047",/mnt/data/workspace/tpu_benchmark_daily/third_party/torchtpu-vllm/src/vllm_torchtpu/kernels/fused_moe/v2/layer.py:160,{},[],151242,runs/layer-ops-20260923/pcp8/hlo/pid-290362/module_9043.tt_jit_layernorm_L62C0_fused_add_rms_norm_add.cl_972931731.after_codegen.txt,数据复制/布局物化,编译器生成的实际数据复制或物理布局变换；比较 operand_shapes 与 shape 可区分 tiling/维度顺序和 memory space 的变化。
3,/device:TPU:0,XLA Ops,copy.20650,data formatting,copy,32019.036165,0.548619,"s32[1,32,8,128]{3,1,2,0:T(8,128)S(1)}","s32[1,32,8,128]{3,2,1,0:T(8,128)S(1)}",,,,{},[],151244,runs/layer-ops-20260923/pcp8/hlo/pid-290362/module_9043.tt_jit_layernorm_L62C0_fused_add_rms_norm_add.cl_972931731.after_codegen.txt,数据复制/布局物化,编译器生成的实际数据复制或物理布局变换；比较 operand_shapes 与 shape 可区分 tiling/维度顺序和 memory space 的变化。
3,/device:TPU:0,XLA Ops,copy-start.3109,copy-start,copy-start,32019.591837,0.007203,"(s32[64]{0:T(128)S(1)}, s32[64]{0:T(128)}, u32[]{:S(2)})",s32[64]{0:T(128)},,,,{},[],151245,runs/layer-ops-20260923/pcp8/hlo/pid-290362/module_9043.tt_jit_layernorm_L62C0_fused_add_rms_norm_add.cl_972931731.after_codegen.txt,DMA 搬运,启动 DMA 搬运。
3,/device:TPU:0,XLA Ops,broadcast_in_dim.4782,broadcast,broadcast,32019.607443,4.655462,"s32[32768,10]{1,0:T(8,128)S(1)}",s32[32768]{0:T(1024)S(1)},,"op_name=""custom_kernel/custom_kernel/jit(moe)/shard_map/broadcast_in_dim"" stack_frame_id=2049",/mnt/data/workspace/tpu_benchmark_daily/third_party/torchtpu-vllm/src/vllm_torchtpu/kernels/fused_moe/v2/layer.py:541,{},[],151247,runs/layer-ops-20260923/pcp8/hlo/pid-290362/module_9043.tt_jit_layernorm_L62C0_fused_add_rms_norm_add.cl_972931731.after_codegen.txt,MoE 路由/通信计划,广播：构造或处理 top-k 权重、专家计数、token 排列、量化 scale、远端地址及搬运计划；本行 dtype/shape 和 fused_ops 给出实际运算。
3,/device:TPU:0,XLA Ops,reshape.27690,data formatting,reshape,32024.270258,26.678271,s32[327680]{0:T(1024)},"s32[32768,10]{1,0:T(8,128)S(1)}",,"op_name=""custom_kernel/custom_kernel/jit(moe)/shard_map/reshape"" stack_frame_id=2049",/mnt/data/workspace/tpu_benchmark_daily/third_party/torchtpu-vllm/src/vllm_torchtpu/kernels/fused_moe/v2/layer.py:541,{},[],151248,runs/layer-ops-20260923/pcp8/hlo/pid-290362/module_9043.tt_jit_layernorm_L62C0_fused_add_rms_norm_add.cl_972931731.after_codegen.txt,数据复制/布局物化,编译器生成的实际数据复制或物理布局变换；比较 operand_shapes 与 shape 可区分 tiling/维度顺序和 memory space 的变化。
3,/device:TPU:0,XLA Ops,copy.20647,data formatting,copy,32050.94958,0.944778,"s32[20,2,8,128]{3,1,2,0:T(2,128)}","(s32[160,256]{1,0:T(8,128)S(1)}, s32[160,256]{1,0:T(8,128)S(1)}, s32[20,2,8,128]{3,2,1,0:T(8,128)S(1)})",,,,{},[],151249,runs/layer-ops-20260923/pcp8/hlo/pid-290362/module_9043.tt_jit_layernorm_L62C0_fused_add_rms_norm_add.cl_972931731.after_codegen.txt,数据复制/布局物化,编译器生成的实际数据复制或物理布局变换；比较 operand_shapes 与 shape 可区分 tiling/维度顺序和 memory space 的变化。
3,/device:TPU:0,XLA Ops,fusion.1778,loop fusion,fusion,32051.895559,0.890756,"(s32[8]{0:T(128)S(1)}, s32[64,8]{1,0:T(8,128)S(1)})","s32[8,64,8]{2,1,0:T(8,128)}; s32[]{:T(128)S(6)}",,"op_name=""custom_kernel/custom_kernel/jit(moe)/shard_map/reduce_sum"" stack_frame_id=1905",/mnt/data/workspace/tpu_benchmark_daily/third_party/torchtpu-vllm/src/vllm_torchtpu/kernels/fused_moe/v2/host.py:1046,"{""dynamic-slice"": 1, ""reduce"": 1, ""bitcast"": 1, ""tuple"": 1}",[],151251,runs/layer-ops-20260923/pcp8/hlo/pid-290362/module_9043.tt_jit_layernorm_L62C0_fused_add_rms_norm_add.cl_972931731.after_codegen.txt,MoE 路由/通信计划,求和归约：构造或处理 top-k 权重、专家计数、token 排列、量化 scale、远端地址及搬运计划；本行 dtype/shape 和 fused_ops 给出实际运算。
3,/device:TPU:0,XLA Ops,reduce-window.1951,reduce-window,reduce-window,32052.787515,0.183673,"s32[8,1]{0,1:T(1,128)S(1)}","s32[8,1]{0,1:T(1,128)S(1)}; s32[]{:T(128)}",,"op_name=""custom_kernel/custom_kernel"" stack_frame_id=1315",/mnt/data/workspace/tpu_benchmark_daily/.venv/lib64/python3.12/site-packages/torch_tpu/_internal/pallas/pallas.py:112,"{""add"": 1}",[],151253,runs/layer-ops-20260923/pcp8/hlo/pid-290362/module_9043.tt_jit_layernorm_L62C0_fused_add_rms_norm_add.cl_972931731.after_codegen.txt,MoE 路由/通信计划,整数前缀和/分块偏移处理：用窗口归约、slice 和 add 生成专家或目标 rank 的行起点及传输表；不是浮点模型计算。
3,/device:TPU:0,XLA Ops,reduce-window.1952,reduce-window,reduce-window,32052.971414,2.792317,"s32[64,8]{1,0:T(8,128)S(1)}","(s32[8]{0:T(128)S(1)}, s32[64,8]{1,0:T(8,128)S(1)}); s32[]{:T(128)}",,"op_name=""custom_kernel/custom_kernel/jit(moe)/shard_map/jit(cumsum)/call.13/reduce_window_sum"" stack_frame_id=1908",/mnt/data/workspace/tpu_benchmark_daily/third_party/torchtpu-vllm/src/vllm_torchtpu/kernels/fused_moe/v2/host.py:1048,"{""add"": 1}",[],151254,runs/layer-ops-20260923/pcp8/hlo/pid-290362/module_9043.tt_jit_layernorm_L62C0_fused_add_rms_norm_add.cl_972931731.after_codegen.txt,MoE 路由/通信计划,整数前缀和/分块偏移处理：用窗口归约、slice 和 add 生成专家或目标 rank 的行起点及传输表；不是浮点模型计算。
3,/device:TPU:0,XLA Ops,compare_convert_fusion.56,loop fusion,fusion,32055.768533,0.767107,"(s32[64]{0:T(128)S(1)}, s32[64]{0:T(128)S(1)})",s32[512]{0:T(512)}; s32[]{:T(128)S(6)},,"op_name=""custom_kernel/custom_kernel/jit(moe)/shard_map/convert_element_type"" stack_frame_id=1962",/mnt/data/workspace/tpu_benchmark_daily/third_party/torchtpu-vllm/src/vllm_torchtpu/kernels/fused_moe/v2/host.py:1145,"{""dynamic-slice"": 1, ""broadcast"": 1, ""compare"": 1, ""convert"": 1, ""tuple"": 1}",[],151255,runs/layer-ops-20260923/pcp8/hlo/pid-290362/module_9043.tt_jit_layernorm_L62C0_fused_add_rms_norm_add.cl_972931731.after_codegen.txt,MoE 路由/通信计划,dtype 转换：构造或处理 top-k 权重、专家计数、token 排列、量化 scale、远端地址及搬运计划；本行 dtype/shape 和 fused_ops 给出实际运算。
3,/device:TPU:0,XLA Ops,copy-start.3228,copy-start,copy-start,32056.53549,0.0012,"(s32[64]{0:T(128)}, s32[64]{0:T(128)S(1)}, u32[]{:S(2)})","(s32[64]{0:T(128)S(1)}, s32[64]{0:T(128)S(1)})",,,,{},[],151256,runs/layer-ops-20260923/pcp8/hlo/pid-290362/module_9043.tt_jit_layernorm_L62C0_fused_add_rms_norm_add.cl_972931731.after_codegen.txt,DMA 搬运,启动 DMA 搬运。
3,/device:TPU:0,XLA Ops,copy-done.3425,copy-done,copy-done,32056.53684,0.002401,s32[8]{0:T(128)S(1)},"(s32[8]{0:T(128)S(1)}, s32[8]{0:T(128)}, u32[]{:S(2)})",,,,{},[],151257,runs/layer-ops-20260923/pcp8/hlo/pid-290362/module_9043.tt_jit_layernorm_L62C0_fused_add_rms_norm_add.cl_972931731.after_codegen.txt,DMA 搬运,等待对应 DMA 完成；与 copy-start 是同一次搬运的两端，不能重复计算搬运量。
3,/device:TPU:0,XLA Ops,fusion.2729,loop fusion,fusion,32056.540216,0.003601,s32[8]{0:T(128)S(1)},s32[8]{0:T(128)S(1)}; s32[]{:T(128)},,"op_name=""custom_kernel/custom_kernel/jit(moe)/shard_map/mul"" stack_frame_id=1978",/mnt/data/workspace/tpu_benchmark_daily/third_party/torchtpu-vllm/src/vllm_torchtpu/kernels/fused_moe/v2/host.py:1160,"{""iota"": 1, ""broadcast"": 2, ""compare"": 1, ""select"": 1}",[],151259,runs/layer-ops-20260923/pcp8/hlo/pid-290362/module_9043.tt_jit_layernorm_L62C0_fused_add_rms_norm_add.cl_972931731.after_codegen.txt,MoE 路由/通信计划,乘法：构造或处理 top-k 权重、专家计数、token 排列、量化 scale、远端地址及搬运计划；本行 dtype/shape 和 fused_ops 给出实际运算。
3,/device:TPU:0,XLA Ops,copy-done.3347,copy-done,copy-done,32056.547494,0.002401,s32[8]{0:T(128)S(1)},"(s32[8]{0:T(128)S(1)}, s32[8]{0:T(128)}, u32[]{:S(2)})",,,,{},[],151260,runs/layer-ops-20260923/pcp8/hlo/pid-290362/module_9043.tt_jit_layernorm_L62C0_fused_add_rms_norm_add.cl_972931731.after_codegen.txt,DMA 搬运,等待对应 DMA 完成；与 copy-start 是同一次搬运的两端，不能重复计算搬运量。
3,/device:TPU:0,XLA Ops,fusion.2727,loop fusion,fusion,32056.557023,0.004802,s32[8]{0:T(128)S(1)},s32[8]{0:T(128)S(1)}; s32[]{:T(128)},,"op_name=""custom_kernel/custom_kernel/jit(moe)/shard_map/mul"" stack_frame_id=1956",/mnt/data/workspace/tpu_benchmark_daily/third_party/torchtpu-vllm/src/vllm_torchtpu/kernels/fused_moe/v2/host.py:1156,"{""iota"": 1, ""broadcast"": 2, ""compare"": 1, ""select"": 1}",[],151262,runs/layer-ops-20260923/pcp8/hlo/pid-290362/module_9043.tt_jit_layernorm_L62C0_fused_add_rms_norm_add.cl_972931731.after_codegen.txt,MoE 路由/通信计划,乘法：构造或处理 top-k 权重、专家计数、token 排列、量化 scale、远端地址及搬运计划；本行 dtype/shape 和 fused_ops 给出实际运算。
3,/device:TPU:0,XLA Ops,copy-done.3289,copy-done,copy-done,32056.570228,0.002401,s32[8]{0:T(128)S(1)},"(s32[8]{0:T(128)S(1)}, s32[8]{0:T(128)}, u32[]{:S(2)})",,,,{},[],151263,runs/layer-ops-20260923/pcp8/hlo/pid-290362/module_9043.tt_jit_layernorm_L62C0_fused_add_rms_norm_add.cl_972931731.after_codegen.txt,DMA 搬运,等待对应 DMA 完成；与 copy-start 是同一次搬运的两端，不能重复计算搬运量。
3,/device:TPU:0,XLA Ops,fusion.2728,loop fusion,fusion,32056.579832,0.004802,s32[8]{0:T(128)S(1)},s32[8]{0:T(128)S(1)}; s32[]{:T(128)},,"op_name=""custom_kernel/custom_kernel/jit(moe)/shard_map/mul"" stack_frame_id=1945",/mnt/data/workspace/tpu_benchmark_daily/third_party/torchtpu-vllm/src/vllm_torchtpu/kernels/fused_moe/v2/host.py:1153,"{""iota"": 1, ""broadcast"": 2, ""compare"": 1, ""select"": 1}",[],151265,runs/layer-ops-20260923/pcp8/hlo/pid-290362/module_9043.tt_jit_layernorm_L62C0_fused_add_rms_norm_add.cl_972931731.after_codegen.txt,MoE 路由/通信计划,乘法：构造或处理 top-k 权重、专家计数、token 排列、量化 scale、远端地址及搬运计划；本行 dtype/shape 和 fused_ops 给出实际运算。
3,/device:TPU:0,XLA Ops,copy-done.879,copy-done,copy-done,32056.591912,0.003601,s32[8]{0:T(128)S(1)},"(s32[8]{0:T(128)S(1)}, s32[8]{0:T(128)}, u32[]{:S(2)})",,,,{},[],151266,runs/layer-ops-20260923/pcp8/hlo/pid-290362/module_9043.tt_jit_layernorm_L62C0_fused_add_rms_norm_add.cl_972931731.after_codegen.txt,DMA 搬运,等待对应 DMA 完成；与 copy-start 是同一次搬运的两端，不能重复计算搬运量。
3,/device:TPU:0,XLA Ops,multiply_reduce_fusion.392,loop fusion,fusion,32056.601591,1.548619,"(s32[8]{0:T(128)S(1)}, s32[64,8]{1,0:T(8,128)})","s32[8,512]{0,1:T(8,128)}; s32[]{:T(128)S(6)}; s32[8]{0:T(128)S(1)}",,"op_name=""custom_kernel/custom_kernel/jit(moe)/shard_map/reduce_sum"" stack_frame_id=1954",/mnt/data/workspace/tpu_benchmark_daily/third_party/torchtpu-vllm/src/vllm_torchtpu/kernels/fused_moe/v2/host.py:1149,"{""dynamic-slice"": 1, ""broadcast"": 2, ""multiply"": 1, ""reduce"": 1, ""shift-right-arithmetic"": 1, ""bitcast"": 1, ""tuple"": 1}",[],151267,runs/layer-ops-20260923/pcp8/hlo/pid-290362/module_9043.tt_jit_layernorm_L62C0_fused_add_rms_norm_add.cl_972931731.after_codegen.txt,MoE 路由/通信计划,求和归约：构造或处理 top-k 权重、专家计数、token 排列、量化 scale、远端地址及搬运计划；本行 dtype/shape 和 fused_ops 给出实际运算。
3,/device:TPU:0,XLA Ops,copy-done.939,copy-done,copy-done,32058.150135,0.002401,s32[8]{0:T(128)S(1)},"(s32[8]{0:T(128)S(1)}, s32[8]{0:T(128)}, u32[]{:S(2)})",,,,{},[],151268,runs/layer-ops-20260923/pcp8/hlo/pid-290362/module_9043.tt_jit_layernorm_L62C0_fused_add_rms_norm_add.cl_972931731.after_codegen.txt,DMA 搬运,等待对应 DMA 完成；与 copy-start 是同一次搬运的两端，不能重复计算搬运量。
3,/device:TPU:0,XLA Ops,copy-done.1709,copy-done,copy-done,32058.152611,0.004802,s32[64]{0:T(128)S(1)},"(s32[64]{0:T(128)S(1)}, s32[64]{0:T(128)}, u32[]{:S(2)})",,,,{},[],151269,runs/layer-ops-20260923/pcp8/hlo/pid-290362/module_9043.tt_jit_layernorm_L62C0_fused_add_rms_norm_add.cl_972931731.after_codegen.txt,DMA 搬运,等待对应 DMA 完成；与 copy-start 是同一次搬运的两端，不能重复计算搬运量。
3,/device:TPU:0,XLA Ops,multiply_reduce_fusion.462,loop fusion,fusion,32058.157338,1.577431,"(s32[8]{0:T(128)S(1)}, s32[8]{0:T(128)S(1)}, s32[8]{0:T(128)S(1)}, s32[8]{0:T(128)S(1)}, s32[8]{0:T(128)S(1)}, /*index=5*/s32[8]{0:T(128)S(1)}, s32[8]{0:T(128)S(1)}, s32[64,8]{1,0:T(8,128)})","(s32[8]{0:T(128)}, s32[512,8]{1,0:T(8,128)}, s32[512,8]{1,0:T(8,128)S(1)}); s32[]{:T(128)S(6)}; s32[8]{0:T(128)S(1)}; s32[64]{0:T(128)S(1)}; s32[8]{0:T(128)S(1)}; s32[8]{0:T(128)S(1)}; s32[8,512]{0,1:T(8,128)}; s32[8]{0:T(128)S(1)}; s32[8]{0:T(128)S(1)}; (s32[64]{0:T(128)S(1)}, s32[64]{0:T(128)S(1)}); (s32[8]{0:T(128)}, s32[512]{0:T(512)S(1)}, s32[8]{0:T(128)}, s32[8,512]{0,1:T(8,128)}, s32[8,512]{0,1:T(8,128)S(1)}, /*index=5*/s32[512,8]{1,0:T(8,128)S(1)})",,"op_name=""custom_kernel/custom_kernel/jit(moe)/shard_map/reduce_sum"" stack_frame_id=1984",/mnt/data/workspace/tpu_benchmark_daily/third_party/torchtpu-vllm/src/vllm_torchtpu/kernels/fused_moe/v2/host.py:1149,"{""dynamic-slice"": 3, ""broadcast"": 8, ""multiply"": 9, ""reduce"": 7, ""subtract"": 3, ""bitcast"": 2, ""tuple"": 1}",[],151270,runs/layer-ops-20260923/pcp8/hlo/pid-290362/module_9043.tt_jit_layernorm_L62C0_fused_add_rms_norm_add.cl_972931731.after_codegen.txt,MoE 路由/通信计划,求和归约：构造或处理 top-k 权重、专家计数、token 排列、量化 scale、远端地址及搬运计划；本行 dtype/shape 和 fused_ops 给出实际运算。
3,/device:TPU:0,XLA Ops,concatenate.1595,concatenate,concatenate,32059.734769,0.614646,"s32[8,8]{1,0:T(8,128)}","s32[1,8]{1,0:T(1,128)S(1)}; s32[1,8]{1,0:T(1,128)S(1)}; s32[1,8]{1,0:T(1,128)S(1)}; s32[1,8]{1,0:T(1,128)S(1)}; s32[1,8]{1,0:T(1,128)S(1)}; s32[1,8]{1,0:T(1,128)S(1)}; s32[1,8]{1,0:T(1,128)S(1)}; s32[1,8]{1,0:T(1,128)S(1)}",,"op_name=""custom_kernel/custom_kernel/jit(moe)/shard_map/concatenate"" stack_frame_id=1985",/mnt/data/workspace/tpu_benchmark_daily/third_party/torchtpu-vllm/src/vllm_torchtpu/kernels/fused_moe/v2/host.py:1151,{},[],151279,runs/layer-ops-20260923/pcp8/hlo/pid-290362/module_9043.tt_jit_layernorm_L62C0_fused_add_rms_norm_add.cl_972931731.after_codegen.txt,MoE 路由/通信计划,拼接：构造或处理 top-k 权重、专家计数、token 排列、量化 scale、远端地址及搬运计划；本行 dtype/shape 和 fused_ops 给出实际运算。
3,/device:TPU:0,XLA Ops,multiply_subtract_fusion.87,loop fusion,fusion,32060.349415,0.004802,s32[64]{0:T(128)S(1)},"(s32[64]{0:T(128)S(1)}, s32[64]{0:T(128)S(1)})",,"op_name=""custom_kernel/custom_kernel/jit(moe)/shard_map/sub"" stack_frame_id=1929",/mnt/data/workspace/tpu_benchmark_daily/third_party/torchtpu-vllm/src/vllm_torchtpu/kernels/fused_moe/v2/host.py:996,"{""iota"": 1, ""broadcast"": 1, ""multiply"": 1, ""subtract"": 1}",[],151280,runs/layer-ops-20260923/pcp8/hlo/pid-290362/module_9043.tt_jit_layernorm_L62C0_fused_add_rms_norm_add.cl_972931731.after_codegen.txt,MoE 路由/通信计划,减法：构造或处理 top-k 权重、专家计数、token 排列、量化 scale、远端地址及搬运计划；本行 dtype/shape 和 fused_ops 给出实际运算。
3,/device:TPU:0,XLA Ops,convert_reduce_fusion.419,loop fusion,fusion,32060.354367,0.186074,s32[64]{0:T(128)S(1)},s32[64]{0:T(128)S(1)},,"op_name=""custom_kernel/custom_kernel/jit(moe)/shard_map/reduce_sum"" stack_frame_id=1932",/mnt/data/workspace/tpu_benchmark_daily/third_party/torchtpu-vllm/src/vllm_torchtpu/kernels/fused_moe/v2/host.py:997,"{""broadcast"": 2, ""compare"": 1, ""convert"": 1, ""reduce"": 1}",[],151281,runs/layer-ops-20260923/pcp8/hlo/pid-290362/module_9043.tt_jit_layernorm_L62C0_fused_add_rms_norm_add.cl_972931731.after_codegen.txt,MoE 路由/通信计划,求和归约：构造或处理 top-k 权重、专家计数、token 排列、量化 scale、远端地址及搬运计划；本行 dtype/shape 和 fused_ops 给出实际运算。
3,/device:TPU:0,XLA Ops,select_reduce_fusion.237,loop fusion,fusion,32060.546369,0.134454,s32[64]{0:T(128)S(1)},s32[64]{0:T(128)S(1)},,"op_name=""custom_kernel/custom_kernel/jit(moe)/shard_map/reduce_sum"" stack_frame_id=1935",/mnt/data/workspace/tpu_benchmark_daily/third_party/torchtpu-vllm/src/vllm_torchtpu/kernels/fused_moe/v2/host.py:998,"{""broadcast"": 2, ""iota"": 2, ""compare"": 1, ""select"": 1, ""reduce"": 1}",[],151282,runs/layer-ops-20260923/pcp8/hlo/pid-290362/module_9043.tt_jit_layernorm_L62C0_fused_add_rms_norm_add.cl_972931731.after_codegen.txt,MoE 路由/通信计划,求和归约：构造或处理 top-k 权重、专家计数、token 排列、量化 scale、远端地址及搬运计划；本行 dtype/shape 和 fused_ops 给出实际运算。
3,/device:TPU:0,XLA Ops,fusion.1533,loop fusion,fusion,32060.685625,1.447779,"s32[64,8]{1,0:T(8,128)}","s32[8,8,64]{0,2,1:T(8,128)}; s32[]{:T(128)S(6)}",,"op_name=""custom_kernel/custom_kernel/jit(moe)/shard_map/shift_right_arithmetic"" stack_frame_id=1913",/mnt/data/workspace/tpu_benchmark_daily/third_party/torchtpu-vllm/src/vllm_torchtpu/kernels/fused_moe/v2/host.py:1071,"{""dynamic-slice"": 1, ""broadcast"": 1, ""shift-right-arithmetic"": 1, ""bitcast"": 1}",[],151283,runs/layer-ops-20260923/pcp8/hlo/pid-290362/module_9043.tt_jit_layernorm_L62C0_fused_add_rms_norm_add.cl_972931731.after_codegen.txt,MoE 路由/通信计划,右移：构造或处理 top-k 权重、专家计数、token 排列、量化 scale、远端地址及搬运计划；本行 dtype/shape 和 fused_ops 给出实际运算。
3,/device:TPU:0,XLA Ops,broadcast_minimum_fusion.57,loop fusion,fusion,32062.133329,0.57503,s32[64]{0:T(128)},s32[64]{0:T(128)S(1)},,"op_name=""custom_kernel/custom_kernel/jit(moe)/shard_map/min"" stack_frame_id=1936",/mnt/data/workspace/tpu_benchmark_daily/third_party/torchtpu-vllm/src/vllm_torchtpu/kernels/fused_moe/v2/host.py:1001,"{""broadcast"": 1, ""minimum"": 1}",[],151284,runs/layer-ops-20260923/pcp8/hlo/pid-290362/module_9043.tt_jit_layernorm_L62C0_fused_add_rms_norm_add.cl_972931731.after_codegen.txt,MoE 路由/通信计划,取最小值：构造或处理 top-k 权重、专家计数、token 排列、量化 scale、远端地址及搬运计划；本行 dtype/shape 和 fused_ops 给出实际运算。
3,/device:TPU:0,XLA Ops,bitcast_subtract_fusion.117,loop fusion,fusion,32062.708359,0.003601,s32[8]{0:T(128)S(1)},"(s32[8]{0:T(128)S(1)}, s32[64,8]{1,0:T(8,128)S(1)}); s32[8,1]{0,1:T(1,128)S(1)}",,"op_name=""custom_kernel/custom_kernel/jit(moe)/shard_map/sub"" stack_frame_id=1906",/mnt/data/workspace/tpu_benchmark_daily/third_party/torchtpu-vllm/src/vllm_torchtpu/kernels/fused_moe/v2/host.py:1047,"{""bitcast"": 1, ""subtract"": 1}",[],151285,runs/layer-ops-20260923/pcp8/hlo/pid-290362/module_9043.tt_jit_layernorm_L62C0_fused_add_rms_norm_add.cl_972931731.after_codegen.txt,MoE 路由/通信计划,减法：构造或处理 top-k 权重、专家计数、token 排列、量化 scale、远端地址及搬运计划；本行 dtype/shape 和 fused_ops 给出实际运算。
3,/device:TPU:0,XLA Ops,add_shift-right-arithmetic_fusion.56,loop fusion,fusion,32062.712035,0.626651,"s32[64,8]{1,0:T(8,128)}","s32[64,8]{1,0:T(8,128)S(1)}; (s32[8]{0:T(128)S(1)}, s32[64,8]{1,0:T(8,128)S(1)}); s32[8]{0:T(128)S(1)}",,"op_name=""custom_kernel/custom_kernel/jit(moe)/shard_map/shift_right_arithmetic"" stack_frame_id=1910",/mnt/data/workspace/tpu_benchmark_daily/third_party/torchtpu-vllm/src/vllm_torchtpu/kernels/fused_moe/v2/host.py:1071,"{""broadcast"": 2, ""subtract"": 1, ""add"": 1, ""shift-right-arithmetic"": 1}",[],151286,runs/layer-ops-20260923/pcp8/hlo/pid-290362/module_9043.tt_jit_layernorm_L62C0_fused_add_rms_norm_add.cl_972931731.after_codegen.txt,MoE 路由/通信计划,右移：构造或处理 top-k 权重、专家计数、token 排列、量化 scale、远端地址及搬运计划；本行 dtype/shape 和 fused_ops 给出实际运算。
3,/device:TPU:0,XLA Ops,subtract_select_fusion.56,loop fusion,fusion,32063.338686,0.709484,s32[327680]{0:T(1024)S(1)},"pred[327680]{0:T(1024)(128)(4,1)S(1)}; s32[327680]{0:T(1024)S(1)}; s32[]{:T(128)S(6)}",,"op_name=""custom_kernel/custom_kernel/jit(moe)/shard_map/jit(_where)/select_n"" stack_frame_id=2027",/mnt/data/workspace/tpu_benchmark_daily/third_party/torchtpu-vllm/src/vllm_torchtpu/kernels/fused_moe/v2/host.py:933,"{""broadcast"": 3, ""select"": 2, ""compare"": 1, ""subtract"": 1}",[],151288,runs/layer-ops-20260923/pcp8/hlo/pid-290362/module_9043.tt_jit_layernorm_L62C0_fused_add_rms_norm_add.cl_972931731.after_codegen.txt,MoE 路由/通信计划,条件选择：构造或处理 top-k 权重、专家计数、token 排列、量化 scale、远端地址及搬运计划；本行 dtype/shape 和 fused_ops 给出实际运算。
3,/device:TPU:0,XLA Ops,all-gather.187.cloned.1.call-done,async-done,async-done,32064.056423,205.020408,"f8e4m3fn[32768,32,128]{2,1,0:T(32,128)(4,1)}","((f8e4m3fn[4096,32,128]{2,1,0:T(32,128)(4,1)}), f8e4m3fn[32768,32,128]{2,1,0:T(32,128)(4,1)})",,"op_name=""custom_kernel/custom_kernel/jit(moe)/shard_map/all_gather"" stack_frame_id=2037",/mnt/data/workspace/tpu_benchmark_daily/third_party/torchtpu-vllm/src/vllm_torchtpu/kernels/fused_moe/v2/layer.py:406,{},"[{""opcode"": ""all-gather"", ""shape"": ""f8e4m3fn[32768,32,128]{2,1,0:T(32,128)(4,1)}"", ""replica_groups"": ""{{0,1,2,3,4,5,6,7}}"", ""attrs"": ""channel_id=1, replica_groups={{0,1,2,3,4,5,6,7}}, dimensions={0}, use_global_device_ids=true, metadata={op_name=\""custom_kernel/custom_kernel/jit(moe)/shard_map/all_gather\"" stack_frame_id=2037}""}]",151289,runs/layer-ops-20260923/pcp8/hlo/pid-290362/module_9043.tt_jit_layernorm_L62C0_fused_add_rms_norm_add.cl_972931731.after_codegen.txt,EP dispatch / all-gather,"收集该组 token 激活、router logits 或路由计划，供本地专家处理；实际 replica groups={{0,1,2,3,4,5,6,7}}，输出 f8e4m3fn[32768,32,128]{2,1,0:T(32,128)(4,1)}。异步边界不能重复计费。"
3,/device:TPU:0,XLA Ops,compare_select_fusion.295,loop fusion,fusion,32269.078032,1.655462,"(s32[327680]{0:T(1024)}, s32[327680]{0:T(1024)})",s32[327680]{0:T(1024)S(1)},,"op_name=""custom_kernel/custom_kernel/jit(moe)/shard_map/select_n"" stack_frame_id=2046",/mnt/data/workspace/tpu_benchmark_daily/third_party/torchtpu-vllm/src/vllm_torchtpu/kernels/fused_moe/v2/layer.py:545,"{""broadcast"": 3, ""compare"": 1, ""add"": 2, ""select"": 2, ""tuple"": 1}",[],151290,runs/layer-ops-20260923/pcp8/hlo/pid-290362/module_9043.tt_jit_layernorm_L62C0_fused_add_rms_norm_add.cl_972931731.after_codegen.txt,FP8 量化 scale,计算/保护动态 FP8 scale：max(abs(x))/448；全零行使用非零替代 scale，避免除零。部分 fusion 同时生成 MoE 的有效行 mask。
3,/device:TPU:0,XLA Ops,scatter_offload_async_start.10.update,async-update,async-update,32270.733569,0.016807,"((s32[328320]{0:T(1024)}, s32[327680]{0:T(1024)}, s32[327680]{0:T(1024)}), s32[328320]{0:T(1024)})","((), (), s32[]{:S(2)}); s32[328320]{0:T(1024)}; (s32[327680]{0:T(1024)}, s32[327680]{0:T(1024)}); s32[327680]{0:T(1024)}",,,,{},[],151291,runs/layer-ops-20260923/pcp8/hlo/pid-290362/module_9043.tt_jit_layernorm_L62C0_fused_add_rms_norm_add.cl_972931731.after_codegen.txt,异步调用控制,异步 kernel/collective 的启动、提交或完成边界；具体计算在被调用的 HLO computation 中，不能把边界再当一遍计算。
3,/device:TPU:0,XLA Ops,scatter_offload_async_start.11,async-start,async-start,32270.757653,0.055222,"((), (), s32[]{:S(2)})",,,"op_name=""custom_kernel/custom_kernel/jit(moe)/shard_map/scatter-add"" stack_frame_id=2046",/mnt/data/workspace/tpu_benchmark_daily/third_party/torchtpu-vllm/src/vllm_torchtpu/kernels/fused_moe/v2/layer.py:545,"{""call"": 1}",[],151292,runs/layer-ops-20260923/pcp8/hlo/pid-290362/module_9043.tt_jit_layernorm_L62C0_fused_add_rms_norm_add.cl_972931731.after_codegen.txt,异步调用控制,异步 kernel/collective 的启动、提交或完成边界；具体计算在被调用的 HLO computation 中，不能把边界再当一遍计算。
3,/device:TPU:0,XLA Ops,copy-done.3109,copy-done,copy-done,32270.822329,0.0012,s32[64]{0:T(128)S(1)},"(s32[64]{0:T(128)S(1)}, s32[64]{0:T(128)}, u32[]{:S(2)})",,,,{},[],151293,runs/layer-ops-20260923/pcp8/hlo/pid-290362/module_9043.tt_jit_layernorm_L62C0_fused_add_rms_norm_add.cl_972931731.after_codegen.txt,DMA 搬运,等待对应 DMA 完成；与 copy-start 是同一次搬运的两端，不能重复计算搬运量。
3,/device:TPU:0,XLA Ops,broadcast_subtract_fusion.56,loop fusion,fusion,32270.830808,1.337335,s32[64]{0:T(128)},s32[]{:T(128)S(1)}; s32[512]{0:T(512)}; s32[]{:T(128)S(6)},,"op_name=""custom_kernel/custom_kernel/jit(moe)/shard_map/sub"" stack_frame_id=1925",/mnt/data/workspace/tpu_benchmark_daily/third_party/torchtpu-vllm/src/vllm_torchtpu/kernels/fused_moe/v2/host.py:914,"{""dynamic-slice"": 1, ""broadcast"": 1, ""subtract"": 1}",[],151295,runs/layer-ops-20260923/pcp8/hlo/pid-290362/module_9043.tt_jit_layernorm_L62C0_fused_add_rms_norm_add.cl_972931731.after_codegen.txt,MoE 路由/通信计划,减法：构造或处理 top-k 权重、专家计数、token 排列、量化 scale、远端地址及搬运计划；本行 dtype/shape 和 fused_ops 给出实际运算。
3,/device:TPU:0,XLA Ops,scatter_offload_async_start.11.update,async-update,async-update,32272.168143,0.016807,"((s32[328448]{0:T(1024)}, s32[327680]{0:T(1024)}, s32[327680]{0:T(1024)}), s32[328448]{0:T(1024)})","((), (), s32[]{:S(2)}); s32[328448]{0:T(1024)}; (s32[327680]{0:T(1024)}, s32[327680]{0:T(1024)}); s32[327680]{0:T(1024)}",,,,{},[],151296,runs/layer-ops-20260923/pcp8/hlo/pid-290362/module_9043.tt_jit_layernorm_L62C0_fused_add_rms_norm_add.cl_972931731.after_codegen.txt,异步调用控制,异步 kernel/collective 的启动、提交或完成边界；具体计算在被调用的 HLO computation 中，不能把边界再当一遍计算。
3,/device:TPU:0,XLA Ops,gather_offload_async_start.6,async-start,async-start,32272.193278,0.102041,"((), (), s32[]{:S(2)})",,,"op_name=""custom_kernel/custom_kernel/jit(moe)/shard_map/gather"" stack_frame_id=2066",/mnt/data/workspace/tpu_benchmark_daily/third_party/torchtpu-vllm/src/vllm_torchtpu/kernels/fused_moe/v2/layer.py:93,"{""call"": 1}",[],151297,runs/layer-ops-20260923/pcp8/hlo/pid-290362/module_9043.tt_jit_layernorm_L62C0_fused_add_rms_norm_add.cl_972931731.after_codegen.txt,SparseCore 索引读取,将按索引 gather 交给 SparseCore；此处 offload 表示计算交给 SparseCore，不表示模型权重从 DRAM offload。
3,/device:TPU:0,XLA Ops,scatter_offload_async_done.10,async-done,async-done,32272.303797,20.703481,s32[328320]{0:T(1024)},"((s32[328320]{0:T(1024)}, s32[327680]{0:T(1024)}, s32[327680]{0:T(1024)}), s32[328320]{0:T(1024)})",,"op_name=""custom_kernel/custom_kernel/jit(moe)/shard_map/scatter-add"" stack_frame_id=2040",/mnt/data/workspace/tpu_benchmark_daily/third_party/torchtpu-vllm/src/vllm_torchtpu/kernels/fused_moe/v2/host.py:969,{},[],151298,runs/layer-ops-20260923/pcp8/hlo/pid-290362/module_9043.tt_jit_layernorm_L62C0_fused_add_rms_norm_add.cl_972931731.after_codegen.txt,异步调用控制,异步 kernel/collective 的启动、提交或完成边界；具体计算在被调用的 HLO computation 中，不能把边界再当一遍计算。
3,/device:TPU:0,XLA Ops,broadcast_clamp_fusion.56,loop fusion,fusion,32293.007428,1.548619,s32[328320]{0:T(1024)S(1)},s32[328320]{0:T(1024)},,"op_name=""custom_kernel/custom_kernel/jit(moe)/shard_map/jit(clip)/min"" stack_frame_id=2043",/mnt/data/workspace/tpu_benchmark_daily/third_party/torchtpu-vllm/src/vllm_torchtpu/kernels/fused_moe/v2/host.py:970,"{""broadcast"": 2, ""clamp"": 1}",[],151299,runs/layer-ops-20260923/pcp8/hlo/pid-290362/module_9043.tt_jit_layernorm_L62C0_fused_add_rms_norm_add.cl_972931731.after_codegen.txt,MoE 路由/通信计划,取最小值：构造或处理 top-k 权重、专家计数、token 排列、量化 scale、远端地址及搬运计划；本行 dtype/shape 和 fused_ops 给出实际运算。
3,/device:TPU:0,XLA Ops,pad.1520,pad,pad,32294.563176,1.348139,s32[328576]{0:T(1024)},s32[328320]{0:T(1024)S(1)}; s32[]{:T(128)},,"op_name=""custom_kernel/custom_kernel/jit(moe)/shard_map/jit(_pad)/pad"" stack_frame_id=2044",/mnt/data/workspace/tpu_benchmark_daily/third_party/torchtpu-vllm/src/vllm_torchtpu/kernels/fused_moe/v2/layer.py:523,{},[],151300,runs/layer-ops-20260923/pcp8/hlo/pid-290362/module_9043.tt_jit_layernorm_L62C0_fused_add_rms_norm_add.cl_972931731.after_codegen.txt,MoE 路由/通信计划,补齐：构造或处理 top-k 权重、专家计数、token 排列、量化 scale、远端地址及搬运计划；本行 dtype/shape 和 fused_ops 给出实际运算。
3,/device:TPU:0,XLA Ops,scatter_offload_async_done.11,async-done,async-done,32295.91124,21.773109,s32[328448]{0:T(1024)},"((s32[328448]{0:T(1024)}, s32[327680]{0:T(1024)}, s32[327680]{0:T(1024)}), s32[328448]{0:T(1024)})",,"op_name=""custom_kernel/custom_kernel/jit(moe)/shard_map/scatter-add"" stack_frame_id=2046",/mnt/data/workspace/tpu_benchmark_daily/third_party/torchtpu-vllm/src/vllm_torchtpu/kernels/fused_moe/v2/layer.py:545,{},[],151301,runs/layer-ops-20260923/pcp8/hlo/pid-290362/module_9043.tt_jit_layernorm_L62C0_fused_add_rms_norm_add.cl_972931731.after_codegen.txt,异步调用控制,异步 kernel/collective 的启动、提交或完成边界；具体计算在被调用的 HLO computation 中，不能把边界再当一遍计算。
3,/device:TPU:0,XLA Ops,bitcast-convert_bitcast_fusion.56,loop fusion,fusion,32317.684349,2.446579,"f32[2566,128]{1,0:T(8,128)}",s32[328448]{0:T(1024)},,"op_name=""custom_kernel/custom_kernel/jit(moe)/shard_map/reshape"" stack_frame_id=2051",/mnt/data/workspace/tpu_benchmark_daily/third_party/torchtpu-vllm/src/vllm_torchtpu/kernels/fused_moe/v2/layer.py:546,"{""bitcast-convert"": 1, ""bitcast"": 1}",[],151302,runs/layer-ops-20260923/pcp8/hlo/pid-290362/module_9043.tt_jit_layernorm_L62C0_fused_add_rms_norm_add.cl_972931731.after_codegen.txt,MoE 路由/通信计划,形状变换：构造或处理 top-k 权重、专家计数、token 排列、量化 scale、远端地址及搬运计划；本行 dtype/shape 和 fused_ops 给出实际运算。
3,/device:TPU:0,XLA Ops,copy-done.3228,copy-done,copy-done,32320.132053,0.002401,s32[64]{0:T(128)},"(s32[64]{0:T(128)}, s32[64]{0:T(128)S(1)}, u32[]{:S(2)})",,,,{},[],151303,runs/layer-ops-20260923/pcp8/hlo/pid-290362/module_9043.tt_jit_layernorm_L62C0_fused_add_rms_norm_add.cl_972931731.after_codegen.txt,DMA 搬运,等待对应 DMA 完成；与 copy-start 是同一次搬运的两端，不能重复计算搬运量。
3,/device:TPU:0,XLA Ops,copy-start.2355,copy-start,copy-start,32320.135655,0.002401,"(f32[4096]{0:T(1024)S(1)}, f32[4096]{0:T(1024)}, u32[]{:S(2)})",f32[4096]{0:T(1024)},,,,{},[],151304,runs/layer-ops-20260923/pcp8/hlo/pid-290362/module_9043.tt_jit_layernorm_L62C0_fused_add_rms_norm_add.cl_972931731.after_codegen.txt,DMA 搬运,启动 DMA 搬运。
3,/device:TPU:0,XLA Ops,copy-start.2656,copy-start,copy-start,32320.138131,0.0,"(pred[4096]{0:T(1024)(128)(4,1)S(1)}, pred[4096]{0:T(1024)(128)(4,1)}, u32[]{:S(2)})","(pred[4096]{0:T(1024)(128)(4,1)}, f32[4096,512]{1,0:T(8,128)S(1)})",,,,{},[],151305,runs/layer-ops-20260923/pcp8/hlo/pid-290362/module_9043.tt_jit_layernorm_L62C0_fused_add_rms_norm_add.cl_972931731.after_codegen.txt,DMA 搬运,启动 DMA 搬运。
3,/device:TPU:0,XLA Ops,fused_ep_moe_v2_g64_c128_nb3.183,custom-call,custom-call,32320.139256,2161.247299,"(f8e4m3fn[41472,32,128]{2,1,0:T(32,128)(4,1)}, f32[1350,128]{1,0:T(8,128)}, f8e4m3fn[328320,32,128]{2,1,0:T(8,128)(4,1)}, f32[2695,128]{1,0:T(8,128)})","(s32[8,64]{0,1:T(8,128)S(1)}, s32[64,8]{1,0:T(8,128)}); (s32[8]{0:T(128)S(1)}, s32[64,8]{1,0:T(8,128)}); s32[64,8]{1,0:T(8,128)}; s32[64,8]{1,0:T(8,128)}; (s32[8]{0:T(128)S(1)}, s32[8]{0:T(128)S(1)}, s32[8]{0:T(128)S(1)}, s32[8]{0:T(128)S(1)}, s32[8]{0:T(128)S(1)}, /*index=5*/s32[8]{0:T(128)S(1)}, s32[8]{0:T(128)S(1)}, s32[64,8]{1,0:T(8,128)}); s32[64]{0:T(128)}; s32[64]{0:T(128)}; s32[64]{0:T(128)}; s32[8,8]{1,0:T(8,128)}; s32[1,1]{1,0:T(1,128)}; s32[328576]{0:T(1024)}; f8e4m3fn[32768,32,128]{2,1,0:T(32,128)(4,1)}; f32[2566,128]{1,0:T(8,128)}; f8e4m3fn[64,4096,2048]{2,1,0:T(32,128)(4,1)}; f8e4m3fn[64,1024,4096]{2,1,0:T(32,128)(4,1)}; f32[64,2048]{1,0:T(8,128)}; f32[64,4096]{1,0:T(8,128)}","routed_expert_scale,routed_expert_weight","op_name=""custom_kernel/custom_kernel/jit(moe)/shard_map/fused_ep_moe_v2_g64_c128_nb3/pallas_call"" stack_frame_id=2053",/mnt/data/workspace/tpu_benchmark_daily/third_party/torchtpu-vllm/src/vllm_torchtpu/kernels/fused_moe/v2/kernel.py:1738,{},[],151308,runs/layer-ops-20260923/pcp8/hlo/pid-290362/module_9043.tt_jit_layernorm_L62C0_fused_add_rms_norm_add.cl_972931731.after_codegen.txt,路由专家计算,融合本 rank 专家的 gate/up GEMM、SiLU×up、down GEMM，以及把结果推送回 token 所属 rank；权重和传输格式见 shape。
3,/device:TPU:0,XLA Ops,gather_offload_async_start.6.update,async-update,async-update,34481.395033,0.036014,"((f32[1350,128]{1,0:T(8,128)}, s32[40960]{0:T(1024)}), f32[40960]{0:T(1024)})","((), (), s32[]{:S(2)}); (f8e4m3fn[41472,32,128]{2,1,0:T(32,128)(4,1)}, f32[1350,128]{1,0:T(8,128)}, f8e4m3fn[328320,32,128]{2,1,0:T(8,128)(4,1)}, f32[2695,128]{1,0:T(8,128)}); s32[40960]{0:T(1024)}",,,,{},[],151309,runs/layer-ops-20260923/pcp8/hlo/pid-290362/module_9043.tt_jit_layernorm_L62C0_fused_add_rms_norm_add.cl_972931731.after_codegen.txt,SparseCore 索引读取,将按索引 gather 交给 SparseCore；此处 offload 表示计算交给 SparseCore，不表示模型权重从 DRAM offload。
3,/device:TPU:0,XLA Ops,gather_offload_async_done.6,async-done,async-done,34481.499475,6.487395,f32[40960]{0:T(1024)},"((f32[1350,128]{1,0:T(8,128)}, s32[40960]{0:T(1024)}), f32[40960]{0:T(1024)})",,"op_name=""custom_kernel/custom_kernel/jit(moe)/shard_map/gather"" stack_frame_id=2066",/mnt/data/workspace/tpu_benchmark_daily/third_party/torchtpu-vllm/src/vllm_torchtpu/kernels/fused_moe/v2/layer.py:93,{},[],151311,runs/layer-ops-20260923/pcp8/hlo/pid-290362/module_9043.tt_jit_layernorm_L62C0_fused_add_rms_norm_add.cl_972931731.after_codegen.txt,SparseCore 索引读取,将按索引 gather 交给 SparseCore；此处 offload 表示计算交给 SparseCore，不表示模型权重从 DRAM offload。
3,/device:TPU:0 SparseCore 0,Sparse Core Ops,gather_offload_custom_fusion.202.cloned.1.call-start,async-start,async-start,34481.540216,0.012005,"((f32[1350,128]{1,0:T(8,128)}, s32[40960]{0:T(1024)}), f32[40960]{0:T(1024)}, u32[]{:S(8)})","f32[1350,128]{1,0:T(8,128)}; s32[40960]{0:T(1024)}",,"op_name=""custom_kernel/custom_kernel/jit(moe)/shard_map/gather"" stack_frame_id=2066",/mnt/data/workspace/tpu_benchmark_daily/third_party/torchtpu-vllm/src/vllm_torchtpu/kernels/fused_moe/v2/layer.py:93,"{""call"": 1}",[],22534,runs/layer-ops-20260923/pcp8/hlo/pid-290362/module_9043.tt_jit_layernorm_L62C0_fused_add_rms_norm_add.cl_972931731.after_codegen.txt,SparseCore 索引读取,将按索引 gather 交给 SparseCore；此处 offload 表示计算交给 SparseCore，不表示模型权重从 DRAM offload。
3,/device:TPU:0 SparseCore 0,Sparse Core Ops,gather_offload_custom_fusion.202.cloned.1.call-done,async-done,async-done,34481.555898,6.241297,f32[40960]{0:T(1024)},"((f32[1350,128]{1,0:T(8,128)}, s32[40960]{0:T(1024)}), f32[40960]{0:T(1024)}, u32[]{:S(8)})",,"op_name=""custom_kernel/custom_kernel/jit(moe)/shard_map/gather"" stack_frame_id=2066",/mnt/data/workspace/tpu_benchmark_daily/third_party/torchtpu-vllm/src/vllm_torchtpu/kernels/fused_moe/v2/layer.py:93,{},[],22535,runs/layer-ops-20260923/pcp8/hlo/pid-290362/module_9043.tt_jit_layernorm_L62C0_fused_add_rms_norm_add.cl_972931731.after_codegen.txt,SparseCore 索引读取,将按索引 gather 交给 SparseCore；此处 offload 表示计算交给 SparseCore，不表示模型权重从 DRAM offload。
3,/device:TPU:0,XLA Ops,reshape.27183,data formatting,reshape,34487.987996,3.213685,"f32[4096,10]{1,0:T(8,128)S(1)}",f32[40960]{0:T(1024)},,"op_name=""custom_kernel/custom_kernel/jit(moe)/shard_map/gather"" stack_frame_id=2066",/mnt/data/workspace/tpu_benchmark_daily/third_party/torchtpu-vllm/src/vllm_torchtpu/kernels/fused_moe/v2/layer.py:93,{},[],151312,runs/layer-ops-20260923/pcp8/hlo/pid-290362/module_9043.tt_jit_layernorm_L62C0_fused_add_rms_norm_add.cl_972931731.after_codegen.txt,数据复制/布局物化,编译器生成的实际数据复制或物理布局变换；比较 operand_shapes 与 shape 可区分 tiling/维度顺序和 memory space 的变化。
3,/device:TPU:0,XLA Ops,copy-done.2355,copy-done,copy-done,34491.208959,0.002401,f32[4096]{0:T(1024)S(1)},"(f32[4096]{0:T(1024)S(1)}, f32[4096]{0:T(1024)}, u32[]{:S(2)})",,,,{},[],151313,runs/layer-ops-20260923/pcp8/hlo/pid-290362/module_9043.tt_jit_layernorm_L62C0_fused_add_rms_norm_add.cl_972931731.after_codegen.txt,DMA 搬运,等待对应 DMA 完成；与 copy-start 是同一次搬运的两端，不能重复计算搬运量。
3,/device:TPU:0,XLA Ops,copy-done.2656,copy-done,copy-done,34491.218788,0.002401,"pred[4096]{0:T(1024)(128)(4,1)S(1)}","(pred[4096]{0:T(1024)(128)(4,1)S(1)}, pred[4096]{0:T(1024)(128)(4,1)}, u32[]{:S(2)})",,,,{},[],151314,runs/layer-ops-20260923/pcp8/hlo/pid-290362/module_9043.tt_jit_layernorm_L62C0_fused_add_rms_norm_add.cl_972931731.after_codegen.txt,DMA 搬运,等待对应 DMA 完成；与 copy-start 是同一次搬运的两端，不能重复计算搬运量。
3,/device:TPU:0,XLA Ops,select_multiply_fusion.56,loop fusion,fusion,34491.230493,3.256903,"f32[4096,10]{1,0:T(8,128)S(1)}","f32[4096,10]{1,0:T(8,128)S(1)}; f32[4096,10]{1,0:T(8,128)}; f32[4096]{0:T(1024)S(1)}; pred[4096]{0:T(1024)(128)(4,1)S(1)}",,"op_name=""custom_kernel/custom_kernel/jit(moe)/shard_map/mul"" stack_frame_id=2075",/mnt/data/workspace/tpu_benchmark_daily/third_party/torchtpu-vllm/src/vllm_torchtpu/kernels/fused_moe/v2/layer.py:95,"{""broadcast"": 3, ""divide"": 1, ""select"": 1, ""multiply"": 1}",[],151315,runs/layer-ops-20260923/pcp8/hlo/pid-290362/module_9043.tt_jit_layernorm_L62C0_fused_add_rms_norm_add.cl_972931731.after_codegen.txt,MoE 路由/通信计划,乘法：构造或处理 top-k 权重、专家计数、token 排列、量化 scale、远端地址及搬运计划；本行 dtype/shape 和 fused_ops 给出实际运算。
3,/device:TPU:0,XLA Ops,reshape.23113,data formatting,reshape,34494.495949,2.408163,f32[40960]{0:T(1024)},"f32[4096,10]{1,0:T(8,128)S(1)}",,"op_name=""custom_kernel/custom_kernel/jit(moe)/shard_map/reshape"" stack_frame_id=2077",/mnt/data/workspace/tpu_benchmark_daily/third_party/torchtpu-vllm/src/vllm_torchtpu/kernels/fused_moe/v2/kernel.py:1977,{},[],151316,runs/layer-ops-20260923/pcp8/hlo/pid-290362/module_9043.tt_jit_layernorm_L62C0_fused_add_rms_norm_add.cl_972931731.after_codegen.txt,数据复制/布局物化,编译器生成的实际数据复制或物理布局变换；比较 operand_shapes 与 shape 可区分 tiling/维度顺序和 memory space 的变化。
3,/device:TPU:0,XLA Ops,copy-start.2480,copy-start,copy-start,34496.905162,0.002401,"(f32[4096]{0:T(1024)S(1)}, f32[4096]{0:T(1024)}, u32[]{:S(2)})",f32[4096]{0:T(1024)},,,,{},[],151317,runs/layer-ops-20260923/pcp8/hlo/pid-290362/module_9043.tt_jit_layernorm_L62C0_fused_add_rms_norm_add.cl_972931731.after_codegen.txt,DMA 搬运,启动 DMA 搬运。
3,/device:TPU:0,XLA Ops,copy-start.2969,copy-start,copy-start,34496.908764,0.0,"(bf16[4096]{0:T(1024)(128)(2,1)S(1)}, bf16[4096]{0:T(1024)(128)(2,1)}, u32[]{:S(2)})","bf16[4096]{0:T(1024)(128)(2,1)}",,,,{},[],151318,runs/layer-ops-20260923/pcp8/hlo/pid-290362/module_9043.tt_jit_layernorm_L62C0_fused_add_rms_norm_add.cl_972931731.after_codegen.txt,DMA 搬运,启动 DMA 搬运。
3,/device:TPU:0,XLA Ops,copy-start.3669,copy-start,copy-start,34496.909064,0.002401,"(f32[4096]{0:T(1024)S(1)}, f32[4096]{0:T(1024)}, u32[]{:S(2)})",f32[4096]{0:T(1024)},weight_or_scale,,,{},[],151319,runs/layer-ops-20260923/pcp8/hlo/pid-290362/module_9043.tt_jit_layernorm_L62C0_fused_add_rms_norm_add.cl_972931731.after_codegen.txt,DMA 搬运,启动 DMA 搬运。
3,/device:TPU:0,XLA Ops,moe_v2_combine_t4096_k10_b64.183,custom-call,custom-call,34496.91124,178.798319,"bf16[4096,4096]{1,0:T(16,128)(2,1)}","s32[40960]{0:T(1024)}; f32[40960]{0:T(1024)}; (f8e4m3fn[41472,32,128]{2,1,0:T(32,128)(4,1)}, f32[1350,128]{1,0:T(8,128)}, f8e4m3fn[328320,32,128]{2,1,0:T(8,128)(4,1)}, f32[2695,128]{1,0:T(8,128)})",,"op_name=""custom_kernel/custom_kernel/jit(moe)/shard_map/moe_v2_combine_t4096_k10_b64/pallas_call"" stack_frame_id=2078",/mnt/data/workspace/tpu_benchmark_daily/third_party/torchtpu-vllm/src/vllm_torchtpu/kernels/fused_moe/v2/kernel.py:1976,{},[],151321,runs/layer-ops-20260923/pcp8/hlo/pid-290362/module_9043.tt_jit_layernorm_L62C0_fused_add_rms_norm_add.cl_972931731.after_codegen.txt,路由专家合并,按 token 的 top-k 路由取回专家结果，反量化、乘路由权重并求和，输出 BF16 hidden states。
3,/device:TPU:0,XLA Ops,copy-done.2480,copy-done,copy-done,34675.717888,0.002401,f32[4096]{0:T(1024)S(1)},"(f32[4096]{0:T(1024)S(1)}, f32[4096]{0:T(1024)}, u32[]{:S(2)})",,,,{},[],151322,runs/layer-ops-20260923/pcp8/hlo/pid-290362/module_9043.tt_jit_layernorm_L62C0_fused_add_rms_norm_add.cl_972931731.after_codegen.txt,DMA 搬运,等待对应 DMA 完成；与 copy-start 是同一次搬运的两端，不能重复计算搬运量。
3,/device:TPU:0,XLA Ops,copy-done.2969,copy-done,copy-done,34675.727491,0.002401,"bf16[4096]{0:T(1024)(128)(2,1)S(1)}","(bf16[4096]{0:T(1024)(128)(2,1)S(1)}, bf16[4096]{0:T(1024)(128)(2,1)}, u32[]{:S(2)})",,,,{},[],151323,runs/layer-ops-20260923/pcp8/hlo/pid-290362/module_9043.tt_jit_layernorm_L62C0_fused_add_rms_norm_add.cl_972931731.after_codegen.txt,DMA 搬运,等待对应 DMA 完成；与 copy-start 是同一次搬运的两端，不能重复计算搬运量。
3,/device:TPU:0,XLA Ops,copy-done.3669,copy-done,copy-done,34675.73717,0.002401,f32[4096]{0:T(1024)S(1)},"(f32[4096]{0:T(1024)S(1)}, f32[4096]{0:T(1024)}, u32[]{:S(2)})",weight_or_scale,,,{},[],151324,runs/layer-ops-20260923/pcp8/hlo/pid-290362/module_9043.tt_jit_layernorm_L62C0_fused_add_rms_norm_add.cl_972931731.after_codegen.txt,DMA 搬运,等待对应 DMA 完成；与 copy-start 是同一次搬运的两端，不能重复计算搬运量。
3,/device:TPU:0,XLA Ops,multiply_reduce_fusion.157,convolution fusion,fusion,34675.763581,63.565426,"(f32[4096]{0:T(1024)S(1)}, bf16[4096,4096]{1,0:T(16,128)(2,1)})","(f32[4096]{0:T(1024)S(1)}, bf16[4096,4096]{1,0:T(16,128)(2,1)}, bf16[4096,4096]{1,0:T(16,128)(2,1)}); (f32[4096]{0:T(1024)S(1)}, bf16[4096,4096]{1,0:T(16,128)(2,1)}, bf16[4096,4096]{1,0:T(16,128)(2,1)}); bf16[4096,4096]{1,0:T(16,128)(2,1)}; f32[4096]{0:T(1024)S(1)}; f32[4096]{0:T(1024)S(1)}; f8e4m3fn[4096,1024]{1,0:T(32,128)(4,1)}; f8e4m3fn[1024,4096]{1,0:T(32,128)(4,1)}; bf16[4096]{0:T(1024)(128)(2,1)S(1)}","shared_down_weight,weight_or_scale","op_name=""custom_kernel/custom_kernel/jit(_quantized_matmul_jax)/dot_general"" stack_frame_id=1757",/mnt/data/workspace/tpu_benchmark_daily/third_party/torchtpu-vllm/src/vllm_torchtpu/kernels/quantized_matmul/util.py:98,"{""broadcast"": 3, ""fusion"": 5, ""convolution"": 1, ""multiply"": 4, ""convert"": 6, ""add"": 3, ""reduce"": 1, ""copy"": 1, ""tuple"": 1}",[],151326,runs/layer-ops-20260923/pcp8/hlo/pid-290362/module_9043.tt_jit_layernorm_L62C0_fused_add_rms_norm_add.cl_972931731.after_codegen.txt,共享专家 down/合并,共享专家的 down GEMM 投影回 hidden；可融合其 gate、路由专家输出相加及后续归一化的部分计算。
3,/device:TPU:0,XLA Ops,add_rsqrt_fusion.142,loop fusion,fusion,34739.336285,0.012005,f32[4096]{0:T(1024)S(1)},"(f32[4096]{0:T(1024)S(1)}, bf16[4096,4096]{1,0:T(16,128)(2,1)})",,"op_name=""rsqrt/rsqrt"" stack_frame_id=1306",/mnt/data/workspace/tpu_benchmark_daily/.venv/lib64/python3.12/site-packages/vllm/ir/ops/layernorm.py:60,"{""broadcast"": 2, ""multiply"": 1, ""add"": 1, ""rsqrt"": 1}",[],151327,runs/layer-ops-20260923/pcp8/hlo/pid-290362/module_9043.tt_jit_layernorm_L62C0_fused_add_rms_norm_add.cl_972931731.after_codegen.txt,RMSNorm/residual,计算均方、加 epsilon、rsqrt 和归一化；融合版本同时处理 residual add，具体融合范围见 HLO。
