layer,plane,line,name,category,opcode,start_us,duration_us,shape,operand_shapes,direct_weights,metadata,source,fused_ops,collectives,hlo_line,hlo_source,group,purpose
1,/device:TPU:0,XLA Ops,copy-start.2307,copy-start,copy-start,9728.734769,0.009604,"(bf16[12288,1,4]{0,2,1:T(4,128)(2,1)S(1)}, bf16[12288,1,4]{0,2,1:T(4,128)(2,1)}, u32[]{:S(2)})","bf16[12288,1,4]{0,2,1:T(4,128)(2,1)}",gdn_conv_weight,,,{},[],149231,runs/layer-ops-20260923/pcp8/hlo/pid-290362/module_9043.tt_jit_layernorm_L62C0_fused_add_rms_norm_add.cl_972931731.after_codegen.txt,DMA 搬运,启动 DMA 搬运。
1,/device:TPU:0,XLA Ops,copy-start.3484,copy-start,copy-start,9732.335159,0.009604,"(bf16[64]{0:T(256)(128)(2,1)S(1)}, bf16[64]{0:T(256)(128)(2,1)}, u32[]{:S(2)})","bf16[64]{0:T(256)(128)(2,1)}",gdn_decay_gate_parameter,,,{},[],149254,runs/layer-ops-20260923/pcp8/hlo/pid-290362/module_9043.tt_jit_layernorm_L62C0_fused_add_rms_norm_add.cl_972931731.after_codegen.txt,DMA 搬运,启动 DMA 搬运。
1,/device:TPU:0,XLA Ops,copy-start.3485,copy-start,copy-start,9732.351816,0.008403,"(f32[64]{0:T(128)S(1)}, f32[64]{0:T(128)}, u32[]{:S(2)})",f32[64]{0:T(128)},gdn_decay_gate_parameter,,,{},[],149255,runs/layer-ops-20260923/pcp8/hlo/pid-290362/module_9043.tt_jit_layernorm_L62C0_fused_add_rms_norm_add.cl_972931731.after_codegen.txt,DMA 搬运,启动 DMA 搬运。
1,/device:TPU:0,XLA Ops,copy-start.3843,copy-start,copy-start,9732.368623,0.008403,"(bf16[128]{0:T(256)(128)(2,1)S(1)}, bf16[128]{0:T(256)(128)(2,1)}, u32[]{:S(2)})","bf16[128]{0:T(256)(128)(2,1)}",gdn_gated_rms_weight,,,{},[],149256,runs/layer-ops-20260923/pcp8/hlo/pid-290362/module_9043.tt_jit_layernorm_L62C0_fused_add_rms_norm_add.cl_972931731.after_codegen.txt,DMA 搬运,启动 DMA 搬运。
1,/device:TPU:0,XLA Ops,copy-done.2307,copy-done,copy-done,9766.83561,0.002401,"bf16[12288,1,4]{0,2,1:T(4,128)(2,1)S(1)}","(bf16[12288,1,4]{0,2,1:T(4,128)(2,1)S(1)}, bf16[12288,1,4]{0,2,1:T(4,128)(2,1)}, u32[]{:S(2)})",gdn_conv_weight,,,{},[],149273,runs/layer-ops-20260923/pcp8/hlo/pid-290362/module_9043.tt_jit_layernorm_L62C0_fused_add_rms_norm_add.cl_972931731.after_codegen.txt,DMA 搬运,等待对应 DMA 完成；与 copy-start 是同一次搬运的两端，不能重复计算搬运量。
1,/device:TPU:0,XLA Ops,constant_dynamic-update-slice_fusion.47,loop fusion,fusion,9766.838011,0.003601,"bf16[12288,1,4]{0,2,1:T(4,128)(2,1)S(1)}","bf16[12288,1,4]{0,2,1:T(4,128)(2,1)S(1)}",gdn_conv_weight,,,"{""custom-call"": 1, ""slice"": 1, ""dynamic-update-slice"": 1}",[],149274,runs/layer-ops-20260923/pcp8/hlo/pid-290362/module_9043.tt_jit_layernorm_L62C0_fused_add_rms_norm_add.cl_972931731.after_codegen.txt,PCP Conv 权重重排,切取并拼回 Conv 权重片段，形成 PCP head shard 所需的 Q/K/V 顺序；这是本轮 trace 中真实执行的重排。
1,/device:TPU:0,XLA Ops,constant_dynamic-update-slice_fusion.46,loop fusion,fusion,9766.842737,0.010804,"bf16[12288,1,4]{0,2,1:T(4,128)(2,1)S(1)}","bf16[12288,1,4]{0,2,1:T(4,128)(2,1)S(1)}; bf16[12288,1,4]{0,2,1:T(4,128)(2,1)S(1)}",gdn_conv_weight,,,"{""slice"": 1, ""dynamic-update-slice"": 1}",[],149275,runs/layer-ops-20260923/pcp8/hlo/pid-290362/module_9043.tt_jit_layernorm_L62C0_fused_add_rms_norm_add.cl_972931731.after_codegen.txt,PCP Conv 权重重排,切取并拼回 Conv 权重片段，形成 PCP head shard 所需的 Q/K/V 顺序；这是本轮 trace 中真实执行的重排。
1,/device:TPU:0,XLA Ops,constant_dynamic-update-slice_fusion.45,loop fusion,fusion,9766.853617,0.012005,"bf16[12288,1,4]{0,2,1:T(4,128)(2,1)S(1)}","bf16[12288,1,4]{0,2,1:T(4,128)(2,1)S(1)}; bf16[12288,1,4]{0,2,1:T(4,128)(2,1)S(1)}",gdn_conv_weight,,,"{""slice"": 1, ""dynamic-update-slice"": 1}",[],149276,runs/layer-ops-20260923/pcp8/hlo/pid-290362/module_9043.tt_jit_layernorm_L62C0_fused_add_rms_norm_add.cl_972931731.after_codegen.txt,PCP Conv 权重重排,切取并拼回 Conv 权重片段，形成 PCP head shard 所需的 Q/K/V 顺序；这是本轮 trace 中真实执行的重排。
1,/device:TPU:0,XLA Ops,constant_dynamic-update-slice_fusion.44,loop fusion,fusion,9766.867948,0.010804,"bf16[12288,1,4]{0,2,1:T(4,128)(2,1)S(1)}","bf16[12288,1,4]{0,2,1:T(4,128)(2,1)S(1)}; bf16[12288,1,4]{0,2,1:T(4,128)(2,1)S(1)}",gdn_conv_weight,,,"{""slice"": 1, ""dynamic-update-slice"": 1}",[],149277,runs/layer-ops-20260923/pcp8/hlo/pid-290362/module_9043.tt_jit_layernorm_L62C0_fused_add_rms_norm_add.cl_972931731.after_codegen.txt,PCP Conv 权重重排,切取并拼回 Conv 权重片段，形成 PCP head shard 所需的 Q/K/V 顺序；这是本轮 trace 中真实执行的重排。
1,/device:TPU:0,XLA Ops,constant_dynamic-update-slice_fusion.43,loop fusion,fusion,9766.881228,0.010804,"bf16[12288,1,4]{0,2,1:T(4,128)(2,1)S(1)}","bf16[12288,1,4]{0,2,1:T(4,128)(2,1)S(1)}; bf16[12288,1,4]{0,2,1:T(4,128)(2,1)S(1)}",gdn_conv_weight,,,"{""slice"": 1, ""dynamic-update-slice"": 1}",[],149278,runs/layer-ops-20260923/pcp8/hlo/pid-290362/module_9043.tt_jit_layernorm_L62C0_fused_add_rms_norm_add.cl_972931731.after_codegen.txt,PCP Conv 权重重排,切取并拼回 Conv 权重片段，形成 PCP head shard 所需的 Q/K/V 顺序；这是本轮 trace 中真实执行的重排。
1,/device:TPU:0,XLA Ops,constant_dynamic-update-slice_fusion.42,loop fusion,fusion,9766.895634,0.013205,"bf16[12288,1,4]{0,2,1:T(4,128)(2,1)S(1)}","bf16[12288,1,4]{0,2,1:T(4,128)(2,1)S(1)}; bf16[12288,1,4]{0,2,1:T(4,128)(2,1)S(1)}",gdn_conv_weight,,,"{""slice"": 1, ""dynamic-update-slice"": 1}",[],149279,runs/layer-ops-20260923/pcp8/hlo/pid-290362/module_9043.tt_jit_layernorm_L62C0_fused_add_rms_norm_add.cl_972931731.after_codegen.txt,PCP Conv 权重重排,切取并拼回 Conv 权重片段，形成 PCP head shard 所需的 Q/K/V 顺序；这是本轮 trace 中真实执行的重排。
1,/device:TPU:0,XLA Ops,constant_dynamic-update-slice_fusion.41,loop fusion,fusion,9766.91244,0.010804,"bf16[12288,1,4]{0,2,1:T(4,128)(2,1)S(1)}","bf16[12288,1,4]{0,2,1:T(4,128)(2,1)S(1)}; bf16[12288,1,4]{0,2,1:T(4,128)(2,1)S(1)}",gdn_conv_weight,,,"{""slice"": 1, ""dynamic-update-slice"": 1}",[],149280,runs/layer-ops-20260923/pcp8/hlo/pid-290362/module_9043.tt_jit_layernorm_L62C0_fused_add_rms_norm_add.cl_972931731.after_codegen.txt,PCP Conv 权重重排,切取并拼回 Conv 权重片段，形成 PCP head shard 所需的 Q/K/V 顺序；这是本轮 trace 中真实执行的重排。
1,/device:TPU:0,XLA Ops,constant_dynamic-update-slice_fusion.40,loop fusion,fusion,9766.925721,0.012005,"bf16[12288,1,4]{0,2,1:T(4,128)(2,1)S(1)}","bf16[12288,1,4]{0,2,1:T(4,128)(2,1)S(1)}; bf16[12288,1,4]{0,2,1:T(4,128)(2,1)S(1)}",gdn_conv_weight,,,"{""slice"": 1, ""dynamic-update-slice"": 1}",[],149281,runs/layer-ops-20260923/pcp8/hlo/pid-290362/module_9043.tt_jit_layernorm_L62C0_fused_add_rms_norm_add.cl_972931731.after_codegen.txt,PCP Conv 权重重排,切取并拼回 Conv 权重片段，形成 PCP head shard 所需的 Q/K/V 顺序；这是本轮 trace 中真实执行的重排。
1,/device:TPU:0,XLA Ops,constant_dynamic-update-slice_fusion.39,loop fusion,fusion,9766.940051,0.012005,"bf16[12288,1,4]{0,2,1:T(4,128)(2,1)S(1)}","bf16[12288,1,4]{0,2,1:T(4,128)(2,1)S(1)}; bf16[12288,1,4]{0,2,1:T(4,128)(2,1)S(1)}",gdn_conv_weight,,,"{""slice"": 1, ""dynamic-update-slice"": 1}",[],149282,runs/layer-ops-20260923/pcp8/hlo/pid-290362/module_9043.tt_jit_layernorm_L62C0_fused_add_rms_norm_add.cl_972931731.after_codegen.txt,PCP Conv 权重重排,切取并拼回 Conv 权重片段，形成 PCP head shard 所需的 Q/K/V 顺序；这是本轮 trace 中真实执行的重排。
1,/device:TPU:0,XLA Ops,constant_dynamic-update-slice_fusion.38,loop fusion,fusion,9766.957083,0.012005,"bf16[12288,1,4]{0,2,1:T(4,128)(2,1)S(1)}","bf16[12288,1,4]{0,2,1:T(4,128)(2,1)S(1)}; bf16[12288,1,4]{0,2,1:T(4,128)(2,1)S(1)}",gdn_conv_weight,,,"{""slice"": 1, ""dynamic-update-slice"": 1}",[],149283,runs/layer-ops-20260923/pcp8/hlo/pid-290362/module_9043.tt_jit_layernorm_L62C0_fused_add_rms_norm_add.cl_972931731.after_codegen.txt,PCP Conv 权重重排,切取并拼回 Conv 权重片段，形成 PCP head shard 所需的 Q/K/V 顺序；这是本轮 trace 中真实执行的重排。
1,/device:TPU:0,XLA Ops,constant_dynamic-update-slice_fusion.37,loop fusion,fusion,9766.971264,0.010804,"bf16[12288,1,4]{0,2,1:T(4,128)(2,1)S(1)}","bf16[12288,1,4]{0,2,1:T(4,128)(2,1)S(1)}; bf16[12288,1,4]{0,2,1:T(4,128)(2,1)S(1)}",gdn_conv_weight,,,"{""slice"": 1, ""dynamic-update-slice"": 1}",[],149284,runs/layer-ops-20260923/pcp8/hlo/pid-290362/module_9043.tt_jit_layernorm_L62C0_fused_add_rms_norm_add.cl_972931731.after_codegen.txt,PCP Conv 权重重排,切取并拼回 Conv 权重片段，形成 PCP head shard 所需的 Q/K/V 顺序；这是本轮 trace 中真实执行的重排。
1,/device:TPU:0,XLA Ops,constant_dynamic-update-slice_fusion.36,loop fusion,fusion,9766.985595,0.012005,"bf16[12288,1,4]{0,2,1:T(4,128)(2,1)S(1)}","bf16[12288,1,4]{0,2,1:T(4,128)(2,1)S(1)}; bf16[12288,1,4]{0,2,1:T(4,128)(2,1)S(1)}",gdn_conv_weight,,,"{""slice"": 1, ""dynamic-update-slice"": 1}",[],149285,runs/layer-ops-20260923/pcp8/hlo/pid-290362/module_9043.tt_jit_layernorm_L62C0_fused_add_rms_norm_add.cl_972931731.after_codegen.txt,PCP Conv 权重重排,切取并拼回 Conv 权重片段，形成 PCP head shard 所需的 Q/K/V 顺序；这是本轮 trace 中真实执行的重排。
1,/device:TPU:0,XLA Ops,constant_dynamic-update-slice_fusion.35,loop fusion,fusion,9767.003602,0.009604,"bf16[12288,1,4]{0,2,1:T(4,128)(2,1)S(1)}","bf16[12288,1,4]{0,2,1:T(4,128)(2,1)S(1)}; bf16[12288,1,4]{0,2,1:T(4,128)(2,1)S(1)}",gdn_conv_weight,,,"{""slice"": 1, ""dynamic-update-slice"": 1}",[],149286,runs/layer-ops-20260923/pcp8/hlo/pid-290362/module_9043.tt_jit_layernorm_L62C0_fused_add_rms_norm_add.cl_972931731.after_codegen.txt,PCP Conv 权重重排,切取并拼回 Conv 权重片段，形成 PCP head shard 所需的 Q/K/V 顺序；这是本轮 trace 中真实执行的重排。
1,/device:TPU:0,XLA Ops,constant_dynamic-update-slice_fusion.34,loop fusion,fusion,9767.016882,0.012005,"bf16[12288,1,4]{0,2,1:T(4,128)(2,1)S(1)}","bf16[12288,1,4]{0,2,1:T(4,128)(2,1)S(1)}; bf16[12288,1,4]{0,2,1:T(4,128)(2,1)S(1)}",gdn_conv_weight,,,"{""slice"": 1, ""dynamic-update-slice"": 1}",[],149287,runs/layer-ops-20260923/pcp8/hlo/pid-290362/module_9043.tt_jit_layernorm_L62C0_fused_add_rms_norm_add.cl_972931731.after_codegen.txt,PCP Conv 权重重排,切取并拼回 Conv 权重片段，形成 PCP head shard 所需的 Q/K/V 顺序；这是本轮 trace 中真实执行的重排。
1,/device:TPU:0,XLA Ops,constant_dynamic-update-slice_fusion.33,loop fusion,fusion,9767.030012,0.013205,"bf16[12288,1,4]{0,2,1:T(4,128)(2,1)S(1)}","bf16[12288,1,4]{0,2,1:T(4,128)(2,1)S(1)}; bf16[12288,1,4]{0,2,1:T(4,128)(2,1)S(1)}",gdn_conv_weight,,,"{""slice"": 1, ""dynamic-update-slice"": 1}",[],149288,runs/layer-ops-20260923/pcp8/hlo/pid-290362/module_9043.tt_jit_layernorm_L62C0_fused_add_rms_norm_add.cl_972931731.after_codegen.txt,PCP Conv 权重重排,切取并拼回 Conv 权重片段，形成 PCP head shard 所需的 Q/K/V 顺序；这是本轮 trace 中真实执行的重排。
1,/device:TPU:0,XLA Ops,constant_dynamic-update-slice_fusion.32,loop fusion,fusion,9767.04802,0.009604,"bf16[12288,1,4]{0,2,1:T(4,128)(2,1)S(1)}","bf16[12288,1,4]{0,2,1:T(4,128)(2,1)S(1)}; bf16[12288,1,4]{0,2,1:T(4,128)(2,1)S(1)}",gdn_conv_weight,,,"{""slice"": 1, ""dynamic-update-slice"": 1}",[],149289,runs/layer-ops-20260923/pcp8/hlo/pid-290362/module_9043.tt_jit_layernorm_L62C0_fused_add_rms_norm_add.cl_972931731.after_codegen.txt,PCP Conv 权重重排,切取并拼回 Conv 权重片段，形成 PCP head shard 所需的 Q/K/V 顺序；这是本轮 trace 中真实执行的重排。
1,/device:TPU:0,XLA Ops,constant_dynamic-update-slice_fusion.31,loop fusion,fusion,9767.061225,0.010804,"bf16[12288,1,4]{0,2,1:T(4,128)(2,1)S(1)}","bf16[12288,1,4]{0,2,1:T(4,128)(2,1)S(1)}; bf16[12288,1,4]{0,2,1:T(4,128)(2,1)S(1)}",gdn_conv_weight,,,"{""slice"": 1, ""dynamic-update-slice"": 1}",[],149290,runs/layer-ops-20260923/pcp8/hlo/pid-290362/module_9043.tt_jit_layernorm_L62C0_fused_add_rms_norm_add.cl_972931731.after_codegen.txt,PCP Conv 权重重排,切取并拼回 Conv 权重片段，形成 PCP head shard 所需的 Q/K/V 顺序；这是本轮 trace 中真实执行的重排。
1,/device:TPU:0,XLA Ops,constant_dynamic-update-slice_fusion.30,loop fusion,fusion,9767.075631,0.013205,"bf16[12288,1,4]{0,2,1:T(4,128)(2,1)S(1)}","bf16[12288,1,4]{0,2,1:T(4,128)(2,1)S(1)}; bf16[12288,1,4]{0,2,1:T(4,128)(2,1)S(1)}",gdn_conv_weight,,,"{""slice"": 1, ""dynamic-update-slice"": 1}",[],149291,runs/layer-ops-20260923/pcp8/hlo/pid-290362/module_9043.tt_jit_layernorm_L62C0_fused_add_rms_norm_add.cl_972931731.after_codegen.txt,PCP Conv 权重重排,切取并拼回 Conv 权重片段，形成 PCP head shard 所需的 Q/K/V 顺序；这是本轮 trace 中真实执行的重排。
1,/device:TPU:0,XLA Ops,constant_dynamic-update-slice_fusion.29,loop fusion,fusion,9767.091462,0.012005,"bf16[12288,1,4]{0,2,1:T(4,128)(2,1)S(1)}","bf16[12288,1,4]{0,2,1:T(4,128)(2,1)S(1)}; bf16[12288,1,4]{0,2,1:T(4,128)(2,1)S(1)}",gdn_conv_weight,,,"{""slice"": 1, ""dynamic-update-slice"": 1}",[],149292,runs/layer-ops-20260923/pcp8/hlo/pid-290362/module_9043.tt_jit_layernorm_L62C0_fused_add_rms_norm_add.cl_972931731.after_codegen.txt,PCP Conv 权重重排,切取并拼回 Conv 权重片段，形成 PCP head shard 所需的 Q/K/V 顺序；这是本轮 trace 中真实执行的重排。
1,/device:TPU:0,XLA Ops,constant_dynamic-update-slice_fusion.28,loop fusion,fusion,9767.105718,0.010804,"bf16[12288,1,4]{0,2,1:T(4,128)(2,1)S(1)}","bf16[12288,1,4]{0,2,1:T(4,128)(2,1)S(1)}; bf16[12288,1,4]{0,2,1:T(4,128)(2,1)S(1)}",gdn_conv_weight,,,"{""slice"": 1, ""dynamic-update-slice"": 1}",[],149293,runs/layer-ops-20260923/pcp8/hlo/pid-290362/module_9043.tt_jit_layernorm_L62C0_fused_add_rms_norm_add.cl_972931731.after_codegen.txt,PCP Conv 权重重排,切取并拼回 Conv 权重片段，形成 PCP head shard 所需的 Q/K/V 顺序；这是本轮 trace 中真实执行的重排。
1,/device:TPU:0,XLA Ops,constant_dynamic-update-slice_fusion.27,loop fusion,fusion,9767.120048,0.012005,"bf16[12288,1,4]{0,2,1:T(4,128)(2,1)S(1)}","bf16[12288,1,4]{0,2,1:T(4,128)(2,1)S(1)}; bf16[12288,1,4]{0,2,1:T(4,128)(2,1)S(1)}",gdn_conv_weight,,,"{""slice"": 1, ""dynamic-update-slice"": 1}",[],149294,runs/layer-ops-20260923/pcp8/hlo/pid-290362/module_9043.tt_jit_layernorm_L62C0_fused_add_rms_norm_add.cl_972931731.after_codegen.txt,PCP Conv 权重重排,切取并拼回 Conv 权重片段，形成 PCP head shard 所需的 Q/K/V 顺序；这是本轮 trace 中真实执行的重排。
1,/device:TPU:0,XLA Ops,constant_dynamic-update-slice_fusion.26,loop fusion,fusion,9767.137005,0.012005,"bf16[12288,1,4]{0,2,1:T(4,128)(2,1)S(1)}","bf16[12288,1,4]{0,2,1:T(4,128)(2,1)S(1)}; bf16[12288,1,4]{0,2,1:T(4,128)(2,1)S(1)}",gdn_conv_weight,,,"{""slice"": 1, ""dynamic-update-slice"": 1}",[],149295,runs/layer-ops-20260923/pcp8/hlo/pid-290362/module_9043.tt_jit_layernorm_L62C0_fused_add_rms_norm_add.cl_972931731.after_codegen.txt,PCP Conv 权重重排,切取并拼回 Conv 权重片段，形成 PCP head shard 所需的 Q/K/V 顺序；这是本轮 trace 中真实执行的重排。
1,/device:TPU:0,XLA Ops,constant_dynamic-update-slice_fusion.25,loop fusion,fusion,9767.151261,0.009604,"bf16[12288,1,4]{0,2,1:T(4,128)(2,1)S(1)}","bf16[12288,1,4]{0,2,1:T(4,128)(2,1)S(1)}; bf16[12288,1,4]{0,2,1:T(4,128)(2,1)S(1)}",gdn_conv_weight,,,"{""slice"": 1, ""dynamic-update-slice"": 1}",[],149296,runs/layer-ops-20260923/pcp8/hlo/pid-290362/module_9043.tt_jit_layernorm_L62C0_fused_add_rms_norm_add.cl_972931731.after_codegen.txt,PCP Conv 权重重排,切取并拼回 Conv 权重片段，形成 PCP head shard 所需的 Q/K/V 顺序；这是本轮 trace 中真实执行的重排。
1,/device:TPU:0,XLA Ops,constant_dynamic-update-slice_fusion.24,loop fusion,fusion,9767.164466,0.013205,"bf16[12288,1,4]{0,2,1:T(4,128)(2,1)S(1)}","bf16[12288,1,4]{0,2,1:T(4,128)(2,1)S(1)}; bf16[12288,1,4]{0,2,1:T(4,128)(2,1)S(1)}",gdn_conv_weight,"op_name=""custom_kernel/custom_kernel/jit(wrapped_fn)/shard_map/concatenate"" stack_frame_id=1629",/mnt/data/workspace/tpu_benchmark_daily/third_party/torchtpu-vllm/src/vllm_torchtpu/layers/core/gdn_attention.py:267,"{""slice"": 1, ""dynamic-update-slice"": 1}",[],149297,runs/layer-ops-20260923/pcp8/hlo/pid-290362/module_9043.tt_jit_layernorm_L62C0_fused_add_rms_norm_add.cl_972931731.after_codegen.txt,PCP Conv 权重重排,切取并拼回 Conv 权重片段，形成 PCP head shard 所需的 Q/K/V 顺序；这是本轮 trace 中真实执行的重排。
1,/device:TPU:0,XLA Ops,reduce.10635,reduce,reduce,9767.181348,2.082833,"bf16[12288,4]{0,1:T(4,128)(2,1)S(1)}","bf16[12288,1,4]{0,2,1:T(4,128)(2,1)S(1)}; bf16[]{:T(256)}",gdn_conv_weight,"op_name=""custom_kernel/custom_kernel/jit(wrapped_fn)/shard_map/concatenate"" stack_frame_id=1629",/mnt/data/workspace/tpu_benchmark_daily/third_party/torchtpu-vllm/src/vllm_torchtpu/layers/core/gdn_attention.py:267,"{""add"": 1}",[],149298,runs/layer-ops-20260923/pcp8/hlo/pid-290362/module_9043.tt_jit_layernorm_L62C0_fused_add_rms_norm_add.cl_972931731.after_codegen.txt,PCP head/token 布局准备,处理 PCP 的 B/A、head-local 参数或 token 重排：实际 slice/stack/scatter/类型转换在 fused_ops 中；为融合 GDN kernel 生成 head-parallel 输入。
1,/device:TPU:0,XLA Ops,copy.21638,data formatting,copy,9769.272509,1.84994,"bf16[12288,4]{1,0:T(8,128)(2,1)S(1)}","bf16[12288,4]{0,1:T(4,128)(2,1)S(1)}",gdn_conv_weight,,,{},[],149299,runs/layer-ops-20260923/pcp8/hlo/pid-290362/module_9043.tt_jit_layernorm_L62C0_fused_add_rms_norm_add.cl_972931731.after_codegen.txt,数据复制/布局物化,编译器生成的实际数据复制或物理布局变换；比较 operand_shapes 与 shape 可区分 tiling/维度顺序和 memory space 的变化。
1,/device:TPU:0,XLA Ops,reshape.30646,data formatting,reshape,9771.129802,6.42617,"bf16[8,2,3072]{2,1,0:T(2,128)(2,1)S(1)}","bf16[12288,4]{1,0:T(8,128)(2,1)S(1)}",gdn_conv_weight,,,{},[],149300,runs/layer-ops-20260923/pcp8/hlo/pid-290362/module_9043.tt_jit_layernorm_L62C0_fused_add_rms_norm_add.cl_972931731.after_codegen.txt,数据复制/布局物化,编译器生成的实际数据复制或物理布局变换；比较 operand_shapes 与 shape 可区分 tiling/维度顺序和 memory space 的变化。
1,/device:TPU:0,XLA Ops,all_to_all.357,all-to-all,all-to-all,9777.563101,9.381753,"bf16[8,2,3072]{2,1,0:T(2,128)(2,1)S(1)}","bf16[8,2,3072]{2,1,0:T(2,128)(2,1)S(1)}",gdn_conv_weight,"op_name=""custom_kernel/custom_kernel/jit(wrapped_fn)/shard_map/all_to_all"" stack_frame_id=1631",/mnt/data/workspace/tpu_benchmark_daily/third_party/torchtpu-vllm/src/vllm_torchtpu/layers/core/gdn_attention.py:226,{},"[{""opcode"": ""all-to-all"", ""shape"": ""bf16[8,2,3072]{2,1,0:T(2,128)(2,1)S(1)}"", ""replica_groups"": ""{{0,1,2,3,4,5,6,7}}"", ""attrs"": ""channel_id=1, replica_groups={{0,1,2,3,4,5,6,7}}, dimensions={0}, metadata={op_name=\""custom_kernel/custom_kernel/jit(wrapped_fn)/shard_map/all_to_all\"" stack_frame_id=1631}""}]",149301,runs/layer-ops-20260923/pcp8/hlo/pid-290362/module_9043.tt_jit_layernorm_L62C0_fused_add_rms_norm_add.cl_972931731.after_codegen.txt,PCP all-to-all,将 token shard 与 head shard 的布局互换，或从 replicated 小参数中取本 rank 的 head shard；B/A、Conv 权重、衰减门等由本行 shape 区分。
1,/device:TPU:0,XLA Ops,reshape.30647,data formatting,reshape,9786.944928,11.512605,"bf16[12288,1,4]{2,1,0:T(2,128)(2,1)S(1)}","bf16[8,2,3072]{2,1,0:T(2,128)(2,1)S(1)}",gdn_conv_weight,,,{},[],149302,runs/layer-ops-20260923/pcp8/hlo/pid-290362/module_9043.tt_jit_layernorm_L62C0_fused_add_rms_norm_add.cl_972931731.after_codegen.txt,数据复制/布局物化,编译器生成的实际数据复制或物理布局变换；比较 operand_shapes 与 shape 可区分 tiling/维度顺序和 memory space 的变化。
1,/device:TPU:0,XLA Ops,dynamic_slice.3692,slice,slice,9798.465862,0.889556,"bf16[1536,1,4]{2,1,0:T(2,128)(2,1)S(1)}","bf16[12288,1,4]{2,1,0:T(2,128)(2,1)S(1)}",gdn_conv_weight,"op_name=""custom_kernel/custom_kernel/jit(wrapped_fn)/shard_map/dynamic_slice"" stack_frame_id=1632",/mnt/data/workspace/tpu_benchmark_daily/third_party/torchtpu-vllm/src/vllm_torchtpu/layers/core/gdn_attention.py:231,{},[],149303,runs/layer-ops-20260923/pcp8/hlo/pid-290362/module_9043.tt_jit_layernorm_L62C0_fused_add_rms_norm_add.cl_972931731.after_codegen.txt,PCP head/token 布局准备,处理 PCP 的 B/A、head-local 参数或 token 重排：实际 slice/stack/scatter/类型转换在 fused_ops 中；为融合 GDN kernel 生成 head-parallel 输入。
1,/device:TPU:0,XLA Ops,copy.17590,data formatting,copy,9799.362695,0.60024,"bf16[1536,1,4]{0,1,2:T(2,128)(2,1)S(1)}","bf16[1536,1,4]{2,1,0:T(2,128)(2,1)S(1)}",gdn_conv_weight,,,{},[],149304,runs/layer-ops-20260923/pcp8/hlo/pid-290362/module_9043.tt_jit_layernorm_L62C0_fused_add_rms_norm_add.cl_972931731.after_codegen.txt,数据复制/布局物化,编译器生成的实际数据复制或物理布局变换；比较 operand_shapes 与 shape 可区分 tiling/维度顺序和 memory space 的变化。
1,/device:TPU:0,XLA Ops,copy-done.3484,copy-done,copy-done,9799.971189,0.002401,"bf16[64]{0:T(256)(128)(2,1)S(1)}","(bf16[64]{0:T(256)(128)(2,1)S(1)}, bf16[64]{0:T(256)(128)(2,1)}, u32[]{:S(2)})",gdn_decay_gate_parameter,,,{},[],149305,runs/layer-ops-20260923/pcp8/hlo/pid-290362/module_9043.tt_jit_layernorm_L62C0_fused_add_rms_norm_add.cl_972931731.after_codegen.txt,DMA 搬运,等待对应 DMA 完成；与 copy-start 是同一次搬运的两端，不能重复计算搬运量。
1,/device:TPU:0,XLA Ops,reshape.29706,data formatting,reshape,9799.981993,0.091236,"bf16[8,8,1]{1,2,0:T(2,128)(2,1)S(1)}","bf16[64]{0:T(256)(128)(2,1)S(1)}",gdn_decay_gate_parameter,"op_name=""custom_kernel/custom_kernel/jit(wrapped_fn)/shard_map/all_to_all"" stack_frame_id=1638",/mnt/data/workspace/tpu_benchmark_daily/third_party/torchtpu-vllm/src/vllm_torchtpu/layers/core/gdn_attention.py:226,{},[],149306,runs/layer-ops-20260923/pcp8/hlo/pid-290362/module_9043.tt_jit_layernorm_L62C0_fused_add_rms_norm_add.cl_972931731.after_codegen.txt,PCP all-to-all,将 token shard 与 head shard 的布局互换，或从 replicated 小参数中取本 rank 的 head shard；B/A、Conv 权重、衰减门等由本行 shape 区分。
1,/device:TPU:0,XLA Ops,copy-done.3485,copy-done,copy-done,9800.073305,0.003601,f32[64]{0:T(128)S(1)},"(f32[64]{0:T(128)S(1)}, f32[64]{0:T(128)}, u32[]{:S(2)})",gdn_decay_gate_parameter,,,{},[],149307,runs/layer-ops-20260923/pcp8/hlo/pid-290362/module_9043.tt_jit_layernorm_L62C0_fused_add_rms_norm_add.cl_972931731.after_codegen.txt,DMA 搬运,等待对应 DMA 完成；与 copy-start 是同一次搬运的两端，不能重复计算搬运量。
1,/device:TPU:0,XLA Ops,reshape.22905,data formatting,reshape,9800.076906,0.080432,"f32[8,8,1]{1,0,2:T(8,128)S(1)}",f32[64]{0:T(128)S(1)},gdn_decay_gate_parameter,"op_name=""custom_kernel/custom_kernel/jit(wrapped_fn)/shard_map/all_to_all"" stack_frame_id=1635",/mnt/data/workspace/tpu_benchmark_daily/third_party/torchtpu-vllm/src/vllm_torchtpu/layers/core/gdn_attention.py:226,{},[],149308,runs/layer-ops-20260923/pcp8/hlo/pid-290362/module_9043.tt_jit_layernorm_L62C0_fused_add_rms_norm_add.cl_972931731.after_codegen.txt,PCP all-to-all,将 token shard 与 head shard 的布局互换，或从 replicated 小参数中取本 rank 的 head shard；B/A、Conv 权重、衰减门等由本行 shape 区分。
1,/device:TPU:0,XLA Ops,copy-done.3843,copy-done,copy-done,9800.157413,0.004802,"bf16[128]{0:T(256)(128)(2,1)S(1)}","(bf16[128]{0:T(256)(128)(2,1)S(1)}, bf16[128]{0:T(256)(128)(2,1)}, u32[]{:S(2)})",gdn_gated_rms_weight,,,{},[],149309,runs/layer-ops-20260923/pcp8/hlo/pid-290362/module_9043.tt_jit_layernorm_L62C0_fused_add_rms_norm_add.cl_972931731.after_codegen.txt,DMA 搬运,等待对应 DMA 完成；与 copy-start 是同一次搬运的两端，不能重复计算搬运量。
1,/device:TPU:0,XLA Ops,copy_.238,non-fusion elementwise,convert,9800.16214,0.002401,f32[128]{0:T(128)S(1)},"bf16[128]{0:T(256)(128)(2,1)S(1)}",gdn_gated_rms_weight,"op_name=""to_copy/copy_"" stack_frame_id=1291",/mnt/data/workspace/tpu_benchmark_daily/.venv/lib64/python3.12/site-packages/vllm/model_executor/layers/layernorm.py:245,{},[],149310,runs/layer-ops-20260923/pcp8/hlo/pid-290362/module_9043.tt_jit_layernorm_L62C0_fused_add_rms_norm_add.cl_972931731.after_codegen.txt,FP32 中间计算,将 BF16 中间张量转换为 FP32，供后续归一化、门控或归约计算；不改变模型参数存储 dtype。
1,/device:TPU:0,XLA Ops,all_to_all.359,all-to-all,all-to-all,9819.34934,7.763505,"bf16[8,8,1]{1,2,0:T(2,128)(2,1)S(1)}","bf16[8,8,1]{1,2,0:T(2,128)(2,1)S(1)}",gdn_decay_gate_parameter,"op_name=""custom_kernel/custom_kernel/jit(wrapped_fn)/shard_map/all_to_all"" stack_frame_id=1638",/mnt/data/workspace/tpu_benchmark_daily/third_party/torchtpu-vllm/src/vllm_torchtpu/layers/core/gdn_attention.py:226,{},"[{""opcode"": ""all-to-all"", ""shape"": ""bf16[8,8,1]{1,2,0:T(2,128)(2,1)S(1)}"", ""replica_groups"": ""{{0,1,2,3,4,5,6,7}}"", ""attrs"": ""channel_id=1, replica_groups={{0,1,2,3,4,5,6,7}}, dimensions={0}, metadata={op_name=\""custom_kernel/custom_kernel/jit(wrapped_fn)/shard_map/all_to_all\"" stack_frame_id=1638}""}]",149339,runs/layer-ops-20260923/pcp8/hlo/pid-290362/module_9043.tt_jit_layernorm_L62C0_fused_add_rms_norm_add.cl_972931731.after_codegen.txt,PCP all-to-all,将 token shard 与 head shard 的布局互换，或从 replicated 小参数中取本 rank 的 head shard；B/A、Conv 权重、衰减门等由本行 shape 区分。
1,/device:TPU:0,XLA Ops,all_to_all.358,all-to-all,all-to-all,9827.114046,6.72509,"f32[8,8,1]{1,2,0:T(1,128)S(1)}","f32[8,8,1]{1,2,0:T(1,128)S(1)}",gdn_decay_gate_parameter,"op_name=""custom_kernel/custom_kernel/jit(wrapped_fn)/shard_map/all_to_all"" stack_frame_id=1635",/mnt/data/workspace/tpu_benchmark_daily/third_party/torchtpu-vllm/src/vllm_torchtpu/layers/core/gdn_attention.py:226,{},"[{""opcode"": ""all-to-all"", ""shape"": ""f32[8,8,1]{1,2,0:T(1,128)S(1)}"", ""replica_groups"": ""{{0,1,2,3,4,5,6,7}}"", ""attrs"": ""channel_id=1, replica_groups={{0,1,2,3,4,5,6,7}}, dimensions={0}, metadata={op_name=\""custom_kernel/custom_kernel/jit(wrapped_fn)/shard_map/all_to_all\"" stack_frame_id=1635}""}]",149341,runs/layer-ops-20260923/pcp8/hlo/pid-290362/module_9043.tt_jit_layernorm_L62C0_fused_add_rms_norm_add.cl_972931731.after_codegen.txt,PCP all-to-all,将 token shard 与 head shard 的布局互换，或从 replicated 小参数中取本 rank 的 head shard；B/A、Conv 权重、衰减门等由本行 shape 区分。
1,/device:TPU:0,XLA Ops,slice_bitcast_fusion.236,loop fusion,fusion,9835.540517,0.484994,"bf16[8]{0:T(256)(128)(2,1)}","bf16[8,8,1]{1,2,0:T(2,128)(2,1)S(1)}",gdn_decay_gate_parameter,"op_name=""custom_kernel/custom_kernel/jit(wrapped_fn)/shard_map/dynamic_slice"" stack_frame_id=1639",/mnt/data/workspace/tpu_benchmark_daily/third_party/torchtpu-vllm/src/vllm_torchtpu/layers/core/gdn_attention.py:231,"{""slice"": 1, ""bitcast"": 1}",[],149350,runs/layer-ops-20260923/pcp8/hlo/pid-290362/module_9043.tt_jit_layernorm_L62C0_fused_add_rms_norm_add.cl_972931731.after_codegen.txt,PCP head/token 布局准备,处理 PCP 的 B/A、head-local 参数或 token 重排：实际 slice/stack/scatter/类型转换在 fused_ops 中；为融合 GDN kernel 生成 head-parallel 输入。
1,/device:TPU:0,XLA Ops,slice_bitcast_fusion.237,loop fusion,fusion,9836.025285,0.517407,f32[8]{0:T(128)},"f32[8,8,1]{1,2,0:T(1,128)S(1)}",gdn_decay_gate_parameter,"op_name=""custom_kernel/custom_kernel/jit(wrapped_fn)/shard_map/dynamic_slice"" stack_frame_id=1636",/mnt/data/workspace/tpu_benchmark_daily/third_party/torchtpu-vllm/src/vllm_torchtpu/layers/core/gdn_attention.py:231,"{""slice"": 1, ""bitcast"": 1}",[],149351,runs/layer-ops-20260923/pcp8/hlo/pid-290362/module_9043.tt_jit_layernorm_L62C0_fused_add_rms_norm_add.cl_972931731.after_codegen.txt,PCP head/token 布局准备,处理 PCP 的 B/A、head-local 参数或 token 重排：实际 slice/stack/scatter/类型转换在 fused_ops 中；为融合 GDN kernel 生成 head-parallel 输入。
1,/device:TPU:0,XLA Ops,broadcast_bitcast_fusion.45,loop fusion,fusion,9837.705883,0.612245,f32[8192]{0:T(1024)},f32[128]{0:T(128)S(1)},gdn_gated_rms_weight,"op_name=""to_copy/copy_"" stack_frame_id=1291",/mnt/data/workspace/tpu_benchmark_daily/.venv/lib64/python3.12/site-packages/vllm/model_executor/layers/layernorm.py:245,"{""broadcast"": 1, ""bitcast"": 1}",[],149355,runs/layer-ops-20260923/pcp8/hlo/pid-290362/module_9043.tt_jit_layernorm_L62C0_fused_add_rms_norm_add.cl_972931731.after_codegen.txt,GDN 输出门控归一化,对 GDN 输出按 head 做 RMSNorm，并乘 SiLU(Z) gate。
1,/device:TPU:0,XLA Ops,convert_bitcast_fusion.44,loop fusion,fusion,9839.766057,0.840336,"f32[4,1,1536]{2,1,0:T(1,128)}","bf16[1536,1,4]{0,1,2:T(2,128)(2,1)S(1)}",gdn_conv_weight,"op_name=""custom_kernel/custom_kernel/jit(wrapped_fn)/shard_map/jit(fused_qkvz_projection_pcp_gdn)/convert_element_type"" stack_frame_id=1633",/mnt/data/workspace/tpu_benchmark_daily/third_party/torchtpu-vllm/src/vllm_torchtpu/kernels/gdn/v3/pcp_wrapper.py:1443,"{""convert"": 1, ""bitcast"": 1}",[],149358,runs/layer-ops-20260923/pcp8/hlo/pid-290362/module_9043.tt_jit_layernorm_L62C0_fused_add_rms_norm_add.cl_972931731.after_codegen.txt,PCP head/token 布局准备,处理 PCP 的 B/A、head-local 参数或 token 重排：实际 slice/stack/scatter/类型转换在 fused_ops 中；为融合 GDN kernel 生成 head-parallel 输入。
1,/device:TPU:0,XLA Ops,copy-start.2845,copy-start,copy-start,13196.039766,0.009604,"(bf16[4096]{0:T(1024)(128)(2,1)S(1)}, bf16[4096]{0:T(1024)(128)(2,1)}, u32[]{:S(2)})","bf16[4096]{0:T(1024)(128)(2,1)}",input_rms_weight,,,{},[],149616,runs/layer-ops-20260923/pcp8/hlo/pid-290362/module_9043.tt_jit_layernorm_L62C0_fused_add_rms_norm_add.cl_972931731.after_codegen.txt,DMA 搬运,启动 DMA 搬运。
1,/device:TPU:0,XLA Ops,copy-done.2845,copy-done,copy-done,13255.066102,0.002401,"bf16[4096]{0:T(1024)(128)(2,1)S(1)}","(bf16[4096]{0:T(1024)(128)(2,1)S(1)}, bf16[4096]{0:T(1024)(128)(2,1)}, u32[]{:S(2)})",input_rms_weight,,,{},[],149619,runs/layer-ops-20260923/pcp8/hlo/pid-290362/module_9043.tt_jit_layernorm_L62C0_fused_add_rms_norm_add.cl_972931731.after_codegen.txt,DMA 搬运,等待对应 DMA 完成；与 copy-start 是同一次搬运的两端，不能重复计算搬运量。
1,/device:TPU:0,XLA Ops,copy-start.1946,copy-start,copy-start,13255.075706,0.008403,"(bf16[4096,128]{1,0:T(8,128)(2,1)S(1)}, bf16[4096,128]{1,0:T(8,128)(2,1)}, u32[]{:S(2)})","bf16[4096,128]{1,0:T(8,128)(2,1)}",gdn_ba_weight,,,{},[],149620,runs/layer-ops-20260923/pcp8/hlo/pid-290362/module_9043.tt_jit_layernorm_L62C0_fused_add_rms_norm_add.cl_972931731.after_codegen.txt,DMA 搬运,启动 DMA 搬运。
1,/device:TPU:0,XLA Ops,multiply_add_fusion.133,loop fusion,fusion,13255.091387,48.854742,"bf16[4096,4096]{1,0:T(8,128)(2,1)}","(f32[4096]{0:T(1024)S(1)}, bf16[4096,4096]{1,0:T(16,128)(2,1)}); f32[4096]{0:T(1024)S(1)}; bf16[4096]{0:T(1024)(128)(2,1)S(1)}; bf16[4096,4096]{1,0:T(16,128)(2,1)}; (f32[4096]{0:T(1024)S(1)}, bf16[4096,4096]{1,0:T(16,128)(2,1)})",input_rms_weight,"op_name=""add/add"" stack_frame_id=1307",/mnt/data/workspace/tpu_benchmark_daily/.venv/lib64/python3.12/site-packages/vllm/ir/ops/layernorm.py:62,"{""fusion"": 3, ""convert"": 6, ""add"": 3, ""broadcast"": 2, ""multiply"": 2}",[],149621,runs/layer-ops-20260923/pcp8/hlo/pid-290362/module_9043.tt_jit_layernorm_L62C0_fused_add_rms_norm_add.cl_972931731.after_codegen.txt,RMSNorm/residual,计算均方、加 epsilon、rsqrt 和归一化；融合版本同时处理 residual add，具体融合范围见 HLO。
1,/device:TPU:0,XLA Ops,copy-done.1946,copy-done,copy-done,13303.946054,0.002401,"bf16[4096,128]{1,0:T(8,128)(2,1)S(1)}","(bf16[4096,128]{1,0:T(8,128)(2,1)S(1)}, bf16[4096,128]{1,0:T(8,128)(2,1)}, u32[]{:S(2)})",gdn_ba_weight,,,{},[],149622,runs/layer-ops-20260923/pcp8/hlo/pid-290362/module_9043.tt_jit_layernorm_L62C0_fused_add_rms_norm_add.cl_972931731.after_codegen.txt,DMA 搬运,等待对应 DMA 完成；与 copy-start 是同一次搬运的两端，不能重复计算搬运量。
1,/device:TPU:0,XLA Ops,fusion.3439,convolution fusion,fusion,13303.94853,17.889556,"bf16[4096,128]{0,1:T(8,128)(2,1)S(1)}","bf16[4096,4096]{1,0:T(8,128)(2,1)}; bf16[4096,128]{1,0:T(8,128)(2,1)S(1)}",gdn_ba_weight,"op_name=""mm/mm"" stack_frame_id=1278",/mnt/data/workspace/tpu_benchmark_daily/third_party/torchtpu-vllm/src/vllm_torchtpu/layers/adapter/quantization/unquantized.py:118,"{""fusion"": 2, ""convolution"": 1}",[],149623,runs/layer-ops-20260923/pcp8/hlo/pid-290362/module_9043.tt_jit_layernorm_L62C0_fused_add_rms_norm_add.cl_972931731.after_codegen.txt,GDN 门控投影,BF16 GEMM：hidden→B/A 两组门控参数，控制状态写入强度和历史状态衰减。
1,/device:TPU:0,XLA Ops,slice_bitcast_fusion.87,loop fusion,fusion,13321.845288,0.120048,"(bf16[4096,64,1]{0,1,2:T(8,128)(2,1)S(1)}, bf16[4096,64,1]{0,1,2:T(8,128)(2,1)S(1)})","bf16[4096,128]{0,1:T(8,128)(2,1)S(1)}",,"op_name=""custom_kernel/custom_kernel/jit(wrapped_fn)/shard_map/stack"" stack_frame_id=1609",/mnt/data/workspace/tpu_benchmark_daily/third_party/torchtpu-vllm/src/vllm_torchtpu/layers/core/gdn_attention.py:1110,"{""slice"": 2, ""bitcast"": 2, ""tuple"": 1}",[],149624,runs/layer-ops-20260923/pcp8/hlo/pid-290362/module_9043.tt_jit_layernorm_L62C0_fused_add_rms_norm_add.cl_972931731.after_codegen.txt,PCP head/token 布局准备,处理 PCP 的 B/A、head-local 参数或 token 重排：实际 slice/stack/scatter/类型转换在 fused_ops 中；为融合 GDN kernel 生成 head-parallel 输入。
1,/device:TPU:0,XLA Ops,pad_maximum_fusion.31,loop fusion,fusion,13321.97359,0.10084,"bf16[4096,64,2]{0,1,2:T(8,128)(2,1)S(1)}","(bf16[4096,64,1]{0,1,2:T(8,128)(2,1)S(1)}, bf16[4096,64,1]{0,1,2:T(8,128)(2,1)S(1)}); (bf16[4096,64,1]{0,1,2:T(8,128)(2,1)S(1)}, bf16[4096,64,1]{0,1,2:T(8,128)(2,1)S(1)})",,"op_name=""custom_kernel/custom_kernel/jit(wrapped_fn)/shard_map/stack"" stack_frame_id=1609",/mnt/data/workspace/tpu_benchmark_daily/third_party/torchtpu-vllm/src/vllm_torchtpu/layers/core/gdn_attention.py:1110,"{""pad"": 2, ""maximum"": 1}",[],149625,runs/layer-ops-20260923/pcp8/hlo/pid-290362/module_9043.tt_jit_layernorm_L62C0_fused_add_rms_norm_add.cl_972931731.after_codegen.txt,PCP head/token 布局准备,处理 PCP 的 B/A、head-local 参数或 token 重排：实际 slice/stack/scatter/类型转换在 fused_ops 中；为融合 GDN kernel 生成 head-parallel 输入。
1,/device:TPU:0,XLA Ops,copy.15233,data formatting,copy,13322.082984,1.092437,"bf16[4096,64,2]{0,2,1:T(2,128)(2,1)S(1)}","bf16[4096,64,2]{0,1,2:T(8,128)(2,1)S(1)}",,"op_name=""custom_kernel/custom_kernel/jit(wrapped_fn)/shard_map/stack"" stack_frame_id=1609",/mnt/data/workspace/tpu_benchmark_daily/third_party/torchtpu-vllm/src/vllm_torchtpu/layers/core/gdn_attention.py:1110,{},[],149626,runs/layer-ops-20260923/pcp8/hlo/pid-290362/module_9043.tt_jit_layernorm_L62C0_fused_add_rms_norm_add.cl_972931731.after_codegen.txt,PCP head/token 布局准备,处理 PCP 的 B/A、head-local 参数或 token 重排：实际 slice/stack/scatter/类型转换在 fused_ops 中；为融合 GDN kernel 生成 head-parallel 输入。
1,/device:TPU:0,XLA Ops,reshape.22899,data formatting,reshape,13323.182548,1.566627,"bf16[4096,8,16]{0,2,1:T(8,128)(2,1)S(1)}","bf16[4096,64,2]{0,2,1:T(2,128)(2,1)S(1)}",,"op_name=""custom_kernel/custom_kernel/jit(wrapped_fn)/shard_map/all_to_all"" stack_frame_id=1612",/mnt/data/workspace/tpu_benchmark_daily/third_party/torchtpu-vllm/src/vllm_torchtpu/layers/core/gdn_attention.py:203,{},[],149627,runs/layer-ops-20260923/pcp8/hlo/pid-290362/module_9043.tt_jit_layernorm_L62C0_fused_add_rms_norm_add.cl_972931731.after_codegen.txt,PCP all-to-all,将 token shard 与 head shard 的布局互换，或从 replicated 小参数中取本 rank 的 head shard；B/A、Conv 权重、衰减门等由本行 shape 区分。
1,/device:TPU:0,XLA Ops,all_to_all.347,all-to-all,all-to-all,13324.756378,16.618247,"bf16[4096,8,16]{0,2,1:T(8,128)(2,1)S(1)}","bf16[4096,8,16]{0,2,1:T(8,128)(2,1)S(1)}",,"op_name=""custom_kernel/custom_kernel/jit(wrapped_fn)/shard_map/all_to_all"" stack_frame_id=1612",/mnt/data/workspace/tpu_benchmark_daily/third_party/torchtpu-vllm/src/vllm_torchtpu/layers/core/gdn_attention.py:203,{},"[{""opcode"": ""all-to-all"", ""shape"": ""bf16[4096,8,16]{0,2,1:T(8,128)(2,1)S(1)}"", ""replica_groups"": ""{{0,1,2,3,4,5,6,7}}"", ""attrs"": ""channel_id=1, replica_groups={{0,1,2,3,4,5,6,7}}, dimensions={1}, metadata={op_name=\""custom_kernel/custom_kernel/jit(wrapped_fn)/shard_map/all_to_all\"" stack_frame_id=1612}""}]",149628,runs/layer-ops-20260923/pcp8/hlo/pid-290362/module_9043.tt_jit_layernorm_L62C0_fused_add_rms_norm_add.cl_972931731.after_codegen.txt,PCP all-to-all,将 token shard 与 head shard 的布局互换，或从 replicated 小参数中取本 rank 的 head shard；B/A、Conv 权重、衰减门等由本行 shape 区分。
1,/device:TPU:0,XLA Ops,copy.17135,data formatting,copy,13341.374775,5.092437,"bf16[8,4096,16]{2,1,0:T(8,128)(2,1)S(1)}","bf16[8,4096,16]{1,2,0:T(8,128)(2,1)S(1)}",,"op_name=""custom_kernel/custom_kernel/jit(wrapped_fn)/shard_map/all_to_all"" stack_frame_id=1612",/mnt/data/workspace/tpu_benchmark_daily/third_party/torchtpu-vllm/src/vllm_torchtpu/layers/core/gdn_attention.py:203,{},[],149630,runs/layer-ops-20260923/pcp8/hlo/pid-290362/module_9043.tt_jit_layernorm_L62C0_fused_add_rms_norm_add.cl_972931731.after_codegen.txt,PCP all-to-all,将 token shard 与 head shard 的布局互换，或从 replicated 小参数中取本 rank 的 head shard；B/A、Conv 权重、衰减门等由本行 shape 区分。
1,/device:TPU:0,XLA Ops,scatter_custom_fusion.10,custom fusion,fusion,13346.475391,85.237695,"bf16[32768,16]{1,0:T(8,128)(2,1)S(1)}","s32[32768]{0:T(1024)}; bf16[32768,16]{1,0:T(8,128)(2,1)S(1)}; bf16[]{:T(256)}",,"op_name=""custom_kernel/custom_kernel/jit(wrapped_fn)/shard_map/scatter"" stack_frame_id=1545",/mnt/data/workspace/tpu_benchmark_daily/third_party/torchtpu-vllm/src/vllm_torchtpu/layers/core/gdn_attention.py:1127,"{""fusion"": 2}",[],149632,runs/layer-ops-20260923/pcp8/hlo/pid-290362/module_9043.tt_jit_layernorm_L62C0_fused_add_rms_norm_add.cl_972931731.after_codegen.txt,PCP head/token 布局准备,处理 PCP 的 B/A、head-local 参数或 token 重排：实际 slice/stack/scatter/类型转换在 fused_ops 中；为融合 GDN kernel 生成 head-parallel 输入。
1,/device:TPU:0,XLA Ops,copy.15236,data formatting,copy,13431.720363,5.912365,"bf16[32768,16]{0,1:T(8,128)(2,1)S(1)}","bf16[32768,16]{1,0:T(8,128)(2,1)S(1)}",,"op_name=""custom_kernel/custom_kernel/jit(wrapped_fn)/shard_map/scatter"" stack_frame_id=1545",/mnt/data/workspace/tpu_benchmark_daily/third_party/torchtpu-vllm/src/vllm_torchtpu/layers/core/gdn_attention.py:1127,{},[],149633,runs/layer-ops-20260923/pcp8/hlo/pid-290362/module_9043.tt_jit_layernorm_L62C0_fused_add_rms_norm_add.cl_972931731.after_codegen.txt,PCP head/token 布局准备,处理 PCP 的 B/A、head-local 参数或 token 重排：实际 slice/stack/scatter/类型转换在 fused_ops 中；为融合 GDN kernel 生成 head-parallel 输入。
1,/device:TPU:0,XLA Ops,reshape.22900,data formatting,reshape,13437.641207,1.352941,"bf16[32768,8,2]{0,2,1:T(2,128)(2,1)S(1)}","bf16[32768,16]{0,1:T(8,128)(2,1)S(1)}",,"op_name=""custom_kernel/custom_kernel/jit(wrapped_fn)/shard_map/reshape"" stack_frame_id=1613",/mnt/data/workspace/tpu_benchmark_daily/third_party/torchtpu-vllm/src/vllm_torchtpu/layers/core/gdn_attention.py:1129,{},[],149634,runs/layer-ops-20260923/pcp8/hlo/pid-290362/module_9043.tt_jit_layernorm_L62C0_fused_add_rms_norm_add.cl_972931731.after_codegen.txt,PCP head/token 布局准备,处理 PCP 的 B/A、head-local 参数或 token 重排：实际 slice/stack/scatter/类型转换在 fused_ops 中；为融合 GDN kernel 生成 head-parallel 输入。
1,/device:TPU:0,XLA Ops,fusion.3367,loop fusion,fusion,13439.002476,1.542617,"(bf16[32768,8,1]{0,2,1:T(2,128)(2,1)S(1)}, bf16[32768,8,1]{0,2,1:T(2,128)(2,1)S(1)})","bf16[32768,8,2]{0,2,1:T(2,128)(2,1)S(1)}",,"op_name=""custom_kernel/custom_kernel/jit(wrapped_fn)/shard_map/slice"" stack_frame_id=1618",/mnt/data/workspace/tpu_benchmark_daily/third_party/torchtpu-vllm/src/vllm_torchtpu/layers/core/gdn_attention.py:1131,"{""slice"": 2, ""tuple"": 1}",[],149635,runs/layer-ops-20260923/pcp8/hlo/pid-290362/module_9043.tt_jit_layernorm_L62C0_fused_add_rms_norm_add.cl_972931731.after_codegen.txt,PCP head/token 布局准备,处理 PCP 的 B/A、head-local 参数或 token 重排：实际 slice/stack/scatter/类型转换在 fused_ops 中；为融合 GDN kernel 生成 head-parallel 输入。
1,/device:TPU:0,XLA Ops,copy.17588,data formatting,copy,13440.552221,4.164466,"bf16[32768,8,1]{1,0,2:T(8,128)(2,1)S(1)}","(bf16[32768,8,1]{0,2,1:T(2,128)(2,1)S(1)}, bf16[32768,8,1]{0,2,1:T(2,128)(2,1)S(1)})",,,,{},[],149636,runs/layer-ops-20260923/pcp8/hlo/pid-290362/module_9043.tt_jit_layernorm_L62C0_fused_add_rms_norm_add.cl_972931731.after_codegen.txt,数据复制/布局物化,编译器生成的实际数据复制或物理布局变换；比较 operand_shapes 与 shape 可区分 tiling/维度顺序和 memory space 的变化。
1,/device:TPU:0,XLA Ops,pad_convert_fusion.87,loop fusion,fusion,13444.72509,6.128451,"f32[32768,128]{1,0:T(8,128)}","bf16[32768,8]{1,0:T(8,128)(2,1)S(1)}",,"op_name=""custom_kernel/custom_kernel/jit(wrapped_fn)/shard_map/jit(fused_qkvz_projection_pcp_gdn)/reshape"" stack_frame_id=1617",/mnt/data/workspace/tpu_benchmark_daily/third_party/torchtpu-vllm/src/vllm_torchtpu/kernels/gdn/v3/pcp_wrapper.py:1450,"{""pad"": 1, ""convert"": 1}",[],149638,runs/layer-ops-20260923/pcp8/hlo/pid-290362/module_9043.tt_jit_layernorm_L62C0_fused_add_rms_norm_add.cl_972931731.after_codegen.txt,PCP head/token 布局准备,处理 PCP 的 B/A、head-local 参数或 token 重排：实际 slice/stack/scatter/类型转换在 fused_ops 中；为融合 GDN kernel 生成 head-parallel 输入。
1,/device:TPU:0,XLA Ops,copy.17589,data formatting,copy,13450.853617,4.12605,"bf16[32768,8,1]{1,0,2:T(8,128)(2,1)S(1)}","(bf16[32768,8,1]{0,2,1:T(2,128)(2,1)S(1)}, bf16[32768,8,1]{0,2,1:T(2,128)(2,1)S(1)})",,,,{},[],149639,runs/layer-ops-20260923/pcp8/hlo/pid-290362/module_9043.tt_jit_layernorm_L62C0_fused_add_rms_norm_add.cl_972931731.after_codegen.txt,数据复制/布局物化,编译器生成的实际数据复制或物理布局变换；比较 operand_shapes 与 shape 可区分 tiling/维度顺序和 memory space 的变化。
1,/device:TPU:0,XLA Ops,pad_convert_fusion.86,loop fusion,fusion,13454.988146,6.069628,"f32[32768,128]{1,0:T(8,128)}","bf16[32768,8]{1,0:T(8,128)(2,1)S(1)}",,"op_name=""custom_kernel/custom_kernel/jit(wrapped_fn)/shard_map/jit(fused_qkvz_projection_pcp_gdn)/reshape"" stack_frame_id=1621",/mnt/data/workspace/tpu_benchmark_daily/third_party/torchtpu-vllm/src/vllm_torchtpu/kernels/gdn/v3/pcp_wrapper.py:1453,"{""pad"": 1, ""convert"": 1}",[],149641,runs/layer-ops-20260923/pcp8/hlo/pid-290362/module_9043.tt_jit_layernorm_L62C0_fused_add_rms_norm_add.cl_972931731.after_codegen.txt,PCP head/token 布局准备,处理 PCP 的 B/A、head-local 参数或 token 重排：实际 slice/stack/scatter/类型转换在 fused_ops 中；为融合 GDN kernel 生成 head-parallel 输入。
1,/device:TPU:0,XLA Ops,broadcast_in_dim.4668.clone.1,broadcast,broadcast,13461.057698,21.830732,"bf16[32768,8,128]{2,1,0:T(8,128)(2,1)}",bf16[]{:T(256)},,"op_name=""custom_kernel/custom_kernel/jit(wrapped_fn)/shard_map/jit(fused_qkvz_projection_pcp_gdn)/broadcast_in_dim"" stack_frame_id=1622",/mnt/data/workspace/tpu_benchmark_daily/third_party/torchtpu-vllm/src/vllm_torchtpu/kernels/gdn/v3/pcp_wrapper.py:1525,{},[],149642,runs/layer-ops-20260923/pcp8/hlo/pid-290362/module_9043.tt_jit_layernorm_L62C0_fused_add_rms_norm_add.cl_972931731.after_codegen.txt,PCP head/token 布局准备,处理 PCP 的 B/A、head-local 参数或 token 重排：实际 slice/stack/scatter/类型转换在 fused_ops 中；为融合 GDN kernel 生成 head-parallel 输入。
1,/device:TPU:0,XLA Ops,copy-start.309,copy-start,copy-start,13482.888431,0.0012,"(s32[80,8]{1,0:T(8,128)S(1)}, s32[80,8]{1,0:T(8,128)}, u32[]{:S(2)})","s32[80,8]{1,0:T(8,128)}",,,,{},[],149643,runs/layer-ops-20260923/pcp8/hlo/pid-290362/module_9043.tt_jit_layernorm_L62C0_fused_add_rms_norm_add.cl_972931731.after_codegen.txt,DMA 搬运,启动 DMA 搬运。
1,/device:TPU:0,XLA Ops,copy-start.355,copy-start,copy-start,13482.890757,0.0012,"(s32[80,8]{1,0:T(8,128)S(1)}, s32[80,8]{1,0:T(8,128)}, u32[]{:S(2)})","s32[80,8]{1,0:T(8,128)}",,,,{},[],149644,runs/layer-ops-20260923/pcp8/hlo/pid-290362/module_9043.tt_jit_layernorm_L62C0_fused_add_rms_norm_add.cl_972931731.after_codegen.txt,DMA 搬运,启动 DMA 搬运。
1,/device:TPU:0,XLA Ops,copy-start.401,copy-start,copy-start,13482.893158,0.002401,"(s32[80,8]{1,0:T(8,128)S(1)}, s32[80,8]{1,0:T(8,128)}, u32[]{:S(2)})","s32[80,8]{1,0:T(8,128)}",,,,{},[],149645,runs/layer-ops-20260923/pcp8/hlo/pid-290362/module_9043.tt_jit_layernorm_L62C0_fused_add_rms_norm_add.cl_972931731.after_codegen.txt,DMA 搬运,启动 DMA 搬运。
1,/device:TPU:0,XLA Ops,copy-start.447,copy-start,copy-start,13482.904037,0.007203,"(s32[80,8]{1,0:T(8,128)S(1)}, s32[80,8]{1,0:T(8,128)}, u32[]{:S(2)})","s32[80,8]{1,0:T(8,128)}",,,,{},[],149646,runs/layer-ops-20260923/pcp8/hlo/pid-290362/module_9043.tt_jit_layernorm_L62C0_fused_add_rms_norm_add.cl_972931731.after_codegen.txt,DMA 搬运,启动 DMA 搬运。
1,/device:TPU:0,XLA Ops,copy-start.493,copy-start,copy-start,13482.918518,0.007203,"(s32[80,8]{1,0:T(8,128)S(1)}, s32[80,8]{1,0:T(8,128)}, u32[]{:S(2)})","s32[80,8]{1,0:T(8,128)}",,,,{},[],149647,runs/layer-ops-20260923/pcp8/hlo/pid-290362/module_9043.tt_jit_layernorm_L62C0_fused_add_rms_norm_add.cl_972931731.after_codegen.txt,DMA 搬运,启动 DMA 搬运。
1,/device:TPU:0,XLA Ops,copy-start.539,copy-start,copy-start,13482.935174,0.006002,"(s32[80,8]{1,0:T(8,128)S(1)}, s32[80,8]{1,0:T(8,128)}, u32[]{:S(2)})","s32[80,8]{1,0:T(8,128)}",,,,{},[],149648,runs/layer-ops-20260923/pcp8/hlo/pid-290362/module_9043.tt_jit_layernorm_L62C0_fused_add_rms_norm_add.cl_972931731.after_codegen.txt,DMA 搬运,启动 DMA 搬运。
1,/device:TPU:0,XLA Ops,copy-start.585,copy-start,copy-start,13482.94958,0.007203,"(s32[1152]{0:T(1024)S(1)}, s32[1152]{0:T(1024)}, u32[]{:S(2)})",s32[1152]{0:T(1024)},,,,{},[],149649,runs/layer-ops-20260923/pcp8/hlo/pid-290362/module_9043.tt_jit_layernorm_L62C0_fused_add_rms_norm_add.cl_972931731.after_codegen.txt,DMA 搬运,启动 DMA 搬运。
1,/device:TPU:0,XLA Ops,copy-start.631,copy-start,copy-start,13482.964061,0.007203,"(s32[1152]{0:T(1024)S(1)}, s32[1152]{0:T(1024)}, u32[]{:S(2)})",s32[1152]{0:T(1024)},,,,{},[],149650,runs/layer-ops-20260923/pcp8/hlo/pid-290362/module_9043.tt_jit_layernorm_L62C0_fused_add_rms_norm_add.cl_972931731.after_codegen.txt,DMA 搬运,启动 DMA 搬运。
1,/device:TPU:0,XLA Ops,copy-start.677,copy-start,copy-start,13482.979592,0.007203,"(s32[1152]{0:T(1024)S(1)}, s32[1152]{0:T(1024)}, u32[]{:S(2)})",s32[1152]{0:T(1024)},,,,{},[],149651,runs/layer-ops-20260923/pcp8/hlo/pid-290362/module_9043.tt_jit_layernorm_L62C0_fused_add_rms_norm_add.cl_972931731.after_codegen.txt,DMA 搬运,启动 DMA 搬运。
1,/device:TPU:0,XLA Ops,copy-start.723,copy-start,copy-start,13482.995273,0.007203,"(s32[1152]{0:T(1024)S(1)}, s32[1152]{0:T(1024)}, u32[]{:S(2)})",s32[1152]{0:T(1024)},,,,{},[],149652,runs/layer-ops-20260923/pcp8/hlo/pid-290362/module_9043.tt_jit_layernorm_L62C0_fused_add_rms_norm_add.cl_972931731.after_codegen.txt,DMA 搬运,启动 DMA 搬运。
1,/device:TPU:0,XLA Ops,copy-start.769,copy-start,copy-start,13483.009679,0.008403,"(s32[1152]{0:T(1024)S(1)}, s32[1152]{0:T(1024)}, u32[]{:S(2)})",s32[1152]{0:T(1024)},,,,{},[],149653,runs/layer-ops-20260923/pcp8/hlo/pid-290362/module_9043.tt_jit_layernorm_L62C0_fused_add_rms_norm_add.cl_972931731.after_codegen.txt,DMA 搬运,启动 DMA 搬运。
1,/device:TPU:0,XLA Ops,copy-start.1241,copy-start,copy-start,13483.02416,0.008403,"(s32[80]{0:T(128)S(1)}, s32[80]{0:T(128)}, u32[]{:S(2)})",s32[80]{0:T(128)},,,,{},[],149654,runs/layer-ops-20260923/pcp8/hlo/pid-290362/module_9043.tt_jit_layernorm_L62C0_fused_add_rms_norm_add.cl_972931731.after_codegen.txt,DMA 搬运,启动 DMA 搬运。
1,/device:TPU:0,XLA Ops,copy-start.1287,copy-start,copy-start,13483.039691,0.007203,"(s32[8]{0:T(128)S(1)}, s32[8]{0:T(128)}, u32[]{:S(2)})",s32[8]{0:T(128)},,,,{},[],149655,runs/layer-ops-20260923/pcp8/hlo/pid-290362/module_9043.tt_jit_layernorm_L62C0_fused_add_rms_norm_add.cl_972931731.after_codegen.txt,DMA 搬运,启动 DMA 搬运。
1,/device:TPU:0,XLA Ops,copy-start.1333,copy-start,copy-start,13483.055373,0.007203,"(s32[80]{0:T(128)S(1)}, s32[80]{0:T(128)}, u32[]{:S(2)})",s32[80]{0:T(128)},,,,{},[],149656,runs/layer-ops-20260923/pcp8/hlo/pid-290362/module_9043.tt_jit_layernorm_L62C0_fused_add_rms_norm_add.cl_972931731.after_codegen.txt,DMA 搬运,启动 DMA 搬运。
1,/device:TPU:0,XLA Ops,copy-start.1379,copy-start,copy-start,13483.069778,0.008403,"(s32[80]{0:T(128)S(1)}, s32[80]{0:T(128)}, u32[]{:S(2)})",s32[80]{0:T(128)},,,,{},[],149657,runs/layer-ops-20260923/pcp8/hlo/pid-290362/module_9043.tt_jit_layernorm_L62C0_fused_add_rms_norm_add.cl_972931731.after_codegen.txt,DMA 搬运,启动 DMA 搬运。
1,/device:TPU:0,XLA Ops,copy-start.1425,copy-start,copy-start,13483.085234,0.007203,"(s32[80]{0:T(128)S(1)}, s32[80]{0:T(128)}, u32[]{:S(2)})",s32[80]{0:T(128)},,,,{},[],149658,runs/layer-ops-20260923/pcp8/hlo/pid-290362/module_9043.tt_jit_layernorm_L62C0_fused_add_rms_norm_add.cl_972931731.after_codegen.txt,DMA 搬运,启动 DMA 搬运。
1,/device:TPU:0,XLA Ops,copy-start.1471,copy-start,copy-start,13483.100841,0.007203,"(s32[80]{0:T(128)S(1)}, s32[80]{0:T(128)}, u32[]{:S(2)})",s32[80]{0:T(128)},,,,{},[],149659,runs/layer-ops-20260923/pcp8/hlo/pid-290362/module_9043.tt_jit_layernorm_L62C0_fused_add_rms_norm_add.cl_972931731.after_codegen.txt,DMA 搬运,启动 DMA 搬运。
1,/device:TPU:0,XLA Ops,copy-start.1768,copy-start,copy-start,13483.115472,0.007203,"(s32[8]{0:T(128)S(1)}, s32[8]{0:T(128)}, u32[]{:S(2)})",s32[8]{0:T(128)},,,,{},[],149660,runs/layer-ops-20260923/pcp8/hlo/pid-290362/module_9043.tt_jit_layernorm_L62C0_fused_add_rms_norm_add.cl_972931731.after_codegen.txt,DMA 搬运,启动 DMA 搬运。
1,/device:TPU:0,XLA Ops,copy-start.2171,copy-start,copy-start,13483.130853,0.008403,"(s32[64]{0:T(128)S(1)}, s32[64]{0:T(128)}, u32[]{:S(2)})",s32[64]{0:T(128)},,,,{},[],149661,runs/layer-ops-20260923/pcp8/hlo/pid-290362/module_9043.tt_jit_layernorm_L62C0_fused_add_rms_norm_add.cl_972931731.after_codegen.txt,DMA 搬运,启动 DMA 搬运。
1,/device:TPU:0,XLA Ops,broadcast_in_dim.4669.clone.1,broadcast,broadcast,13483.146609,21.812725,"bf16[4096,8,8,128]{3,2,1,0:T(8,128)(2,1)}",bf16[]{:T(256)},,"op_name=""custom_kernel/custom_kernel/jit(wrapped_fn)/shard_map/jit(fused_qkvz_projection_pcp_gdn)/broadcast_in_dim"" stack_frame_id=1623",/mnt/data/workspace/tpu_benchmark_daily/third_party/torchtpu-vllm/src/vllm_torchtpu/kernels/gdn/v3/pcp_wrapper.py:1532,{},[],149662,runs/layer-ops-20260923/pcp8/hlo/pid-290362/module_9043.tt_jit_layernorm_L62C0_fused_add_rms_norm_add.cl_972931731.after_codegen.txt,PCP head/token 布局准备,处理 PCP 的 B/A、head-local 参数或 token 重排：实际 slice/stack/scatter/类型转换在 fused_ops 中；为融合 GDN kernel 生成 head-parallel 输入。
1,/device:TPU:0,XLA Ops,copy-done.309,copy-done,copy-done,13504.959334,0.003601,"s32[80,8]{1,0:T(8,128)S(1)}","(s32[80,8]{1,0:T(8,128)S(1)}, s32[80,8]{1,0:T(8,128)}, u32[]{:S(2)})",,,,{},[],149663,runs/layer-ops-20260923/pcp8/hlo/pid-290362/module_9043.tt_jit_layernorm_L62C0_fused_add_rms_norm_add.cl_972931731.after_codegen.txt,DMA 搬运,等待对应 DMA 完成；与 copy-start 是同一次搬运的两端，不能重复计算搬运量。
1,/device:TPU:0,XLA Ops,copy-done.355,copy-done,copy-done,13504.963986,0.0012,"s32[80,8]{1,0:T(8,128)S(1)}","(s32[80,8]{1,0:T(8,128)S(1)}, s32[80,8]{1,0:T(8,128)}, u32[]{:S(2)})",,,,{},[],149664,runs/layer-ops-20260923/pcp8/hlo/pid-290362/module_9043.tt_jit_layernorm_L62C0_fused_add_rms_norm_add.cl_972931731.after_codegen.txt,DMA 搬运,等待对应 DMA 完成；与 copy-start 是同一次搬运的两端，不能重复计算搬运量。
1,/device:TPU:0,XLA Ops,copy-done.401,copy-done,copy-done,13504.967662,0.003601,"s32[80,8]{1,0:T(8,128)S(1)}","(s32[80,8]{1,0:T(8,128)S(1)}, s32[80,8]{1,0:T(8,128)}, u32[]{:S(2)})",,,,{},[],149665,runs/layer-ops-20260923/pcp8/hlo/pid-290362/module_9043.tt_jit_layernorm_L62C0_fused_add_rms_norm_add.cl_972931731.after_codegen.txt,DMA 搬运,等待对应 DMA 完成；与 copy-start 是同一次搬运的两端，不能重复计算搬运量。
1,/device:TPU:0,XLA Ops,copy-done.447,copy-done,copy-done,13504.978392,0.002401,"s32[80,8]{1,0:T(8,128)S(1)}","(s32[80,8]{1,0:T(8,128)S(1)}, s32[80,8]{1,0:T(8,128)}, u32[]{:S(2)})",,,,{},[],149666,runs/layer-ops-20260923/pcp8/hlo/pid-290362/module_9043.tt_jit_layernorm_L62C0_fused_add_rms_norm_add.cl_972931731.after_codegen.txt,DMA 搬运,等待对应 DMA 完成；与 copy-start 是同一次搬运的两端，不能重复计算搬运量。
1,/device:TPU:0,XLA Ops,copy-done.493,copy-done,copy-done,13504.988146,0.002401,"s32[80,8]{1,0:T(8,128)S(1)}","(s32[80,8]{1,0:T(8,128)S(1)}, s32[80,8]{1,0:T(8,128)}, u32[]{:S(2)})",,,,{},[],149667,runs/layer-ops-20260923/pcp8/hlo/pid-290362/module_9043.tt_jit_layernorm_L62C0_fused_add_rms_norm_add.cl_972931731.after_codegen.txt,DMA 搬运,等待对应 DMA 完成；与 copy-start 是同一次搬运的两端，不能重复计算搬运量。
1,/device:TPU:0,XLA Ops,copy-done.539,copy-done,copy-done,13504.997674,0.002401,"s32[80,8]{1,0:T(8,128)S(1)}","(s32[80,8]{1,0:T(8,128)S(1)}, s32[80,8]{1,0:T(8,128)}, u32[]{:S(2)})",,,,{},[],149668,runs/layer-ops-20260923/pcp8/hlo/pid-290362/module_9043.tt_jit_layernorm_L62C0_fused_add_rms_norm_add.cl_972931731.after_codegen.txt,DMA 搬运,等待对应 DMA 完成；与 copy-start 是同一次搬运的两端，不能重复计算搬运量。
1,/device:TPU:0,XLA Ops,copy-done.585,copy-done,copy-done,13505.007353,0.003601,s32[1152]{0:T(1024)S(1)},"(s32[1152]{0:T(1024)S(1)}, s32[1152]{0:T(1024)}, u32[]{:S(2)})",,,,{},[],149669,runs/layer-ops-20260923/pcp8/hlo/pid-290362/module_9043.tt_jit_layernorm_L62C0_fused_add_rms_norm_add.cl_972931731.after_codegen.txt,DMA 搬运,等待对应 DMA 完成；与 copy-start 是同一次搬运的两端，不能重复计算搬运量。
1,/device:TPU:0,XLA Ops,copy-done.631,copy-done,copy-done,13505.016957,0.002401,s32[1152]{0:T(1024)S(1)},"(s32[1152]{0:T(1024)S(1)}, s32[1152]{0:T(1024)}, u32[]{:S(2)})",,,,{},[],149670,runs/layer-ops-20260923/pcp8/hlo/pid-290362/module_9043.tt_jit_layernorm_L62C0_fused_add_rms_norm_add.cl_972931731.after_codegen.txt,DMA 搬运,等待对应 DMA 完成；与 copy-start 是同一次搬运的两端，不能重复计算搬运量。
1,/device:TPU:0,XLA Ops,copy-done.677,copy-done,copy-done,13505.027611,0.002401,s32[1152]{0:T(1024)S(1)},"(s32[1152]{0:T(1024)S(1)}, s32[1152]{0:T(1024)}, u32[]{:S(2)})",,,,{},[],149671,runs/layer-ops-20260923/pcp8/hlo/pid-290362/module_9043.tt_jit_layernorm_L62C0_fused_add_rms_norm_add.cl_972931731.after_codegen.txt,DMA 搬运,等待对应 DMA 完成；与 copy-start 是同一次搬运的两端，不能重复计算搬运量。
1,/device:TPU:0,XLA Ops,copy-done.723,copy-done,copy-done,13505.037215,0.002401,s32[1152]{0:T(1024)S(1)},"(s32[1152]{0:T(1024)S(1)}, s32[1152]{0:T(1024)}, u32[]{:S(2)})",,,,{},[],149672,runs/layer-ops-20260923/pcp8/hlo/pid-290362/module_9043.tt_jit_layernorm_L62C0_fused_add_rms_norm_add.cl_972931731.after_codegen.txt,DMA 搬运,等待对应 DMA 完成；与 copy-start 是同一次搬运的两端，不能重复计算搬运量。
1,/device:TPU:0,XLA Ops,copy-done.769,copy-done,copy-done,13505.048095,0.002401,s32[1152]{0:T(1024)S(1)},"(s32[1152]{0:T(1024)S(1)}, s32[1152]{0:T(1024)}, u32[]{:S(2)})",,,,{},[],149673,runs/layer-ops-20260923/pcp8/hlo/pid-290362/module_9043.tt_jit_layernorm_L62C0_fused_add_rms_norm_add.cl_972931731.after_codegen.txt,DMA 搬运,等待对应 DMA 完成；与 copy-start 是同一次搬运的两端，不能重复计算搬运量。
1,/device:TPU:0,XLA Ops,copy-done.1241,copy-done,copy-done,13505.057623,0.002401,s32[80]{0:T(128)S(1)},"(s32[80]{0:T(128)S(1)}, s32[80]{0:T(128)}, u32[]{:S(2)})",,,,{},[],149674,runs/layer-ops-20260923/pcp8/hlo/pid-290362/module_9043.tt_jit_layernorm_L62C0_fused_add_rms_norm_add.cl_972931731.after_codegen.txt,DMA 搬运,等待对应 DMA 完成；与 copy-start 是同一次搬运的两端，不能重复计算搬运量。
1,/device:TPU:0,XLA Ops,copy-done.1287,copy-done,copy-done,13505.067302,0.003601,s32[8]{0:T(128)S(1)},"(s32[8]{0:T(128)S(1)}, s32[8]{0:T(128)}, u32[]{:S(2)})",,,,{},[],149675,runs/layer-ops-20260923/pcp8/hlo/pid-290362/module_9043.tt_jit_layernorm_L62C0_fused_add_rms_norm_add.cl_972931731.after_codegen.txt,DMA 搬运,等待对应 DMA 完成；与 copy-start 是同一次搬运的两端，不能重复计算搬运量。
1,/device:TPU:0,XLA Ops,copy-done.1333,copy-done,copy-done,13505.076906,0.002401,s32[80]{0:T(128)S(1)},"(s32[80]{0:T(128)S(1)}, s32[80]{0:T(128)}, u32[]{:S(2)})",,,,{},[],149676,runs/layer-ops-20260923/pcp8/hlo/pid-290362/module_9043.tt_jit_layernorm_L62C0_fused_add_rms_norm_add.cl_972931731.after_codegen.txt,DMA 搬运,等待对应 DMA 完成；与 copy-start 是同一次搬运的两端，不能重复计算搬运量。
1,/device:TPU:0,XLA Ops,copy-done.1379,copy-done,copy-done,13505.086585,0.002401,s32[80]{0:T(128)S(1)},"(s32[80]{0:T(128)S(1)}, s32[80]{0:T(128)}, u32[]{:S(2)})",,,,{},[],149677,runs/layer-ops-20260923/pcp8/hlo/pid-290362/module_9043.tt_jit_layernorm_L62C0_fused_add_rms_norm_add.cl_972931731.after_codegen.txt,DMA 搬运,等待对应 DMA 完成；与 copy-start 是同一次搬运的两端，不能重复计算搬运量。
1,/device:TPU:0,XLA Ops,copy-done.1425,copy-done,copy-done,13505.097239,0.002401,s32[80]{0:T(128)S(1)},"(s32[80]{0:T(128)S(1)}, s32[80]{0:T(128)}, u32[]{:S(2)})",,,,{},[],149678,runs/layer-ops-20260923/pcp8/hlo/pid-290362/module_9043.tt_jit_layernorm_L62C0_fused_add_rms_norm_add.cl_972931731.after_codegen.txt,DMA 搬运,等待对应 DMA 完成；与 copy-start 是同一次搬运的两端，不能重复计算搬运量。
1,/device:TPU:0,XLA Ops,copy-done.1471,copy-done,copy-done,13505.108044,0.0012,s32[80]{0:T(128)S(1)},"(s32[80]{0:T(128)S(1)}, s32[80]{0:T(128)}, u32[]{:S(2)})",,,,{},[],149679,runs/layer-ops-20260923/pcp8/hlo/pid-290362/module_9043.tt_jit_layernorm_L62C0_fused_add_rms_norm_add.cl_972931731.after_codegen.txt,DMA 搬运,等待对应 DMA 完成；与 copy-start 是同一次搬运的两端，不能重复计算搬运量。
1,/device:TPU:0,XLA Ops,copy-done.1768,copy-done,copy-done,13505.116522,0.003601,s32[8]{0:T(128)S(1)},"(s32[8]{0:T(128)S(1)}, s32[8]{0:T(128)}, u32[]{:S(2)})",,,,{},[],149680,runs/layer-ops-20260923/pcp8/hlo/pid-290362/module_9043.tt_jit_layernorm_L62C0_fused_add_rms_norm_add.cl_972931731.after_codegen.txt,DMA 搬运,等待对应 DMA 完成；与 copy-start 是同一次搬运的两端，不能重复计算搬运量。
1,/device:TPU:0,XLA Ops,copy-done.2171,copy-done,copy-done,13505.127251,0.002401,s32[64]{0:T(128)S(1)},"(s32[64]{0:T(128)S(1)}, s32[64]{0:T(128)}, u32[]{:S(2)})",,,,{},[],149681,runs/layer-ops-20260923/pcp8/hlo/pid-290362/module_9043.tt_jit_layernorm_L62C0_fused_add_rms_norm_add.cl_972931731.after_codegen.txt,DMA 搬运,等待对应 DMA 完成；与 copy-start 是同一次搬运的两端，不能重复计算搬运量。
1,/device:TPU:0,XLA Ops,fused_pcp_qkvz_projection_gdn_per_seq_compact_qkv_c256_p8_pooled.91,custom-call,custom-call,13505.136855,2453.357743,"(bf16[32768,8,128]{2,1,0:T(8,128)(2,1)}, bf16[4096,8,8,128]{3,2,1,0:T(8,128)(2,1)}, f8e4m3fn[64,1,4,64,4,256]{5,4,3,2,1,0:T(4,128)(4,1)}, f8e4m3fn[64,2,4,64,4,256]{5,4,3,2,1,0:T(4,128)(4,1)}, bf16[8,512,12,8,128]{4,3,2,1,0:T(8,128)(2,1)}, /*index=5*/bf16[4096,8,8,128]{3,2,1,0:T(8,128)(2,1)}, s32[1]{0:T(128)})","(s32[]{:T(128)}, s32[]{:T(128)}, s32[]{:T(128)}, s32[8]{0:T(128)S(1)}, s32[8]{0:T(128)S(1)}, /*index=5*/s32[80]{0:T(128)S(1)}, s32[80]{0:T(128)S(1)}, s32[80]{0:T(128)S(1)}, s32[80,8]{1,0:T(8,128)S(1)}, s32[80,8]{1,0:T(8,128)S(1)}, /*index=10*/s32[80,8]{1,0:T(8,128)S(1)}, s32[80]{0:T(128)S(1)}, s32[80]{0:T(128)S(1)}, s32[1152]{0:T(1024)S(1)}, s32[1152]{0:T(1024)S(1)}, /*index=15*/s32[1152]{0:T(1024)S(1)}, s32[1152]{0:T(1024)S(1)}, s32[1152]{0:T(1024)S(1)}, pred[1152]{0:T(1024)(128)(4,1)S(1)}, pred[1152]{0:T(1024)(128)(4,1)S(1)}, /*index=20*/s32[]{:T(128)}, s32[65]{0:T(128)S(1)}, s32[64]{0:T(128)S(1)}, s32[]{:T(128)}, s32[]{:T(128)}, /*index=25*/s32[]{:T(128)}, s32[]{:T(128)}, s32[]{:T(128)}, s32[]{:T(128)}, s32[]{:T(128)}, /*index=30*/s32[]{:T(128)}, s32[]{:T(128)}, s32[]{:T(128)}, s32[]{:T(128)}, s32[]{:T(128)}, /*index=35*/s32[]{:T(128)}, s32[]{:T(128)}, s32[]{:T(128)}, s32[]{:T(128)}, s32[]{:T(128)}, /*index=40*/s32[]{:T(128)}, s32[]{:T(128)}, s32[]{:T(128)}, s32[]{:T(128)}, s32[]{:T(128)}, /*index=45*/s32[2]{0:T(128)S(1)}, s32[1]{0:T(128)}, s32[]{:T(128)}, s32[]{:T(128)}, s32[2]{0:T(128)}); s32[1152]{0:T(1024)S(1)}; s32[1152]{0:T(1024)S(1)}; s32[1152]{0:T(1024)S(1)}; s32[1152]{0:T(1024)}; s32[1152]{0:T(1024)}; s32[64]{0:T(128)}; s32[64]{0:T(128)S(1)}; s32[64]{0:T(128)}; (s32[]{:T(128)}, s32[]{:T(128)}, s32[]{:T(128)}, s32[8]{0:T(128)S(1)}, s32[8]{0:T(128)S(1)}, /*index=5*/s32[80]{0:T(128)S(1)}, s32[80]{0:T(128)S(1)}, s32[80]{0:T(128)S(1)}, s32[80,8]{1,0:T(8,128)S(1)}, s32[80,8]{1,0:T(8,128)S(1)}, /*index=10*/s32[80,8]{1,0:T(8,128)S(1)}, s32[80]{0:T(128)S(1)}, s32[80]{0:T(128)S(1)}, s32[1152]{0:T(1024)S(1)}, s32[1152]{0:T(1024)S(1)}, /*index=15*/s32[1152]{0:T(1024)S(1)}, s32[1152]{0:T(1024)S(1)}, s32[1152]{0:T(1024)S(1)}, pred[1152]{0:T(1024)(128)(4,1)S(1)}, pred[1152]{0:T(1024)(128)(4,1)S(1)}, /*index=20*/s32[]{:T(128)}, s32[65]{0:T(128)S(1)}, s32[64]{0:T(128)S(1)}, s32[]{:T(128)}, s32[]{:T(128)}, /*index=25*/s32[]{:T(128)}, s32[]{:T(128)}, s32[]{:T(128)}, s32[]{:T(128)}, s32[]{:T(128)}, /*index=30*/s32[]{:T(128)}, s32[]{:T(128)}, s32[]{:T(128)}, s32[]{:T(128)}, s32[]{:T(128)}, /*index=35*/s32[]{:T(128)}, s32[]{:T(128)}, s32[]{:T(128)}, s32[]{:T(128)}, s32[]{:T(128)}, /*index=40*/s32[]{:T(128)}, s32[]{:T(128)}, s32[]{:T(128)}, s32[]{:T(128)}, s32[]{:T(128)}, /*index=45*/s32[2]{0:T(128)S(1)}, s32[1]{0:T(128)}, s32[]{:T(128)}, s32[]{:T(128)}, s32[2]{0:T(128)}); s32[8]{0:T(128)S(1)}; s32[80]{0:T(128)S(1)}; s32[80]{0:T(128)S(1)}; s32[80]{0:T(128)S(1)}; s32[80,8]{1,0:T(8,128)S(1)}; s32[80,8]{1,0:T(8,128)S(1)}; s32[80,8]{1,0:T(8,128)S(1)}; s32[80]{0:T(128)S(1)}; s32[80]{0:T(128)S(1)}; s32[1152]{0:T(1024)S(1)}; s32[1152]{0:T(1024)S(1)}; s32[80,8]{1,0:T(8,128)S(1)}; s32[80,8]{1,0:T(8,128)S(1)}; s32[80,8]{1,0:T(8,128)S(1)}; s32[8]{0:T(128)S(1)}; bf16[4096,4096]{1,0:T(8,128)(2,1)}; f8e4m3fn[20480,4096]{1,0:T(32,128)(4,1)}; f32[20480]{0:T(1024)}; f32[32768,1,128]{2,1,0:T(1,128)}; f32[32768,1,128]{2,1,0:T(1,128)}; (s32[]{:T(128)}, f8e4m3fn[7764,4,64,4,256]{4,3,2,1,0:T(4,128)(4,1)}, s32[]{:T(128)}, s32[65]{0:T(128)S(1)}, s32[64]{0:T(128)S(1)}, /*index=5*/f8e4m3fn[64,2,4,64,4,256]{5,4,3,2,1,0:T(4,128)(4,1)}, s32[]{:T(128)}, s32[]{:T(128)}, s32[]{:T(128)}, s32[]{:T(128)}, /*index=10*/s32[]{:T(128)}, s32[1]{0:T(128)}, s32[1]{0:T(128)}, s32[]{:T(128)}, s32[]{:T(128)}); bf16[32768,8,128]{2,1,0:T(8,128)(2,1)}; bf16[4096,8,8,128]{3,2,1,0:T(8,128)(2,1)}; f32[4,1,1536]{2,1,0:T(1,128)}; f32[8]{0:T(128)}; bf16[8]{0:T(256)(128)(2,1)}","gdn_conv_weight,gdn_decay_gate_parameter,projection_weight_scale,qkvz_weight",,/mnt/data/workspace/tpu_benchmark_daily/third_party/torchtpu-vllm/src/vllm_torchtpu/kernels/gdn/v3/pcp_wrapper.py:1628,{},[],149684,runs/layer-ops-20260923/pcp8/hlo/pid-290362/module_9043.tt_jit_layernorm_L62C0_fused_add_rms_norm_add.cl_972931731.after_codegen.txt,PCP GDN 核心,将 QKVZ 投影、PCP 交换和 GDN prefill 融合到同一 kernel；输出 token-local attention/Z 和 compact 状态更新，随后由独立循环写回 KV pool。
1,/device:TPU:0,XLA Ops,multiply_reduce_fusion.43,loop fusion,fusion,15958.503077,47.182473,"f32[4096,8,8]{2,1,0:T(8,128)S(1)}","(bf16[32768,8,128]{2,1,0:T(8,128)(2,1)}, bf16[4096,8,8,128]{3,2,1,0:T(8,128)(2,1)}, f8e4m3fn[64,1,4,64,4,256]{5,4,3,2,1,0:T(4,128)(4,1)}, f8e4m3fn[64,2,4,64,4,256]{5,4,3,2,1,0:T(4,128)(4,1)}, bf16[8,512,12,8,128]{4,3,2,1,0:T(8,128)(2,1)}, /*index=5*/bf16[4096,8,8,128]{3,2,1,0:T(8,128)(2,1)}, s32[1]{0:T(128)})",,"op_name=""mean/mean"" stack_frame_id=1270",/mnt/data/workspace/tpu_benchmark_daily/.venv/lib64/python3.12/site-packages/vllm/model_executor/layers/layernorm.py:256,"{""convert"": 1, ""multiply"": 1, ""reduce"": 1}",[],149720,runs/layer-ops-20260923/pcp8/hlo/pid-290362/module_9043.tt_jit_layernorm_L62C0_fused_add_rms_norm_add.cl_972931731.after_codegen.txt,RMSNorm/residual,计算均方、加 epsilon、rsqrt 和归一化；融合版本同时处理 residual add，具体融合范围见 HLO。
1,/device:TPU:0,XLA Ops,copy.15244,data formatting,copy,16005.693878,6.435774,"f32[4096,8,8]{0,2,1:T(8,128)S(1)}","f32[4096,8,8]{2,1,0:T(8,128)S(1)}",,"op_name=""mean/mean"" stack_frame_id=1270",/mnt/data/workspace/tpu_benchmark_daily/.venv/lib64/python3.12/site-packages/vllm/model_executor/layers/layernorm.py:256,{},[],149721,runs/layer-ops-20260923/pcp8/hlo/pid-290362/module_9043.tt_jit_layernorm_L62C0_fused_add_rms_norm_add.cl_972931731.after_codegen.txt,数据复制/布局物化,编译器生成的实际数据复制或物理布局变换；比较 operand_shapes 与 shape 可区分 tiling/维度顺序和 memory space 的变化。
1,/device:TPU:0,XLA Ops,rsqrt_bitcast_fusion.43,loop fusion,fusion,16012.136855,0.176471,"f32[4096,64]{0,1:T(8,128)S(1)}","f32[4096,8,8]{0,2,1:T(8,128)S(1)}",,"op_name=""rsqrt/rsqrt"" stack_frame_id=1293",/mnt/data/workspace/tpu_benchmark_daily/.venv/lib64/python3.12/site-packages/vllm/model_executor/layers/layernorm.py:257,"{""broadcast"": 2, ""multiply"": 1, ""add"": 1, ""rsqrt"": 1, ""bitcast"": 1}",[],149722,runs/layer-ops-20260923/pcp8/hlo/pid-290362/module_9043.tt_jit_layernorm_L62C0_fused_add_rms_norm_add.cl_972931731.after_codegen.txt,RMSNorm/residual,计算均方、加 epsilon、rsqrt 和归一化；融合版本同时处理 residual add，具体融合范围见 HLO。
1,/device:TPU:0,XLA Ops,copy.15245,data formatting,copy,16012.321804,0.626651,"f32[4096,64]{1,0:T(8,128)S(1)}","f32[4096,64]{0,1:T(8,128)S(1)}",,"op_name=""rsqrt/rsqrt"" stack_frame_id=1293",/mnt/data/workspace/tpu_benchmark_daily/.venv/lib64/python3.12/site-packages/vllm/model_executor/layers/layernorm.py:257,{},[],149723,runs/layer-ops-20260923/pcp8/hlo/pid-290362/module_9043.tt_jit_layernorm_L62C0_fused_add_rms_norm_add.cl_972931731.after_codegen.txt,数据复制/布局物化,编译器生成的实际数据复制或物理布局变换；比较 operand_shapes 与 shape 可区分 tiling/维度顺序和 memory space 的变化。
1,/device:TPU:0,XLA Ops,convert.1215,non-fusion elementwise,convert,16012.956783,65.927971,"f32[512,8,64,128]{3,2,1,0:T(8,128)}","bf16[512,8,64,128]{3,2,1,0:T(8,128)(2,1)}",,,,{},[],149725,runs/layer-ops-20260923/pcp8/hlo/pid-290362/module_9043.tt_jit_layernorm_L62C0_fused_add_rms_norm_add.cl_972931731.after_codegen.txt,FP32 中间计算,将 BF16 中间张量转换为 FP32，供后续归一化、门控或归约计算；不改变模型参数存储 dtype。
1,/device:TPU:0,XLA Ops,iota_compare_fusion.173,loop fusion,fusion,16078.884904,0.633854,"pred[4096]{0:T(1024)(128)(4,1)S(1)}",s32[]{:T(128)},,"op_name=""custom_kernel/custom_kernel/jit(wrapped_fn)/shard_map/jit(fused_qkvz_projection_pcp_gdn)/lt"" stack_frame_id=1666",/mnt/data/workspace/tpu_benchmark_daily/third_party/torchtpu-vllm/src/vllm_torchtpu/kernels/gdn/v3/pcp_wrapper.py:1749,"{""iota"": 1, ""broadcast"": 1, ""compare"": 1}",[],149727,runs/layer-ops-20260923/pcp8/hlo/pid-290362/module_9043.tt_jit_layernorm_L62C0_fused_add_rms_norm_add.cl_972931731.after_codegen.txt,PCP head/token 布局准备,处理 PCP 的 B/A、head-local 参数或 token 重排：实际 slice/stack/scatter/类型转换在 fused_ops 中；为融合 GDN kernel 生成 head-parallel 输入。
1,/device:TPU:0,XLA Ops,copy-start.2261,copy-start,copy-start,16079.526111,0.007203,"(f32[8192]{0:T(1024)S(1)}, f32[8192]{0:T(1024)}, u32[]{:S(2)})",f32[8192]{0:T(1024)},gdn_gated_rms_weight,,,{},[],149728,runs/layer-ops-20260923/pcp8/hlo/pid-290362/module_9043.tt_jit_layernorm_L62C0_fused_add_rms_norm_add.cl_972931731.after_codegen.txt,DMA 搬运,启动 DMA 搬运。
1,/device:TPU:0,XLA Ops,broadcast.97467,broadcast,broadcast,16079.541417,41.364946,"f32[4096,64,128]{2,1,0:T(8,128)}","f32[4096,64]{1,0:T(8,128)S(1)}",,"op_name=""rsqrt/rsqrt"" stack_frame_id=1293",/mnt/data/workspace/tpu_benchmark_daily/.venv/lib64/python3.12/site-packages/vllm/model_executor/layers/layernorm.py:257,{},[],149729,runs/layer-ops-20260923/pcp8/hlo/pid-290362/module_9043.tt_jit_layernorm_L62C0_fused_add_rms_norm_add.cl_972931731.after_codegen.txt,RMSNorm/residual,计算均方、加 epsilon、rsqrt 和归一化；融合版本同时处理 residual add，具体融合范围见 HLO。
1,/device:TPU:0,XLA Ops,copy-done.2261,copy-done,copy-done,16120.906513,0.002401,f32[8192]{0:T(1024)S(1)},"(f32[8192]{0:T(1024)S(1)}, f32[8192]{0:T(1024)}, u32[]{:S(2)})",gdn_gated_rms_weight,,,{},[],149730,runs/layer-ops-20260923/pcp8/hlo/pid-290362/module_9043.tt_jit_layernorm_L62C0_fused_add_rms_norm_add.cl_972931731.after_codegen.txt,DMA 搬运,等待对应 DMA 完成；与 copy-start 是同一次搬运的两端，不能重复计算搬运量。
1,/device:TPU:0,XLA Ops,abs_reduce_fusion.58,loop fusion,fusion,16120.908914,313.539016,"(bf16[4096]{0:T(1024)(128)(2,1)S(1)}, bf16[4096,8192]{1,0:T(16,128)(2,1)})","bf16[512,8,64,128]{3,2,1,0:T(8,128)(2,1)}; pred[4096]{0:T(1024)(128)(4,1)S(1)}; f32[8192]{0:T(1024)S(1)}; f32[512,8,64,128]{3,2,1,0:T(8,128)}; f32[512,8,64,128]{3,2,1,0:T(8,128)}",gdn_gated_rms_weight,"op_name=""custom_kernel/custom_kernel/jit(_quantized_matmul_jax)/reduce_max"" stack_frame_id=1753",/mnt/data/workspace/tpu_benchmark_daily/third_party/torchtpu-vllm/src/vllm_torchtpu/kernels/quantized_matmul/util.py:302,"{""copy"": 4, ""bitcast"": 3, ""multiply"": 4, ""broadcast"": 3, ""select"": 1, ""convert"": 2, ""logistic"": 1, ""abs"": 1, ""reduce"": 1, ""tuple"": 1}",[],149733,runs/layer-ops-20260923/pcp8/hlo/pid-290362/module_9043.tt_jit_layernorm_L62C0_fused_add_rms_norm_add.cl_972931731.after_codegen.txt,FP8 激活量化,按 token 行计算 max(abs(x))，得到动态 FP8 量化 scale；可能融合前面的 RMSNorm/门控操作。
1,/device:TPU:0,XLA Ops,compare_select_fusion.554,loop fusion,fusion,16434.44898,0.008403,f32[4096]{0:T(1024)S(1)},"(bf16[4096]{0:T(1024)(128)(2,1)S(1)}, bf16[4096,8192]{1,0:T(16,128)(2,1)})",,"op_name=""custom_kernel/custom_kernel/select_n"" stack_frame_id=1303",/mnt/data/workspace/tpu_benchmark_daily/.venv/lib64/python3.12/site-packages/torch_tpu/_internal/pallas/pallas.py:685,"{""convert"": 1, ""broadcast"": 3, ""multiply"": 1, ""compare"": 1, ""select"": 1}",[],149734,runs/layer-ops-20260923/pcp8/hlo/pid-290362/module_9043.tt_jit_layernorm_L62C0_fused_add_rms_norm_add.cl_972931731.after_codegen.txt,FP8 量化 scale,计算/保护动态 FP8 scale：max(abs(x))/448；全零行使用非零替代 scale，避免除零。部分 fusion 同时生成 MoE 的有效行 mask。
1,/device:TPU:0,XLA Ops,copy-start.3664,copy-start,copy-start,16434.458584,0.007203,"(f32[4096]{0:T(1024)S(1)}, f32[4096]{0:T(1024)}, u32[]{:S(2)})",f32[4096]{0:T(1024)},weight_or_scale,,,{},[],149735,runs/layer-ops-20260923/pcp8/hlo/pid-290362/module_9043.tt_jit_layernorm_L62C0_fused_add_rms_norm_add.cl_972931731.after_codegen.txt,DMA 搬运,启动 DMA 搬运。
1,/device:TPU:0,XLA Ops,clamp_convert_fusion.58,loop fusion,fusion,16434.47419,33.726291,"f8e4m3fn[4096,8192]{1,0:T(32,128)(4,1)}","(bf16[4096]{0:T(1024)(128)(2,1)S(1)}, bf16[4096,8192]{1,0:T(16,128)(2,1)}); f32[4096]{0:T(1024)S(1)}",,"op_name=""custom_kernel/custom_kernel/jit(_quantized_matmul_jax)/convert_element_type"" stack_frame_id=1756",/mnt/data/workspace/tpu_benchmark_daily/third_party/torchtpu-vllm/src/vllm_torchtpu/kernels/quantized_matmul/util.py:312,"{""broadcast"": 3, ""fusion"": 1, ""convert"": 2, ""divide"": 1, ""clamp"": 1, ""copy"": 1}",[],149736,runs/layer-ops-20260923/pcp8/hlo/pid-290362/module_9043.tt_jit_layernorm_L62C0_fused_add_rms_norm_add.cl_972931731.after_codegen.txt,FP8 激活量化,按动态 scale 缩放并截断到 FP8 可表示范围，再转换为 FP8，供后续 MXU GEMM 使用。
1,/device:TPU:0,XLA Ops,copy-done.3664,copy-done,copy-done,16468.200631,0.003601,f32[4096]{0:T(1024)S(1)},"(f32[4096]{0:T(1024)S(1)}, f32[4096]{0:T(1024)}, u32[]{:S(2)})",weight_or_scale,,,{},[],149737,runs/layer-ops-20260923/pcp8/hlo/pid-290362/module_9043.tt_jit_layernorm_L62C0_fused_add_rms_norm_add.cl_972931731.after_codegen.txt,DMA 搬运,等待对应 DMA 完成；与 copy-start 是同一次搬运的两端，不能重复计算搬运量。
1,/device:TPU:0,XLA Ops,copy-start.2846,copy-start,copy-start,16468.205282,0.002401,"(bf16[4096]{0:T(1024)(128)(2,1)S(1)}, bf16[4096]{0:T(1024)(128)(2,1)}, u32[]{:S(2)})","bf16[4096]{0:T(1024)(128)(2,1)}",post_attention_rms_weight,,,{},[],149738,runs/layer-ops-20260923/pcp8/hlo/pid-290362/module_9043.tt_jit_layernorm_L62C0_fused_add_rms_norm_add.cl_972931731.after_codegen.txt,DMA 搬运,启动 DMA 搬运。
1,/device:TPU:0,XLA Ops,multiply_reduce_fusion.162,convolution fusion,fusion,16468.216162,210.414166,"(f32[4096]{0:T(1024)S(1)}, bf16[4096,4096]{1,0:T(16,128)(2,1)}, bf16[4096,4096]{1,0:T(16,128)(2,1)})","bf16[4096,4096]{1,0:T(16,128)(2,1)}; (f32[4096]{0:T(1024)S(1)}, bf16[4096,4096]{1,0:T(16,128)(2,1)}); (f32[4096]{0:T(1024)S(1)}, bf16[4096,4096]{1,0:T(16,128)(2,1)}); f32[4096]{0:T(1024)S(1)}; f32[4096]{0:T(1024)S(1)}; f8e4m3fn[4096,8192]{1,0:T(32,128)(4,1)}; f8e4m3fn[8192,4096]{1,0:T(32,128)(4,1)}","attention_output_weight,weight_or_scale","op_name=""custom_kernel/custom_kernel/jit(_quantized_matmul_jax)/dot_general"" stack_frame_id=1757",/mnt/data/workspace/tpu_benchmark_daily/third_party/torchtpu-vllm/src/vllm_torchtpu/kernels/quantized_matmul/util.py:98,"{""fusion"": 5, ""convolution"": 1, ""broadcast"": 2, ""multiply"": 3, ""convert"": 9, ""add"": 3, ""reduce"": 1, ""copy"": 2, ""tuple"": 1}",[],149739,runs/layer-ops-20260923/pcp8/hlo/pid-290362/module_9043.tt_jit_layernorm_L62C0_fused_add_rms_norm_add.cl_972931731.after_codegen.txt,attention 输出投影,把所有本地 attention head 的输出投影回 hidden；编译器可融合反量化、residual add 或下一归一化的部分归约。
1,/device:TPU:0,XLA Ops,add_rsqrt_fusion.147,loop fusion,fusion,16678.631453,0.010804,f32[4096]{0:T(1024)S(1)},"(f32[4096]{0:T(1024)S(1)}, bf16[4096,4096]{1,0:T(16,128)(2,1)}, bf16[4096,4096]{1,0:T(16,128)(2,1)})",,"op_name=""rsqrt/rsqrt"" stack_frame_id=1306",/mnt/data/workspace/tpu_benchmark_daily/.venv/lib64/python3.12/site-packages/vllm/ir/ops/layernorm.py:60,"{""broadcast"": 2, ""multiply"": 1, ""add"": 1, ""rsqrt"": 1}",[],149740,runs/layer-ops-20260923/pcp8/hlo/pid-290362/module_9043.tt_jit_layernorm_L62C0_fused_add_rms_norm_add.cl_972931731.after_codegen.txt,RMSNorm/residual,计算均方、加 epsilon、rsqrt 和归一化；融合版本同时处理 residual add，具体融合范围见 HLO。
1,/device:TPU:0,XLA Ops,copy-done.2846,copy-done,copy-done,16678.642407,0.002401,"bf16[4096]{0:T(1024)(128)(2,1)S(1)}","(bf16[4096]{0:T(1024)(128)(2,1)S(1)}, bf16[4096]{0:T(1024)(128)(2,1)}, u32[]{:S(2)})",post_attention_rms_weight,,,{},[],149741,runs/layer-ops-20260923/pcp8/hlo/pid-290362/module_9043.tt_jit_layernorm_L62C0_fused_add_rms_norm_add.cl_972931731.after_codegen.txt,DMA 搬运,等待对应 DMA 完成；与 copy-start 是同一次搬运的两端，不能重复计算搬运量。
1,/device:TPU:0,XLA Ops,copy-start.3588,copy-start,copy-start,16678.652011,0.009604,"(bf16[512,4096]{1,0:T(8,128)(2,1)S(1)}, bf16[512,4096]{1,0:T(8,128)(2,1)}, u32[]{:S(2)})","bf16[512,4096]{1,0:T(8,128)(2,1)}",router_weight,,,{},[],149742,runs/layer-ops-20260923/pcp8/hlo/pid-290362/module_9043.tt_jit_layernorm_L62C0_fused_add_rms_norm_add.cl_972931731.after_codegen.txt,DMA 搬运,启动 DMA 搬运。
1,/device:TPU:0,XLA Ops,abs_reduce_fusion.133,loop fusion,fusion,16678.668668,35.695078,"(bf16[4096]{0:T(1024)(128)(2,1)S(1)}, bf16[4096,4096]{1,0:T(16,128)(2,1)})","bf16[4096]{0:T(1024)(128)(2,1)S(1)}; f32[4096]{0:T(1024)S(1)}; (f32[4096]{0:T(1024)S(1)}, bf16[4096,4096]{1,0:T(16,128)(2,1)}, bf16[4096,4096]{1,0:T(16,128)(2,1)}); (f32[4096]{0:T(1024)S(1)}, bf16[4096,4096]{1,0:T(16,128)(2,1)}, bf16[4096,4096]{1,0:T(16,128)(2,1)})",post_attention_rms_weight,"op_name=""custom_kernel/custom_kernel/jit(_quantized_matmul_jax)/reduce_max"" stack_frame_id=1753",/mnt/data/workspace/tpu_benchmark_daily/third_party/torchtpu-vllm/src/vllm_torchtpu/kernels/quantized_matmul/util.py:302,"{""fusion"": 2, ""convert"": 3, ""add"": 2, ""broadcast"": 2, ""multiply"": 2, ""abs"": 1, ""reduce"": 1, ""copy"": 1, ""tuple"": 1}",[],149743,runs/layer-ops-20260923/pcp8/hlo/pid-290362/module_9043.tt_jit_layernorm_L62C0_fused_add_rms_norm_add.cl_972931731.after_codegen.txt,FP8 激活量化,按 token 行计算 max(abs(x))，得到动态 FP8 量化 scale；可能融合前面的 RMSNorm/门控操作。
1,/device:TPU:0,XLA Ops,copy-done.3588,copy-done,copy-done,16714.363971,0.002401,"bf16[512,4096]{1,0:T(8,128)(2,1)S(1)}","(bf16[512,4096]{1,0:T(8,128)(2,1)S(1)}, bf16[512,4096]{1,0:T(8,128)(2,1)}, u32[]{:S(2)})",router_weight,,,{},[],149744,runs/layer-ops-20260923/pcp8/hlo/pid-290362/module_9043.tt_jit_layernorm_L62C0_fused_add_rms_norm_add.cl_972931731.after_codegen.txt,DMA 搬运,等待对应 DMA 完成；与 copy-start 是同一次搬运的两端，不能重复计算搬运量。
1,/device:TPU:0,XLA Ops,fusion.3379,convolution fusion,fusion,16714.369748,23.12605,"(bf16[4096]{0:T(1024)(128)(2,1)S(1)}, bf16[4096,512]{0,1:T(8,128)(2,1)S(1)})","(bf16[4096]{0:T(1024)(128)(2,1)S(1)}, bf16[4096,4096]{1,0:T(16,128)(2,1)}); bf16[512,4096]{1,0:T(8,128)(2,1)S(1)}",router_weight,"op_name=""mm/mm"" stack_frame_id=1281",/mnt/data/workspace/tpu_benchmark_daily/.venv/lib64/python3.12/site-packages/vllm/model_executor/parameter.py:127,"{""fusion"": 2, ""convolution"": 1, ""reduce"": 1, ""tuple"": 1}",[],149745,runs/layer-ops-20260923/pcp8/hlo/pid-290362/module_9043.tt_jit_layernorm_L62C0_fused_add_rms_norm_add.cl_972931731.after_codegen.txt,Router 打分,BF16 GEMM：每个 token 的 hidden→512 个专家 logits；softmax/top-k 在后续 kernel。
1,/device:TPU:0,XLA Ops,copy.15246,data formatting,copy,16737.501951,3.831933,"bf16[4096,512]{1,0:T(8,128)(2,1)S(1)}","(bf16[4096]{0:T(1024)(128)(2,1)S(1)}, bf16[4096,512]{0,1:T(8,128)(2,1)S(1)})",,"op_name=""mm/mm"" stack_frame_id=1281",/mnt/data/workspace/tpu_benchmark_daily/.venv/lib64/python3.12/site-packages/vllm/model_executor/parameter.py:127,{},[],149746,runs/layer-ops-20260923/pcp8/hlo/pid-290362/module_9043.tt_jit_layernorm_L62C0_fused_add_rms_norm_add.cl_972931731.after_codegen.txt,数据复制/布局物化,编译器生成的实际数据复制或物理布局变换；比较 operand_shapes 与 shape 可区分 tiling/维度顺序和 memory space 的变化。
1,/device:TPU:0,XLA Ops,convert.584,non-fusion elementwise,convert,16741.340937,0.003601,f32[4096]{0:T(1024)S(1)},"(bf16[4096]{0:T(1024)(128)(2,1)S(1)}, bf16[4096,512]{0,1:T(8,128)(2,1)S(1)})",,"op_name=""custom_kernel/custom_kernel/jit(moe)/shard_map/reduce_max"" stack_frame_id=1844",/mnt/data/workspace/tpu_benchmark_daily/third_party/torchtpu-vllm/src/vllm_torchtpu/kernels/fused_moe/v2/layer.py:50,{},[],149747,runs/layer-ops-20260923/pcp8/hlo/pid-290362/module_9043.tt_jit_layernorm_L62C0_fused_add_rms_norm_add.cl_972931731.after_codegen.txt,MoE 路由/通信计划,最大值归约：构造或处理 top-k 权重、专家计数、token 排列、量化 scale、远端地址及搬运计划；本行 dtype/shape 和 fused_ops 给出实际运算。
1,/device:TPU:0,XLA Ops,fusion.665,loop fusion,fusion,16741.351816,2.019208,f32[4096]{0:T(1024)S(1)},"bf16[4096,512]{1,0:T(8,128)(2,1)S(1)}; f32[4096]{0:T(1024)S(1)}",,"op_name=""custom_kernel/custom_kernel/jit(moe)/shard_map/reduce_sum"" stack_frame_id=1844",/mnt/data/workspace/tpu_benchmark_daily/third_party/torchtpu-vllm/src/vllm_torchtpu/kernels/fused_moe/v2/layer.py:50,"{""convert"": 1, ""broadcast"": 1, ""subtract"": 1, ""exponential"": 1, ""reduce"": 1}",[],149748,runs/layer-ops-20260923/pcp8/hlo/pid-290362/module_9043.tt_jit_layernorm_L62C0_fused_add_rms_norm_add.cl_972931731.after_codegen.txt,MoE 路由/通信计划,求和归约：构造或处理 top-k 权重、专家计数、token 排列、量化 scale、远端地址及搬运计划；本行 dtype/shape 和 fused_ops 给出实际运算。
1,/device:TPU:0,XLA Ops,is-finite_reduce_fusion.58,loop fusion,fusion,16743.379427,4.130852,"(pred[4096]{0:T(1024)(128)(4,1)}, f32[4096,512]{1,0:T(8,128)S(1)})","f32[4096]{0:T(1024)S(1)}; f32[4096]{0:T(1024)S(1)}; bf16[4096,512]{1,0:T(8,128)(2,1)S(1)}",,"op_name=""custom_kernel/custom_kernel/jit(moe)/shard_map/reduce_or"" stack_frame_id=2069",/mnt/data/workspace/tpu_benchmark_daily/third_party/torchtpu-vllm/src/vllm_torchtpu/kernels/fused_moe/v2/layer.py:439,"{""convert"": 1, ""broadcast"": 2, ""subtract"": 1, ""exponential"": 1, ""divide"": 1, ""is-finite"": 1, ""reduce"": 1, ""tuple"": 1}",[],149749,runs/layer-ops-20260923/pcp8/hlo/pid-290362/module_9043.tt_jit_layernorm_L62C0_fused_add_rms_norm_add.cl_972931731.after_codegen.txt,MoE 路由/通信计划,逻辑或归约：构造或处理 top-k 权重、专家计数、token 排列、量化 scale、远端地址及搬运计划；本行 dtype/shape 和 fused_ops 给出实际运算。
1,/device:TPU:0,XLA Ops,shard_map.273,custom-call,custom-call,16747.511405,39.745498,"(f32[4096,10]{1,0:T(8,128)S(1)}, s32[4096,10]{1,0:T(8,128)S(1)})","(pred[4096]{0:T(1024)(128)(4,1)}, f32[4096,512]{1,0:T(8,128)S(1)})",,"op_name=""custom_kernel/custom_kernel/jit(moe)/shard_map/pallas_call"" stack_frame_id=1846",/mnt/data/workspace/tpu_benchmark_daily/third_party/torchtpu-vllm/src/vllm_torchtpu/kernels/fused_moe/v2/router_ops.py:107,{},[],149750,runs/layer-ops-20260923/pcp8/hlo/pid-290362/module_9043.tt_jit_layernorm_L62C0_fused_add_rms_norm_add.cl_972931731.after_codegen.txt,Router top-k,Pallas top-k：从 512 个专家的路由分数选出 10 个专家及对应权重，输出 FP32 分数和 INT32 专家 ID。
1,/device:TPU:0,XLA Ops,copy-start.2,copy-start,copy-start,16787.262981,0.008403,"(f32[4096,10]{1,0:T(8,128)}, f32[4096,10]{1,0:T(8,128)S(1)}, u32[]{:S(2)})","(f32[4096,10]{1,0:T(8,128)S(1)}, s32[4096,10]{1,0:T(8,128)S(1)})",,,,{},[],149751,runs/layer-ops-20260923/pcp8/hlo/pid-290362/module_9043.tt_jit_layernorm_L62C0_fused_add_rms_norm_add.cl_972931731.after_codegen.txt,DMA 搬运,启动 DMA 搬运。
1,/device:TPU:0,XLA Ops,fusion.789,loop fusion,fusion,16787.279787,2.918367,"s32[4096,10]{1,0:T(8,128)S(1)}","(f32[4096,10]{1,0:T(8,128)S(1)}, s32[4096,10]{1,0:T(8,128)S(1)})",,"op_name=""custom_kernel/custom_kernel/jit(moe)/shard_map/add"" stack_frame_id=1851",/mnt/data/workspace/tpu_benchmark_daily/third_party/torchtpu-vllm/src/vllm_torchtpu/kernels/fused_moe/v2/layer.py:190,"{""sign"": 1, ""broadcast"": 11, ""compare"": 11, ""negate"": 3, ""select"": 12, ""and"": 3, ""shift-right-logical"": 1, ""add"": 3, ""multiply"": 1}",[],149752,runs/layer-ops-20260923/pcp8/hlo/pid-290362/module_9043.tt_jit_layernorm_L62C0_fused_add_rms_norm_add.cl_972931731.after_codegen.txt,MoE 路由/通信计划,加法：构造或处理 top-k 权重、专家计数、token 排列、量化 scale、远端地址及搬运计划；本行 dtype/shape 和 fused_ops 给出实际运算。
1,/device:TPU:0,XLA Ops,broadcast_in_dim_reshape.372,data formatting,reshape,16790.205508,1.705882,"s32[160,256]{1,0:T(8,128)S(1)}","s32[4096,10]{1,0:T(8,128)S(1)}",,"op_name=""custom_kernel/custom_kernel/jit(moe)/shard_map/eq;jit(moe)/shard_map/broadcast_in_dim;reshape"" stack_frame_id=1315",/mnt/data/workspace/tpu_benchmark_daily/.venv/lib64/python3.12/site-packages/torch_tpu/_internal/pallas/pallas.py:112,{},[],149753,runs/layer-ops-20260923/pcp8/hlo/pid-290362/module_9043.tt_jit_layernorm_L62C0_fused_add_rms_norm_add.cl_972931731.after_codegen.txt,数据复制/布局物化,编译器生成的实际数据复制或物理布局变换；比较 operand_shapes 与 shape 可区分 tiling/维度顺序和 memory space 的变化。
1,/device:TPU:0,XLA Ops,copy-start.1063,copy-start,copy-start,16791.919568,0.007203,"(s32[160,256]{1,0:T(8,128)}, s32[160,256]{1,0:T(8,128)S(1)}, u32[]{:S(2)})","s32[160,256]{1,0:T(8,128)S(1)}",,,,{},[],149754,runs/layer-ops-20260923/pcp8/hlo/pid-290362/module_9043.tt_jit_layernorm_L62C0_fused_add_rms_norm_add.cl_972931731.after_codegen.txt,DMA 搬运,启动 DMA 搬运。
1,/device:TPU:0,XLA Ops,reshape_reshape.121,data formatting,reshape,16791.935174,1.711885,s32[40960]{0:T(1024)S(1)},"s32[4096,10]{1,0:T(8,128)S(1)}",,"op_name=""custom_kernel/custom_kernel/jit(moe)/shard_map/reshape;reshape"" stack_frame_id=1842",/mnt/data/workspace/tpu_benchmark_daily/third_party/torchtpu-vllm/src/vllm_torchtpu/kernels/fused_moe/v2/layer.py:658,{},[],149755,runs/layer-ops-20260923/pcp8/hlo/pid-290362/module_9043.tt_jit_layernorm_L62C0_fused_add_rms_norm_add.cl_972931731.after_codegen.txt,数据复制/布局物化,编译器生成的实际数据复制或物理布局变换；比较 operand_shapes 与 shape 可区分 tiling/维度顺序和 memory space 的变化。
1,/device:TPU:0,XLA Ops,compare_select_fusion.553,loop fusion,fusion,16793.655538,0.019208,"(f32[4096]{0:T(1024)S(1)}, bf16[4096]{0:T(1024)(128)(2,1)S(1)})","(bf16[4096]{0:T(1024)(128)(2,1)S(1)}, bf16[4096,4096]{1,0:T(16,128)(2,1)})",,"op_name=""custom_kernel/custom_kernel/select_n"" stack_frame_id=1303",/mnt/data/workspace/tpu_benchmark_daily/.venv/lib64/python3.12/site-packages/torch_tpu/_internal/pallas/pallas.py:685,"{""convert"": 2, ""broadcast"": 3, ""multiply"": 1, ""compare"": 2, ""select"": 4, ""is-finite"": 1, ""and"": 1, ""divide"": 1, ""tuple"": 1}",[],149756,runs/layer-ops-20260923/pcp8/hlo/pid-290362/module_9043.tt_jit_layernorm_L62C0_fused_add_rms_norm_add.cl_972931731.after_codegen.txt,FP8 量化 scale,计算/保护动态 FP8 scale：max(abs(x))/448；全零行使用非零替代 scale，避免除零。部分 fusion 同时生成 MoE 的有效行 mask。
1,/device:TPU:0,XLA Ops,fusion.2218,loop fusion,fusion,16793.680673,0.010804,s32[4096]{0:T(1024)S(1)},"(bf16[4096]{0:T(1024)(128)(2,1)S(1)}, bf16[4096,4096]{1,0:T(16,128)(2,1)})",,"op_name=""custom_kernel/custom_kernel/jit(moe)/shard_map/bitcast_convert_type"" stack_frame_id=1869",/mnt/data/workspace/tpu_benchmark_daily/third_party/torchtpu-vllm/src/vllm_torchtpu/kernels/fused_moe/v2/layer.py:461,"{""convert"": 1, ""broadcast"": 2, ""multiply"": 1, ""is-finite"": 1, ""compare"": 1, ""and"": 1, ""select"": 1, ""bitcast-convert"": 1}",[],149757,runs/layer-ops-20260923/pcp8/hlo/pid-290362/module_9043.tt_jit_layernorm_L62C0_fused_add_rms_norm_add.cl_972931731.after_codegen.txt,MoE 路由/通信计划,按位重解释：构造或处理 top-k 权重、专家计数、token 排列、量化 scale、远端地址及搬运计划；本行 dtype/shape 和 fused_ops 给出实际运算。
1,/device:TPU:0,XLA Ops,fusion.2224,loop fusion,fusion,16793.69868,0.009604,"pred[4096]{0:T(1024)(128)(4,1)S(1)}","(bf16[4096]{0:T(1024)(128)(2,1)S(1)}, bf16[4096,4096]{1,0:T(16,128)(2,1)})",,"op_name=""custom_kernel/custom_kernel/jit(moe)/shard_map/and"" stack_frame_id=1866",/mnt/data/workspace/tpu_benchmark_daily/third_party/torchtpu-vllm/src/vllm_torchtpu/kernels/fused_moe/v2/kernel.py:160,"{""convert"": 1, ""broadcast"": 2, ""multiply"": 1, ""is-finite"": 1, ""compare"": 1, ""and"": 1}",[],149758,runs/layer-ops-20260923/pcp8/hlo/pid-290362/module_9043.tt_jit_layernorm_L62C0_fused_add_rms_norm_add.cl_972931731.after_codegen.txt,MoE 路由/通信计划,逻辑与：构造或处理 top-k 权重、专家计数、token 排列、量化 scale、远端地址及搬运计划；本行 dtype/shape 和 fused_ops 给出实际运算。
1,/device:TPU:0,XLA Ops,convert_reduce_fusion.235,loop fusion,fusion,16793.715637,16.441777,"(s32[160,512]{1,0:T(8,128)S(1)}, s32[512]{0:T(512)S(1)})","s32[160,256]{1,0:T(8,128)S(1)}",,"op_name=""custom_kernel/custom_kernel/jit(moe)/shard_map/reduce_sum"" stack_frame_id=1859",/mnt/data/workspace/tpu_benchmark_daily/third_party/torchtpu-vllm/src/vllm_torchtpu/kernels/fused_moe/v2/host.py:635,"{""broadcast"": 1, ""iota"": 1, ""compare"": 1, ""convert"": 1, ""reduce"": 2, ""tuple"": 1}",[],149759,runs/layer-ops-20260923/pcp8/hlo/pid-290362/module_9043.tt_jit_layernorm_L62C0_fused_add_rms_norm_add.cl_972931731.after_codegen.txt,MoE 路由/通信计划,求和归约：构造或处理 top-k 权重、专家计数、token 排列、量化 scale、远端地址及搬运计划；本行 dtype/shape 和 fused_ops 给出实际运算。
1,/device:TPU:0,XLA Ops,copy-start.1579,copy-start,copy-start,16810.164691,0.009604,"(s32[160,512]{1,0:T(8,128)}, s32[160,512]{1,0:T(8,128)S(1)}, u32[]{:S(2)})","(s32[160,512]{1,0:T(8,128)S(1)}, s32[512]{0:T(512)S(1)})",,,,{},[],149760,runs/layer-ops-20260923/pcp8/hlo/pid-290362/module_9043.tt_jit_layernorm_L62C0_fused_add_rms_norm_add.cl_972931731.after_codegen.txt,DMA 搬运,启动 DMA 搬运。
1,/device:TPU:0,XLA Ops,pad_add_fusion.3,loop fusion,fusion,16810.181348,0.016807,s32[45568]{0:T(1024)S(1)},"(s32[160,512]{1,0:T(8,128)S(1)}, s32[512]{0:T(512)S(1)}); s32[4096]{0:T(1024)S(1)}; s32[40960]{0:T(1024)S(1)}",,"op_name=""custom_kernel/custom_kernel/jit(moe)/shard_map/concatenate"" stack_frame_id=1872",/mnt/data/workspace/tpu_benchmark_daily/third_party/torchtpu-vllm/src/vllm_torchtpu/kernels/fused_moe/v2/layer.py:147,"{""pad"": 3, ""add"": 2}",[],149761,runs/layer-ops-20260923/pcp8/hlo/pid-290362/module_9043.tt_jit_layernorm_L62C0_fused_add_rms_norm_add.cl_972931731.after_codegen.txt,MoE 路由/通信计划,拼接：构造或处理 top-k 权重、专家计数、token 排列、量化 scale、远端地址及搬运计划；本行 dtype/shape 和 fused_ops 给出实际运算。
1,/device:TPU:0,XLA Ops,all-gather.303.cloned.1.call-start,async-start,async-start,16810.846639,0.052821,"((), (), s32[]{:S(2)})",,,"op_name=""custom_kernel/custom_kernel/jit(moe)/shard_map/all_gather"" stack_frame_id=1873",/mnt/data/workspace/tpu_benchmark_daily/third_party/torchtpu-vllm/src/vllm_torchtpu/kernels/fused_moe/v2/layer.py:465,"{""call"": 1}","[{""opcode"": ""all-gather"", ""shape"": ""s32[8,1,45568]{2,1,0:T(1,128)}"", ""replica_groups"": ""{{0,1,2,3,4,5,6,7}}"", ""attrs"": ""channel_id=1, replica_groups={{0,1,2,3,4,5,6,7}}, dimensions={0}, use_global_device_ids=true, metadata={op_name=\""custom_kernel/custom_kernel/jit(moe)/shard_map/all_gather\"" stack_frame_id=1873}""}]",149764,runs/layer-ops-20260923/pcp8/hlo/pid-290362/module_9043.tt_jit_layernorm_L62C0_fused_add_rms_norm_add.cl_972931731.after_codegen.txt,EP dispatch / all-gather,"收集该组 token 激活、router logits 或路由计划，供本地专家处理；实际 replica groups={{0,1,2,3,4,5,6,7}}，输出 s32[8,1,45568]{2,1,0:T(1,128)}。异步边界不能重复计费。"
1,/device:TPU:0,XLA Ops,reshape.29388,data formatting,reshape,16810.907563,0.816327,"s32[1,1,45568]{2,1,0:T(1,128)}",s32[45568]{0:T(1024)S(1)},,,,{},[],149765,runs/layer-ops-20260923/pcp8/hlo/pid-290362/module_9043.tt_jit_layernorm_L62C0_fused_add_rms_norm_add.cl_972931731.after_codegen.txt,数据复制/布局物化,编译器生成的实际数据复制或物理布局变换；比较 operand_shapes 与 shape 可区分 tiling/维度顺序和 memory space 的变化。
1,/device:TPU:0,XLA Ops,all-gather.303.cloned.1.call-update,async-update,async-update,16811.72509,0.014406,"((s32[1,1,45568]{2,1,0:T(1,128)}), s32[8,1,45568]{2,1,0:T(1,128)})","((), (), s32[]{:S(2)}); s32[1,1,45568]{2,1,0:T(1,128)}",,,,{},"[{""opcode"": ""all-gather"", ""shape"": ""s32[8,1,45568]{2,1,0:T(1,128)}"", ""replica_groups"": ""{{0,1,2,3,4,5,6,7}}"", ""attrs"": ""channel_id=1, replica_groups={{0,1,2,3,4,5,6,7}}, dimensions={0}, use_global_device_ids=true, metadata={op_name=\""custom_kernel/custom_kernel/jit(moe)/shard_map/all_gather\"" stack_frame_id=1873}""}]",149766,runs/layer-ops-20260923/pcp8/hlo/pid-290362/module_9043.tt_jit_layernorm_L62C0_fused_add_rms_norm_add.cl_972931731.after_codegen.txt,EP dispatch / all-gather,"收集该组 token 激活、router logits 或路由计划，供本地专家处理；实际 replica groups={{0,1,2,3,4,5,6,7}}，输出 s32[8,1,45568]{2,1,0:T(1,128)}。异步边界不能重复计费。"
1,/device:TPU:0,XLA Ops,all-gather.183.cloned.1.call-start,async-start,async-start,16811.747975,0.051621,"((), (), s32[]{:S(2)})",,,"op_name=""custom_kernel/custom_kernel/jit(moe)/shard_map/all_gather"" stack_frame_id=2037",/mnt/data/workspace/tpu_benchmark_daily/third_party/torchtpu-vllm/src/vllm_torchtpu/kernels/fused_moe/v2/layer.py:406,"{""call"": 1}","[{""opcode"": ""all-gather"", ""shape"": ""f8e4m3fn[32768,32,128]{2,1,0:T(32,128)(4,1)}"", ""replica_groups"": ""{{0,1,2,3,4,5,6,7}}"", ""attrs"": ""channel_id=1, replica_groups={{0,1,2,3,4,5,6,7}}, dimensions={0}, use_global_device_ids=true, metadata={op_name=\""custom_kernel/custom_kernel/jit(moe)/shard_map/all_gather\"" stack_frame_id=2037}""}]",149767,runs/layer-ops-20260923/pcp8/hlo/pid-290362/module_9043.tt_jit_layernorm_L62C0_fused_add_rms_norm_add.cl_972931731.after_codegen.txt,EP dispatch / all-gather,"收集该组 token 激活、router logits 或路由计划，供本地专家处理；实际 replica groups={{0,1,2,3,4,5,6,7}}，输出 f8e4m3fn[32768,32,128]{2,1,0:T(32,128)(4,1)}。异步边界不能重复计费。"
1,/device:TPU:0,XLA Ops,copy-done.1063,copy-done,copy-done,16811.807924,0.002401,"s32[160,256]{1,0:T(8,128)}","(s32[160,256]{1,0:T(8,128)}, s32[160,256]{1,0:T(8,128)S(1)}, u32[]{:S(2)})",,,,{},[],149768,runs/layer-ops-20260923/pcp8/hlo/pid-290362/module_9043.tt_jit_layernorm_L62C0_fused_add_rms_norm_add.cl_972931731.after_codegen.txt,DMA 搬运,等待对应 DMA 完成；与 copy-start 是同一次搬运的两端，不能重复计算搬运量。
1,/device:TPU:0,XLA Ops,fusion.369,loop fusion,fusion,16811.818803,12.854742,"f8e4m3fn[512,8,32,128]{3,1,2,0:T(8,128)(4,1)S(1)}","(bf16[4096]{0:T(1024)(128)(2,1)S(1)}, bf16[4096,4096]{1,0:T(16,128)(2,1)}); (f32[4096]{0:T(1024)S(1)}, bf16[4096]{0:T(1024)(128)(2,1)S(1)}); pred[4096]{0:T(1024)(128)(4,1)S(1)}",,,,"{""broadcast"": 3, ""fusion"": 1, ""multiply"": 1, ""select"": 1, ""convert"": 1, ""bitcast"": 1}",[],149769,runs/layer-ops-20260923/pcp8/hlo/pid-290362/module_9043.tt_jit_layernorm_L62C0_fused_add_rms_norm_add.cl_972931731.after_codegen.txt,MoE 激活量化,融合按行 FP8 量化与有效 token mask，生成跨 EP rank 交换的激活数据。
1,/device:TPU:0 SparseCore 0,Sparse Core Ops,all-gather.302,all-gather,all-gather,16813.946129,19.913565,"s32[8,1,45568]{2,1,0:T(1,128)}","s32[1,1,45568]{2,1,0:T(1,128)}",,"op_name=""custom_kernel/custom_kernel/jit(moe)/shard_map/all_gather"" stack_frame_id=1873",/mnt/data/workspace/tpu_benchmark_daily/third_party/torchtpu-vllm/src/vllm_torchtpu/kernels/fused_moe/v2/layer.py:465,{},"[{""opcode"": ""all-gather"", ""shape"": ""s32[8,1,45568]{2,1,0:T(1,128)}"", ""replica_groups"": ""{{0,1,2,3,4,5,6,7}}"", ""attrs"": ""channel_id=1, replica_groups={{0,1,2,3,4,5,6,7}}, dimensions={0}, use_global_device_ids=true, metadata={op_name=\""custom_kernel/custom_kernel/jit(moe)/shard_map/all_gather\"" stack_frame_id=1873}""}]",10147,runs/layer-ops-20260923/pcp8/hlo/pid-290362/module_9043.tt_jit_layernorm_L62C0_fused_add_rms_norm_add.cl_972931731.after_codegen.txt,EP dispatch / all-gather,"收集该组 token 激活、router logits 或路由计划，供本地专家处理；实际 replica groups={{0,1,2,3,4,5,6,7}}，输出 s32[8,1,45568]{2,1,0:T(1,128)}。异步边界不能重复计费。"
1,/device:TPU:0,XLA Ops,copy-start.1991,copy-start,copy-start,16824.696279,0.008403,"(f32[64,1,1,4096]{3,2,1,0:T(1,128)S(1)}, f32[64,1,1,4096]{3,2,1,0:T(1,128)}, u32[]{:S(2)})","f32[64,1,1,4096]{3,2,1,0:T(1,128)}",routed_expert_scale,,,{},[],149771,runs/layer-ops-20260923/pcp8/hlo/pid-290362/module_9043.tt_jit_layernorm_L62C0_fused_add_rms_norm_add.cl_972931731.after_codegen.txt,DMA 搬运,启动 DMA 搬运。
1,/device:TPU:0,XLA Ops,copy-start.2056,copy-start,copy-start,16824.712185,0.009604,"(f32[64,1,1,2048]{3,2,1,0:T(1,128)S(1)}, f32[64,1,1,2048]{3,2,1,0:T(1,128)}, u32[]{:S(2)})","f32[64,1,1,2048]{3,2,1,0:T(1,128)}",routed_expert_scale,,,{},[],149772,runs/layer-ops-20260923/pcp8/hlo/pid-290362/module_9043.tt_jit_layernorm_L62C0_fused_add_rms_norm_add.cl_972931731.after_codegen.txt,DMA 搬运,启动 DMA 搬运。
1,/device:TPU:0,XLA Ops,copy.20632,data formatting,copy,16824.745574,10.470588,"f8e4m3fn[512,8,32,128]{3,2,1,0:T(32,128)(4,1)}","f8e4m3fn[512,8,32,128]{3,1,2,0:T(8,128)(4,1)S(1)}",,,,{},[],149774,runs/layer-ops-20260923/pcp8/hlo/pid-290362/module_9043.tt_jit_layernorm_L62C0_fused_add_rms_norm_add.cl_972931731.after_codegen.txt,数据复制/布局物化,编译器生成的实际数据复制或物理布局变换；比较 operand_shapes 与 shape 可区分 tiling/维度顺序和 memory space 的变化。
1,/device:TPU:0,XLA Ops,copy-start.2172,copy-start,copy-start,16835.360144,0.007203,"(s32[64]{0:T(128)S(1)}, s32[64]{0:T(128)}, u32[]{:S(2)})",s32[64]{0:T(128)},,,,{},[],149786,runs/layer-ops-20260923/pcp8/hlo/pid-290362/module_9043.tt_jit_layernorm_L62C0_fused_add_rms_norm_add.cl_972931731.after_codegen.txt,DMA 搬运,启动 DMA 搬运。
1,/device:TPU:0,XLA Ops,all-gather.183.cloned.1.call-update,async-update,async-update,16835.3747,0.015606,"((f8e4m3fn[4096,32,128]{2,1,0:T(32,128)(4,1)}), f8e4m3fn[32768,32,128]{2,1,0:T(32,128)(4,1)})","((), (), s32[]{:S(2)}); f8e4m3fn[4096,32,128]{2,1,0:T(32,128)(4,1)}",,,,{},"[{""opcode"": ""all-gather"", ""shape"": ""f8e4m3fn[32768,32,128]{2,1,0:T(32,128)(4,1)}"", ""replica_groups"": ""{{0,1,2,3,4,5,6,7}}"", ""attrs"": ""channel_id=1, replica_groups={{0,1,2,3,4,5,6,7}}, dimensions={0}, use_global_device_ids=true, metadata={op_name=\""custom_kernel/custom_kernel/jit(moe)/shard_map/all_gather\"" stack_frame_id=2037}""}]",149788,runs/layer-ops-20260923/pcp8/hlo/pid-290362/module_9043.tt_jit_layernorm_L62C0_fused_add_rms_norm_add.cl_972931731.after_codegen.txt,EP dispatch / all-gather,"收集该组 token 激活、router logits 或路由计划，供本地专家处理；实际 replica groups={{0,1,2,3,4,5,6,7}}，输出 f8e4m3fn[32768,32,128]{2,1,0:T(32,128)(4,1)}。异步边界不能重复计费。"
1,/device:TPU:0,XLA Ops,copy-start.2780,copy-start,copy-start,16835.39856,0.009604,"(bf16[1,4096]{1,0:T(2,128)(2,1)S(1)}, bf16[1,4096]{1,0:T(2,128)(2,1)}, u32[]{:S(2)})","bf16[1,4096]{1,0:T(2,128)(2,1)}",shared_expert_gate_weight,,,{},[],149789,runs/layer-ops-20260923/pcp8/hlo/pid-290362/module_9043.tt_jit_layernorm_L62C0_fused_add_rms_norm_add.cl_972931731.after_codegen.txt,DMA 搬运,启动 DMA 搬运。
1,/device:TPU:0,XLA Ops,scatter_offload_async_start.4,async-start,async-start,16835.415367,0.054022,"((), (), s32[]{:S(2)})",,,"op_name=""custom_kernel/custom_kernel/jit(moe)/shard_map/scatter-add"" stack_frame_id=2040",/mnt/data/workspace/tpu_benchmark_daily/third_party/torchtpu-vllm/src/vllm_torchtpu/kernels/fused_moe/v2/host.py:969,"{""call"": 1}",[],149790,runs/layer-ops-20260923/pcp8/hlo/pid-290362/module_9043.tt_jit_layernorm_L62C0_fused_add_rms_norm_add.cl_972931731.after_codegen.txt,异步调用控制,异步 kernel/collective 的启动、提交或完成边界；具体计算在被调用的 HLO computation 中，不能把边界再当一遍计算。
1,/device:TPU:0 SparseCore 0,Sparse Core Ops,all-gather.182,all-gather,all-gather,16835.727566,581.442977,"f8e4m3fn[32768,32,128]{2,1,0:T(32,128)(4,1)}","f8e4m3fn[4096,32,128]{2,1,0:T(32,128)(4,1)}",,"op_name=""custom_kernel/custom_kernel/jit(moe)/shard_map/all_gather"" stack_frame_id=2037",/mnt/data/workspace/tpu_benchmark_daily/third_party/torchtpu-vllm/src/vllm_torchtpu/kernels/fused_moe/v2/layer.py:406,{},"[{""opcode"": ""all-gather"", ""shape"": ""f8e4m3fn[32768,32,128]{2,1,0:T(32,128)(4,1)}"", ""replica_groups"": ""{{0,1,2,3,4,5,6,7}}"", ""attrs"": ""channel_id=1, replica_groups={{0,1,2,3,4,5,6,7}}, dimensions={0}, use_global_device_ids=true, metadata={op_name=\""custom_kernel/custom_kernel/jit(moe)/shard_map/all_gather\"" stack_frame_id=2037}""}]",10213,runs/layer-ops-20260923/pcp8/hlo/pid-290362/module_9043.tt_jit_layernorm_L62C0_fused_add_rms_norm_add.cl_972931731.after_codegen.txt,EP dispatch / all-gather,"收集该组 token 激活、router logits 或路由计划，供本地专家处理；实际 replica groups={{0,1,2,3,4,5,6,7}}，输出 f8e4m3fn[32768,32,128]{2,1,0:T(32,128)(4,1)}。异步边界不能重复计费。"
1,/device:TPU:0,XLA Ops,copy-done.1991,copy-done,copy-done,16836.14886,0.003601,"f32[64,1,1,4096]{3,2,1,0:T(1,128)S(1)}","(f32[64,1,1,4096]{3,2,1,0:T(1,128)S(1)}, f32[64,1,1,4096]{3,2,1,0:T(1,128)}, u32[]{:S(2)})",routed_expert_scale,,,{},[],149796,runs/layer-ops-20260923/pcp8/hlo/pid-290362/module_9043.tt_jit_layernorm_L62C0_fused_add_rms_norm_add.cl_972931731.after_codegen.txt,DMA 搬运,等待对应 DMA 完成；与 copy-start 是同一次搬运的两端，不能重复计算搬运量。
1,/device:TPU:0,XLA Ops,copy.21575,data formatting,copy,16836.152536,1.788715,"f32[64,1,1,4096]{3,0,1,2:T(8,128)}","f32[64,1,1,4096]{3,2,1,0:T(1,128)S(1)}",routed_expert_scale,,,{},[],149797,runs/layer-ops-20260923/pcp8/hlo/pid-290362/module_9043.tt_jit_layernorm_L62C0_fused_add_rms_norm_add.cl_972931731.after_codegen.txt,数据复制/布局物化,编译器生成的实际数据复制或物理布局变换；比较 operand_shapes 与 shape 可区分 tiling/维度顺序和 memory space 的变化。
1,/device:TPU:0,XLA Ops,copy-done.2056,copy-done,copy-done,16837.941402,0.002401,"f32[64,1,1,2048]{3,2,1,0:T(1,128)S(1)}","(f32[64,1,1,2048]{3,2,1,0:T(1,128)S(1)}, f32[64,1,1,2048]{3,2,1,0:T(1,128)}, u32[]{:S(2)})",routed_expert_scale,,,{},[],149798,runs/layer-ops-20260923/pcp8/hlo/pid-290362/module_9043.tt_jit_layernorm_L62C0_fused_add_rms_norm_add.cl_972931731.after_codegen.txt,DMA 搬运,等待对应 DMA 完成；与 copy-start 是同一次搬运的两端，不能重复计算搬运量。
1,/device:TPU:0,XLA Ops,copy.21635,data formatting,copy,16837.944778,0.937575,"f32[64,1,1,2048]{3,0,1,2:T(8,128)}","f32[64,1,1,2048]{3,2,1,0:T(1,128)S(1)}",routed_expert_scale,,,{},[],149799,runs/layer-ops-20260923/pcp8/hlo/pid-290362/module_9043.tt_jit_layernorm_L62C0_fused_add_rms_norm_add.cl_972931731.after_codegen.txt,数据复制/布局物化,编译器生成的实际数据复制或物理布局变换；比较 operand_shapes 与 shape 可区分 tiling/维度顺序和 memory space 的变化。
1,/device:TPU:0,XLA Ops,copy-done.2,copy-done,copy-done,16901.342212,0.003601,"f32[4096,10]{1,0:T(8,128)}","(f32[4096,10]{1,0:T(8,128)}, f32[4096,10]{1,0:T(8,128)S(1)}, u32[]{:S(2)})",,,,{},[],149875,runs/layer-ops-20260923/pcp8/hlo/pid-290362/module_9043.tt_jit_layernorm_L62C0_fused_add_rms_norm_add.cl_972931731.after_codegen.txt,DMA 搬运,等待对应 DMA 完成；与 copy-start 是同一次搬运的两端，不能重复计算搬运量。
1,/device:TPU:0,XLA Ops,reduce.5567,reduce,reduce,16901.345814,1.82473,f32[4096]{0:T(1024)},"(f32[4096,10]{1,0:T(8,128)S(1)}, s32[4096,10]{1,0:T(8,128)S(1)}); f32[]{:T(128)}",,"op_name=""custom_kernel/custom_kernel/jit(moe)/shard_map/reduce_sum"" stack_frame_id=2071",/mnt/data/workspace/tpu_benchmark_daily/third_party/torchtpu-vllm/src/vllm_torchtpu/kernels/fused_moe/v2/layer.py:441,"{""add"": 1}",[],149876,runs/layer-ops-20260923/pcp8/hlo/pid-290362/module_9043.tt_jit_layernorm_L62C0_fused_add_rms_norm_add.cl_972931731.after_codegen.txt,MoE 路由/通信计划,求和归约：构造或处理 top-k 权重、专家计数、token 排列、量化 scale、远端地址及搬运计划；本行 dtype/shape 和 fused_ops 给出实际运算。
1,/device:TPU:0,XLA Ops,copy-done.1579,copy-done,copy-done,16903.170619,0.004802,"s32[160,512]{1,0:T(8,128)}","(s32[160,512]{1,0:T(8,128)}, s32[160,512]{1,0:T(8,128)S(1)}, u32[]{:S(2)})",,,,{},[],149877,runs/layer-ops-20260923/pcp8/hlo/pid-290362/module_9043.tt_jit_layernorm_L62C0_fused_add_rms_norm_add.cl_972931731.after_codegen.txt,DMA 搬运,等待对应 DMA 完成；与 copy-start 是同一次搬运的两端，不能重复计算搬运量。
1,/device:TPU:0,XLA Ops,pad.1508,pad,pad,16903.175345,0.133253,"s32[512,256]{0,1:T(8,128)S(1)}","s32[512,160]{0,1:T(8,128)S(1)}; s32[]{:T(128)}",,"op_name=""custom_kernel/custom_kernel"" stack_frame_id=1315",/mnt/data/workspace/tpu_benchmark_daily/.venv/lib64/python3.12/site-packages/torch_tpu/_internal/pallas/pallas.py:112,{},[],149879,runs/layer-ops-20260923/pcp8/hlo/pid-290362/module_9043.tt_jit_layernorm_L62C0_fused_add_rms_norm_add.cl_972931731.after_codegen.txt,MoE 路由/通信计划,整数前缀和/分块偏移处理：用窗口归约、slice 和 add 生成专家或目标 rank 的行起点及传输表；不是浮点模型计算。
1,/device:TPU:0,XLA Ops,fusion.1386,output fusion,fusion,16903.317002,0.442977,"s32[512,2,128]{0,1,2:T(2,128)S(1)}","s32[512,2,128]{0,2,1:T(8,128)S(1)}",,"op_name=""custom_kernel/custom_kernel"" stack_frame_id=1315",/mnt/data/workspace/tpu_benchmark_daily/.venv/lib64/python3.12/site-packages/torch_tpu/_internal/pallas/pallas.py:112,"{""fusion"": 1, ""reduce-window"": 1}",[],149881,runs/layer-ops-20260923/pcp8/hlo/pid-290362/module_9043.tt_jit_layernorm_L62C0_fused_add_rms_norm_add.cl_972931731.after_codegen.txt,MoE 路由/通信计划,整数前缀和/分块偏移处理：用窗口归约、slice 和 add 生成专家或目标 rank 的行起点及传输表；不是浮点模型计算。
1,/device:TPU:0,XLA Ops,slice_bitcast_fusion.148,loop fusion,fusion,16903.768308,0.002401,"s32[512,2]{0,1:T(2,128)S(1)}","s32[512,2,128]{0,1,2:T(2,128)S(1)}",,"op_name=""custom_kernel/custom_kernel"" stack_frame_id=1315",/mnt/data/workspace/tpu_benchmark_daily/.venv/lib64/python3.12/site-packages/torch_tpu/_internal/pallas/pallas.py:112,"{""slice"": 1, ""bitcast"": 1}",[],149882,runs/layer-ops-20260923/pcp8/hlo/pid-290362/module_9043.tt_jit_layernorm_L62C0_fused_add_rms_norm_add.cl_972931731.after_codegen.txt,MoE 路由/通信计划,整数前缀和/分块偏移处理：用窗口归约、slice 和 add 生成专家或目标 rank 的行起点及传输表；不是浮点模型计算。
1,/device:TPU:0,XLA Ops,reduce-window.1908,reduce-window,reduce-window,16903.779112,0.037215,"s32[512,3]{0,1:T(4,128)S(1)}","s32[512,2]{0,1:T(2,128)S(1)}; s32[]{:T(128)}",,"op_name=""custom_kernel/custom_kernel"" stack_frame_id=1315",/mnt/data/workspace/tpu_benchmark_daily/.venv/lib64/python3.12/site-packages/torch_tpu/_internal/pallas/pallas.py:112,"{""add"": 1}",[],149883,runs/layer-ops-20260923/pcp8/hlo/pid-290362/module_9043.tt_jit_layernorm_L62C0_fused_add_rms_norm_add.cl_972931731.after_codegen.txt,MoE 路由/通信计划,整数前缀和/分块偏移处理：用窗口归约、slice 和 add 生成专家或目标 rank 的行起点及传输表；不是浮点模型计算。
1,/device:TPU:0,XLA Ops,slice.10887,slice,slice,16903.816477,0.007203,"s32[512,2]{0,1:T(2,128)S(1)}","s32[512,3]{0,1:T(4,128)S(1)}",,"op_name=""custom_kernel/custom_kernel"" stack_frame_id=1315",/mnt/data/workspace/tpu_benchmark_daily/.venv/lib64/python3.12/site-packages/torch_tpu/_internal/pallas/pallas.py:112,{},[],149884,runs/layer-ops-20260923/pcp8/hlo/pid-290362/module_9043.tt_jit_layernorm_L62C0_fused_add_rms_norm_add.cl_972931731.after_codegen.txt,MoE 路由/通信计划,整数前缀和/分块偏移处理：用窗口归约、slice 和 add 生成专家或目标 rank 的行起点及传输表；不是浮点模型计算。
1,/device:TPU:0,XLA Ops,broadcast.126566,broadcast,broadcast,16903.82368,0.008403,"s32[512,4,2]{0,2,1:T(2,128)S(1)}","s32[512,2]{0,1:T(2,128)S(1)}",,,,{},[],149885,runs/layer-ops-20260923/pcp8/hlo/pid-290362/module_9043.tt_jit_layernorm_L62C0_fused_add_rms_norm_add.cl_972931731.after_codegen.txt,索引/张量辅助,broadcast：为 attention/MoE 准备索引或 tensor 数据；使用本行 shape、metadata 和 HLO 确认它处理的是激活还是 INT32 调度数据。
1,/device:TPU:0,XLA Ops,broadcast_add_fusion.177,loop fusion,fusion,16903.834334,0.070828,"s32[512,8,32]{0,1,2:T(8,128)S(1)}","s32[512,8,32]{0,1,2:T(8,128)S(1)}; s32[512,8]{0,1:T(8,128)S(1)}",,"op_name=""custom_kernel/custom_kernel/reduce_window_sum"" stack_frame_id=1315",/mnt/data/workspace/tpu_benchmark_daily/.venv/lib64/python3.12/site-packages/torch_tpu/_internal/pallas/pallas.py:112,"{""broadcast"": 1, ""add"": 1}",[],149888,runs/layer-ops-20260923/pcp8/hlo/pid-290362/module_9043.tt_jit_layernorm_L62C0_fused_add_rms_norm_add.cl_972931731.after_codegen.txt,MoE 路由/通信计划,整数前缀和/分块偏移处理：用窗口归约、slice 和 add 生成专家或目标 rank 的行起点及传输表；不是浮点模型计算。
1,/device:TPU:0,XLA Ops,copy.15248,data formatting,copy,16903.91244,0.957983,"s32[512,2,128]{0,2,1:T(8,128)}","s32[512,2,128]{0,1,2:T(2,128)S(1)}",,"op_name=""custom_kernel/custom_kernel/reduce_window_sum"" stack_frame_id=1315",/mnt/data/workspace/tpu_benchmark_daily/.venv/lib64/python3.12/site-packages/torch_tpu/_internal/pallas/pallas.py:112,{},[],149890,runs/layer-ops-20260923/pcp8/hlo/pid-290362/module_9043.tt_jit_layernorm_L62C0_fused_add_rms_norm_add.cl_972931731.after_codegen.txt,数据复制/布局物化,编译器生成的实际数据复制或物理布局变换；比较 operand_shapes 与 shape 可区分 tiling/维度顺序和 memory space 的变化。
1,/device:TPU:0,XLA Ops,copy-done.2172,copy-done,copy-done,16904.8729,0.002401,s32[64]{0:T(128)S(1)},"(s32[64]{0:T(128)S(1)}, s32[64]{0:T(128)}, u32[]{:S(2)})",,,,{},[],149892,runs/layer-ops-20260923/pcp8/hlo/pid-290362/module_9043.tt_jit_layernorm_L62C0_fused_add_rms_norm_add.cl_972931731.after_codegen.txt,DMA 搬运,等待对应 DMA 完成；与 copy-start 是同一次搬运的两端，不能重复计算搬运量。
1,/device:TPU:0,XLA Ops,while.3717,while,while,16904.876351,23.841537,"(s32[]{:T(128)}, f8e4m3fn[7764,4,64,4,256]{4,3,2,1,0:T(4,128)(4,1)}, s32[]{:T(128)}, s32[65]{0:T(128)S(1)}, s32[64]{0:T(128)S(1)}, /*index=5*/f8e4m3fn[64,1,4,64,4,256]{5,4,3,2,1,0:T(4,128)(4,1)}, s32[]{:T(128)}, s32[]{:T(128)}, s32[]{:T(128)}, s32[]{:T(128)}, /*index=10*/s32[]{:T(128)}, s32[1]{0:T(128)}, s32[1]{0:T(128)}, s32[]{:T(128)}, s32[]{:T(128)})","(s32[]{:T(128)}, f8e4m3fn[7764,4,64,4,256]{4,3,2,1,0:T(4,128)(4,1)}, s32[]{:T(128)}, s32[65]{0:T(128)S(1)}, s32[64]{0:T(128)S(1)}, /*index=5*/f8e4m3fn[64,1,4,64,4,256]{5,4,3,2,1,0:T(4,128)(4,1)}, s32[]{:T(128)}, s32[]{:T(128)}, s32[]{:T(128)}, s32[]{:T(128)}, /*index=10*/s32[]{:T(128)}, s32[1]{0:T(128)}, s32[1]{0:T(128)}, s32[]{:T(128)}, s32[]{:T(128)})",,"op_name=""custom_kernel/custom_kernel/jit(wrapped_fn)/shard_map/jit(fused_qkvz_projection_pcp_gdn)/while"" stack_frame_id=1640",/mnt/data/workspace/tpu_benchmark_daily/third_party/torchtpu-vllm/src/vllm_torchtpu/kernels/gdn/v3/pcp_wrapper.py:1209,"{""compare"": 6, ""add"": 5, ""select"": 3, ""fusion"": 1, ""dynamic-slice"": 1, ""and"": 2, ""multiply"": 1, ""bitcast"": 2, ""convert"": 1, ""tuple"": 3, ""conditional"": 1, ""copy"": 1}",[],149894,runs/layer-ops-20260923/pcp8/hlo/pid-290362/module_9043.tt_jit_layernorm_L62C0_fused_add_rms_norm_add.cl_972931731.after_codegen.txt,PCP GDN 状态/调度循环,执行 PCP GDN 的循环与条件分支。含 KV pool 的写回分支将 compact Conv/SSM 更新写回活动序列 slot；整数-only 分支准备分块/序列调度，保留实际迭代事件。
1,/device:TPU:0,XLA Ops,fusion.4237,loop fusion,fusion,16904.877551,0.59904,"(s32[1]{0:T(128)}, s32[1]{0:T(128)})","(s32[]{:T(128)}, f8e4m3fn[7764,4,64,4,256]{4,3,2,1,0:T(4,128)(4,1)}, s32[]{:T(128)}, s32[65]{0:T(128)S(1)}, s32[64]{0:T(128)S(1)}, /*index=5*/f8e4m3fn[64,1,4,64,4,256]{5,4,3,2,1,0:T(4,128)(4,1)}, s32[]{:T(128)}, s32[]{:T(128)}, s32[]{:T(128)}, s32[]{:T(128)}, /*index=10*/s32[]{:T(128)}, s32[1]{0:T(128)}, s32[1]{0:T(128)}, s32[]{:T(128)}, s32[]{:T(128)}); s32[]{:T(128)S(6)}; s32[]{:T(128)S(6)}",,"op_name=""custom_kernel/custom_kernel/jit(wrapped_fn)/shard_map/jit(fused_qkvz_projection_pcp_gdn)/while/body/dynamic_slice"" stack_frame_id=1642",/mnt/data/workspace/tpu_benchmark_daily/third_party/torchtpu-vllm/src/vllm_torchtpu/kernels/gdn/v3/pcp_wrapper.py:1189,"{""dynamic-slice"": 2, ""tuple"": 1}",[],12928,runs/layer-ops-20260923/pcp8/hlo/pid-290362/module_9043.tt_jit_layernorm_L62C0_fused_add_rms_norm_add.cl_972931731.after_codegen.txt,PCP GDN 状态/调度循环,执行 PCP GDN 的循环与条件分支。含 KV pool 的写回分支将 compact Conv/SSM 更新写回活动序列 slot；整数-only 分支准备分块/序列调度，保留实际迭代事件。
1,/device:TPU:0,XLA Ops,dynamic_slice.5868,dynamic-slice,dynamic-slice,16906.680673,0.57503,s32[1]{0:T(128)},"(s32[]{:T(128)}, f8e4m3fn[7764,4,64,4,256]{4,3,2,1,0:T(4,128)(4,1)}, s32[]{:T(128)}, s32[65]{0:T(128)S(1)}, s32[64]{0:T(128)S(1)}, /*index=5*/f8e4m3fn[64,1,4,64,4,256]{5,4,3,2,1,0:T(4,128)(4,1)}, s32[]{:T(128)}, s32[]{:T(128)}, s32[]{:T(128)}, s32[]{:T(128)}, /*index=10*/s32[]{:T(128)}, s32[1]{0:T(128)}, s32[1]{0:T(128)}, s32[]{:T(128)}, s32[]{:T(128)}); s32[]{:T(128)S(6)}",,"op_name=""custom_kernel/custom_kernel/jit(wrapped_fn)/shard_map/jit(fused_qkvz_projection_pcp_gdn)/while/body/dynamic_slice"" stack_frame_id=1643",/mnt/data/workspace/tpu_benchmark_daily/third_party/torchtpu-vllm/src/vllm_torchtpu/kernels/gdn/v3/pcp_wrapper.py:1186,{},[],12932,runs/layer-ops-20260923/pcp8/hlo/pid-290362/module_9043.tt_jit_layernorm_L62C0_fused_add_rms_norm_add.cl_972931731.after_codegen.txt,PCP GDN 状态/调度循环,执行 PCP GDN 的循环与条件分支。含 KV pool 的写回分支将 compact Conv/SSM 更新写回活动序列 slot；整数-only 分支准备分块/序列调度，保留实际迭代事件。
1,/device:TPU:0,XLA Ops,conditional.542,conditional,conditional,16908.510204,3.201681,"(f8e4m3fn[7764,4,64,4,256]{4,3,2,1,0:T(4,128)(4,1)})","s32[]{:T(128)}; (f8e4m3fn[7764,4,64,4,256]{4,3,2,1,0:T(4,128)(4,1)}); (s32[]{:T(128)}, f8e4m3fn[64,1,4,64,4,256]{5,4,3,2,1,0:T(4,128)(4,1)}, s32[]{:T(128)}, f8e4m3fn[7764,4,64,4,256]{4,3,2,1,0:T(4,128)(4,1)})",,"op_name=""custom_kernel/custom_kernel/jit(wrapped_fn)/shard_map/jit(fused_qkvz_projection_pcp_gdn)/while/body/cond"" stack_frame_id=1649",/mnt/data/workspace/tpu_benchmark_daily/third_party/torchtpu-vllm/src/vllm_torchtpu/kernels/gdn/v3/pcp_wrapper.py:1205,"{""add"": 3, ""compare"": 2, ""select"": 2, ""fusion"": 1, ""tuple"": 1}",[],12944,runs/layer-ops-20260923/pcp8/hlo/pid-290362/module_9043.tt_jit_layernorm_L62C0_fused_add_rms_norm_add.cl_972931731.after_codegen.txt,PCP GDN 状态/调度循环,执行 PCP GDN 的循环与条件分支。含 KV pool 的写回分支将 compact Conv/SSM 更新写回活动序列 slot；整数-only 分支准备分块/序列调度，保留实际迭代事件。
1,/device:TPU:0,XLA Ops,bitcast_dynamic-update-slice_fusion.2,loop fusion,fusion,16908.53549,3.17527,"f8e4m3fn[7764,4,64,4,256]{4,3,2,1,0:T(4,128)(4,1)}","(s32[]{:T(128)}, f8e4m3fn[64,1,4,64,4,256]{5,4,3,2,1,0:T(4,128)(4,1)}, s32[]{:T(128)}, f8e4m3fn[7764,4,64,4,256]{4,3,2,1,0:T(4,128)(4,1)}); s32[]{:T(128)S(6)}; (s32[]{:T(128)}, f8e4m3fn[64,1,4,64,4,256]{5,4,3,2,1,0:T(4,128)(4,1)}, s32[]{:T(128)}, f8e4m3fn[7764,4,64,4,256]{4,3,2,1,0:T(4,128)(4,1)}); s32[]{:T(128)S(6)}",,"op_name=""custom_kernel/custom_kernel/jit(wrapped_fn)/shard_map/jit(fused_qkvz_projection_pcp_gdn)/while/body/cond/branch_1_fun/dynamic_update_slice"" stack_frame_id=1651",/mnt/data/workspace/tpu_benchmark_daily/third_party/torchtpu-vllm/src/vllm_torchtpu/kernels/gdn/v3/pcp_wrapper.py:1202,"{""dynamic-slice"": 1, ""bitcast"": 1, ""dynamic-update-slice"": 1}",[],12908,runs/layer-ops-20260923/pcp8/hlo/pid-290362/module_9043.tt_jit_layernorm_L62C0_fused_add_rms_norm_add.cl_972931731.after_codegen.txt,PCP GDN 状态/调度循环,执行 PCP GDN 的循环与条件分支。含 KV pool 的写回分支将 compact Conv/SSM 更新写回活动序列 slot；整数-only 分支准备分块/序列调度，保留实际迭代事件。
1,/device:TPU:0,XLA Ops,fusion.4237,loop fusion,fusion,16911.71196,0.59904,"(s32[1]{0:T(128)}, s32[1]{0:T(128)})","(s32[]{:T(128)}, f8e4m3fn[7764,4,64,4,256]{4,3,2,1,0:T(4,128)(4,1)}, s32[]{:T(128)}, s32[65]{0:T(128)S(1)}, s32[64]{0:T(128)S(1)}, /*index=5*/f8e4m3fn[64,1,4,64,4,256]{5,4,3,2,1,0:T(4,128)(4,1)}, s32[]{:T(128)}, s32[]{:T(128)}, s32[]{:T(128)}, s32[]{:T(128)}, /*index=10*/s32[]{:T(128)}, s32[1]{0:T(128)}, s32[1]{0:T(128)}, s32[]{:T(128)}, s32[]{:T(128)}); s32[]{:T(128)S(6)}; s32[]{:T(128)S(6)}",,"op_name=""custom_kernel/custom_kernel/jit(wrapped_fn)/shard_map/jit(fused_qkvz_projection_pcp_gdn)/while/body/dynamic_slice"" stack_frame_id=1642",/mnt/data/workspace/tpu_benchmark_daily/third_party/torchtpu-vllm/src/vllm_torchtpu/kernels/gdn/v3/pcp_wrapper.py:1189,"{""dynamic-slice"": 2, ""tuple"": 1}",[],12928,runs/layer-ops-20260923/pcp8/hlo/pid-290362/module_9043.tt_jit_layernorm_L62C0_fused_add_rms_norm_add.cl_972931731.after_codegen.txt,PCP GDN 状态/调度循环,执行 PCP GDN 的循环与条件分支。含 KV pool 的写回分支将 compact Conv/SSM 更新写回活动序列 slot；整数-only 分支准备分块/序列调度，保留实际迭代事件。
1,/device:TPU:0,XLA Ops,dynamic_slice.5868,dynamic-slice,dynamic-slice,16913.522209,0.577431,s32[1]{0:T(128)},"(s32[]{:T(128)}, f8e4m3fn[7764,4,64,4,256]{4,3,2,1,0:T(4,128)(4,1)}, s32[]{:T(128)}, s32[65]{0:T(128)S(1)}, s32[64]{0:T(128)S(1)}, /*index=5*/f8e4m3fn[64,1,4,64,4,256]{5,4,3,2,1,0:T(4,128)(4,1)}, s32[]{:T(128)}, s32[]{:T(128)}, s32[]{:T(128)}, s32[]{:T(128)}, /*index=10*/s32[]{:T(128)}, s32[1]{0:T(128)}, s32[1]{0:T(128)}, s32[]{:T(128)}, s32[]{:T(128)}); s32[]{:T(128)S(6)}",,"op_name=""custom_kernel/custom_kernel/jit(wrapped_fn)/shard_map/jit(fused_qkvz_projection_pcp_gdn)/while/body/dynamic_slice"" stack_frame_id=1643",/mnt/data/workspace/tpu_benchmark_daily/third_party/torchtpu-vllm/src/vllm_torchtpu/kernels/gdn/v3/pcp_wrapper.py:1186,{},[],12932,runs/layer-ops-20260923/pcp8/hlo/pid-290362/module_9043.tt_jit_layernorm_L62C0_fused_add_rms_norm_add.cl_972931731.after_codegen.txt,PCP GDN 状态/调度循环,执行 PCP GDN 的循环与条件分支。含 KV pool 的写回分支将 compact Conv/SSM 更新写回活动序列 slot；整数-only 分支准备分块/序列调度，保留实际迭代事件。
1,/device:TPU:0,XLA Ops,conditional.542,conditional,conditional,16915.232894,2.108043,"(f8e4m3fn[7764,4,64,4,256]{4,3,2,1,0:T(4,128)(4,1)})","s32[]{:T(128)}; (f8e4m3fn[7764,4,64,4,256]{4,3,2,1,0:T(4,128)(4,1)}); (s32[]{:T(128)}, f8e4m3fn[64,1,4,64,4,256]{5,4,3,2,1,0:T(4,128)(4,1)}, s32[]{:T(128)}, f8e4m3fn[7764,4,64,4,256]{4,3,2,1,0:T(4,128)(4,1)})",,"op_name=""custom_kernel/custom_kernel/jit(wrapped_fn)/shard_map/jit(fused_qkvz_projection_pcp_gdn)/while/body/cond"" stack_frame_id=1649",/mnt/data/workspace/tpu_benchmark_daily/third_party/torchtpu-vllm/src/vllm_torchtpu/kernels/gdn/v3/pcp_wrapper.py:1205,"{""add"": 3, ""compare"": 2, ""select"": 2, ""fusion"": 1, ""tuple"": 1}",[],12944,runs/layer-ops-20260923/pcp8/hlo/pid-290362/module_9043.tt_jit_layernorm_L62C0_fused_add_rms_norm_add.cl_972931731.after_codegen.txt,PCP GDN 状态/调度循环,执行 PCP GDN 的循环与条件分支。含 KV pool 的写回分支将 compact Conv/SSM 更新写回活动序列 slot；整数-only 分支准备分块/序列调度，保留实际迭代事件。
1,/device:TPU:0,XLA Ops,bitcast_dynamic-update-slice_fusion.2,loop fusion,fusion,16915.259304,2.081633,"f8e4m3fn[7764,4,64,4,256]{4,3,2,1,0:T(4,128)(4,1)}","(s32[]{:T(128)}, f8e4m3fn[64,1,4,64,4,256]{5,4,3,2,1,0:T(4,128)(4,1)}, s32[]{:T(128)}, f8e4m3fn[7764,4,64,4,256]{4,3,2,1,0:T(4,128)(4,1)}); s32[]{:T(128)S(6)}; (s32[]{:T(128)}, f8e4m3fn[64,1,4,64,4,256]{5,4,3,2,1,0:T(4,128)(4,1)}, s32[]{:T(128)}, f8e4m3fn[7764,4,64,4,256]{4,3,2,1,0:T(4,128)(4,1)}); s32[]{:T(128)S(6)}",,"op_name=""custom_kernel/custom_kernel/jit(wrapped_fn)/shard_map/jit(fused_qkvz_projection_pcp_gdn)/while/body/cond/branch_1_fun/dynamic_update_slice"" stack_frame_id=1651",/mnt/data/workspace/tpu_benchmark_daily/third_party/torchtpu-vllm/src/vllm_torchtpu/kernels/gdn/v3/pcp_wrapper.py:1202,"{""dynamic-slice"": 1, ""bitcast"": 1, ""dynamic-update-slice"": 1}",[],12908,runs/layer-ops-20260923/pcp8/hlo/pid-290362/module_9043.tt_jit_layernorm_L62C0_fused_add_rms_norm_add.cl_972931731.after_codegen.txt,PCP GDN 状态/调度循环,执行 PCP GDN 的循环与条件分支。含 KV pool 的写回分支将 compact Conv/SSM 更新写回活动序列 slot；整数-only 分支准备分块/序列调度，保留实际迭代事件。
1,/device:TPU:0,XLA Ops,fusion.4237,loop fusion,fusion,16917.341237,0.601441,"(s32[1]{0:T(128)}, s32[1]{0:T(128)})","(s32[]{:T(128)}, f8e4m3fn[7764,4,64,4,256]{4,3,2,1,0:T(4,128)(4,1)}, s32[]{:T(128)}, s32[65]{0:T(128)S(1)}, s32[64]{0:T(128)S(1)}, /*index=5*/f8e4m3fn[64,1,4,64,4,256]{5,4,3,2,1,0:T(4,128)(4,1)}, s32[]{:T(128)}, s32[]{:T(128)}, s32[]{:T(128)}, s32[]{:T(128)}, /*index=10*/s32[]{:T(128)}, s32[1]{0:T(128)}, s32[1]{0:T(128)}, s32[]{:T(128)}, s32[]{:T(128)}); s32[]{:T(128)S(6)}; s32[]{:T(128)S(6)}",,"op_name=""custom_kernel/custom_kernel/jit(wrapped_fn)/shard_map/jit(fused_qkvz_projection_pcp_gdn)/while/body/dynamic_slice"" stack_frame_id=1642",/mnt/data/workspace/tpu_benchmark_daily/third_party/torchtpu-vllm/src/vllm_torchtpu/kernels/gdn/v3/pcp_wrapper.py:1189,"{""dynamic-slice"": 2, ""tuple"": 1}",[],12928,runs/layer-ops-20260923/pcp8/hlo/pid-290362/module_9043.tt_jit_layernorm_L62C0_fused_add_rms_norm_add.cl_972931731.after_codegen.txt,PCP GDN 状态/调度循环,执行 PCP GDN 的循环与条件分支。含 KV pool 的写回分支将 compact Conv/SSM 更新写回活动序列 slot；整数-only 分支准备分块/序列调度，保留实际迭代事件。
1,/device:TPU:0,XLA Ops,dynamic_slice.5868,dynamic-slice,dynamic-slice,16919.145333,0.579832,s32[1]{0:T(128)},"(s32[]{:T(128)}, f8e4m3fn[7764,4,64,4,256]{4,3,2,1,0:T(4,128)(4,1)}, s32[]{:T(128)}, s32[65]{0:T(128)S(1)}, s32[64]{0:T(128)S(1)}, /*index=5*/f8e4m3fn[64,1,4,64,4,256]{5,4,3,2,1,0:T(4,128)(4,1)}, s32[]{:T(128)}, s32[]{:T(128)}, s32[]{:T(128)}, s32[]{:T(128)}, /*index=10*/s32[]{:T(128)}, s32[1]{0:T(128)}, s32[1]{0:T(128)}, s32[]{:T(128)}, s32[]{:T(128)}); s32[]{:T(128)S(6)}",,"op_name=""custom_kernel/custom_kernel/jit(wrapped_fn)/shard_map/jit(fused_qkvz_projection_pcp_gdn)/while/body/dynamic_slice"" stack_frame_id=1643",/mnt/data/workspace/tpu_benchmark_daily/third_party/torchtpu-vllm/src/vllm_torchtpu/kernels/gdn/v3/pcp_wrapper.py:1186,{},[],12932,runs/layer-ops-20260923/pcp8/hlo/pid-290362/module_9043.tt_jit_layernorm_L62C0_fused_add_rms_norm_add.cl_972931731.after_codegen.txt,PCP GDN 状态/调度循环,执行 PCP GDN 的循环与条件分支。含 KV pool 的写回分支将 compact Conv/SSM 更新写回活动序列 slot；整数-only 分支准备分块/序列调度，保留实际迭代事件。
1,/device:TPU:0,XLA Ops,conditional.542,conditional,conditional,16920.864346,2.168067,"(f8e4m3fn[7764,4,64,4,256]{4,3,2,1,0:T(4,128)(4,1)})","s32[]{:T(128)}; (f8e4m3fn[7764,4,64,4,256]{4,3,2,1,0:T(4,128)(4,1)}); (s32[]{:T(128)}, f8e4m3fn[64,1,4,64,4,256]{5,4,3,2,1,0:T(4,128)(4,1)}, s32[]{:T(128)}, f8e4m3fn[7764,4,64,4,256]{4,3,2,1,0:T(4,128)(4,1)})",,"op_name=""custom_kernel/custom_kernel/jit(wrapped_fn)/shard_map/jit(fused_qkvz_projection_pcp_gdn)/while/body/cond"" stack_frame_id=1649",/mnt/data/workspace/tpu_benchmark_daily/third_party/torchtpu-vllm/src/vllm_torchtpu/kernels/gdn/v3/pcp_wrapper.py:1205,"{""add"": 3, ""compare"": 2, ""select"": 2, ""fusion"": 1, ""tuple"": 1}",[],12944,runs/layer-ops-20260923/pcp8/hlo/pid-290362/module_9043.tt_jit_layernorm_L62C0_fused_add_rms_norm_add.cl_972931731.after_codegen.txt,PCP GDN 状态/调度循环,执行 PCP GDN 的循环与条件分支。含 KV pool 的写回分支将 compact Conv/SSM 更新写回活动序列 slot；整数-only 分支准备分块/序列调度，保留实际迭代事件。
1,/device:TPU:0,XLA Ops,bitcast_dynamic-update-slice_fusion.2,loop fusion,fusion,16920.889706,2.141657,"f8e4m3fn[7764,4,64,4,256]{4,3,2,1,0:T(4,128)(4,1)}","(s32[]{:T(128)}, f8e4m3fn[64,1,4,64,4,256]{5,4,3,2,1,0:T(4,128)(4,1)}, s32[]{:T(128)}, f8e4m3fn[7764,4,64,4,256]{4,3,2,1,0:T(4,128)(4,1)}); s32[]{:T(128)S(6)}; (s32[]{:T(128)}, f8e4m3fn[64,1,4,64,4,256]{5,4,3,2,1,0:T(4,128)(4,1)}, s32[]{:T(128)}, f8e4m3fn[7764,4,64,4,256]{4,3,2,1,0:T(4,128)(4,1)}); s32[]{:T(128)S(6)}",,"op_name=""custom_kernel/custom_kernel/jit(wrapped_fn)/shard_map/jit(fused_qkvz_projection_pcp_gdn)/while/body/cond/branch_1_fun/dynamic_update_slice"" stack_frame_id=1651",/mnt/data/workspace/tpu_benchmark_daily/third_party/torchtpu-vllm/src/vllm_torchtpu/kernels/gdn/v3/pcp_wrapper.py:1202,"{""dynamic-slice"": 1, ""bitcast"": 1, ""dynamic-update-slice"": 1}",[],12908,runs/layer-ops-20260923/pcp8/hlo/pid-290362/module_9043.tt_jit_layernorm_L62C0_fused_add_rms_norm_add.cl_972931731.after_codegen.txt,PCP GDN 状态/调度循环,执行 PCP GDN 的循环与条件分支。含 KV pool 的写回分支将 compact Conv/SSM 更新写回活动序列 slot；整数-only 分支准备分块/序列调度，保留实际迭代事件。
1,/device:TPU:0,XLA Ops,fusion.4237,loop fusion,fusion,16923.033614,0.60024,"(s32[1]{0:T(128)}, s32[1]{0:T(128)})","(s32[]{:T(128)}, f8e4m3fn[7764,4,64,4,256]{4,3,2,1,0:T(4,128)(4,1)}, s32[]{:T(128)}, s32[65]{0:T(128)S(1)}, s32[64]{0:T(128)S(1)}, /*index=5*/f8e4m3fn[64,1,4,64,4,256]{5,4,3,2,1,0:T(4,128)(4,1)}, s32[]{:T(128)}, s32[]{:T(128)}, s32[]{:T(128)}, s32[]{:T(128)}, /*index=10*/s32[]{:T(128)}, s32[1]{0:T(128)}, s32[1]{0:T(128)}, s32[]{:T(128)}, s32[]{:T(128)}); s32[]{:T(128)S(6)}; s32[]{:T(128)S(6)}",,"op_name=""custom_kernel/custom_kernel/jit(wrapped_fn)/shard_map/jit(fused_qkvz_projection_pcp_gdn)/while/body/dynamic_slice"" stack_frame_id=1642",/mnt/data/workspace/tpu_benchmark_daily/third_party/torchtpu-vllm/src/vllm_torchtpu/kernels/gdn/v3/pcp_wrapper.py:1189,"{""dynamic-slice"": 2, ""tuple"": 1}",[],12928,runs/layer-ops-20260923/pcp8/hlo/pid-290362/module_9043.tt_jit_layernorm_L62C0_fused_add_rms_norm_add.cl_972931731.after_codegen.txt,PCP GDN 状态/调度循环,执行 PCP GDN 的循环与条件分支。含 KV pool 的写回分支将 compact Conv/SSM 更新写回活动序列 slot；整数-only 分支准备分块/序列调度，保留实际迭代事件。
1,/device:TPU:0,XLA Ops,dynamic_slice.5868,dynamic-slice,dynamic-slice,16924.837936,0.577431,s32[1]{0:T(128)},"(s32[]{:T(128)}, f8e4m3fn[7764,4,64,4,256]{4,3,2,1,0:T(4,128)(4,1)}, s32[]{:T(128)}, s32[65]{0:T(128)S(1)}, s32[64]{0:T(128)S(1)}, /*index=5*/f8e4m3fn[64,1,4,64,4,256]{5,4,3,2,1,0:T(4,128)(4,1)}, s32[]{:T(128)}, s32[]{:T(128)}, s32[]{:T(128)}, s32[]{:T(128)}, /*index=10*/s32[]{:T(128)}, s32[1]{0:T(128)}, s32[1]{0:T(128)}, s32[]{:T(128)}, s32[]{:T(128)}); s32[]{:T(128)S(6)}",,"op_name=""custom_kernel/custom_kernel/jit(wrapped_fn)/shard_map/jit(fused_qkvz_projection_pcp_gdn)/while/body/dynamic_slice"" stack_frame_id=1643",/mnt/data/workspace/tpu_benchmark_daily/third_party/torchtpu-vllm/src/vllm_torchtpu/kernels/gdn/v3/pcp_wrapper.py:1186,{},[],12932,runs/layer-ops-20260923/pcp8/hlo/pid-290362/module_9043.tt_jit_layernorm_L62C0_fused_add_rms_norm_add.cl_972931731.after_codegen.txt,PCP GDN 状态/调度循环,执行 PCP GDN 的循环与条件分支。含 KV pool 的写回分支将 compact Conv/SSM 更新写回活动序列 slot；整数-only 分支准备分块/序列调度，保留实际迭代事件。
1,/device:TPU:0,XLA Ops,conditional.542,conditional,conditional,16926.555973,2.162065,"(f8e4m3fn[7764,4,64,4,256]{4,3,2,1,0:T(4,128)(4,1)})","s32[]{:T(128)}; (f8e4m3fn[7764,4,64,4,256]{4,3,2,1,0:T(4,128)(4,1)}); (s32[]{:T(128)}, f8e4m3fn[64,1,4,64,4,256]{5,4,3,2,1,0:T(4,128)(4,1)}, s32[]{:T(128)}, f8e4m3fn[7764,4,64,4,256]{4,3,2,1,0:T(4,128)(4,1)})",,"op_name=""custom_kernel/custom_kernel/jit(wrapped_fn)/shard_map/jit(fused_qkvz_projection_pcp_gdn)/while/body/cond"" stack_frame_id=1649",/mnt/data/workspace/tpu_benchmark_daily/third_party/torchtpu-vllm/src/vllm_torchtpu/kernels/gdn/v3/pcp_wrapper.py:1205,"{""add"": 3, ""compare"": 2, ""select"": 2, ""fusion"": 1, ""tuple"": 1}",[],12944,runs/layer-ops-20260923/pcp8/hlo/pid-290362/module_9043.tt_jit_layernorm_L62C0_fused_add_rms_norm_add.cl_972931731.after_codegen.txt,PCP GDN 状态/调度循环,执行 PCP GDN 的循环与条件分支。含 KV pool 的写回分支将 compact Conv/SSM 更新写回活动序列 slot；整数-only 分支准备分块/序列调度，保留实际迭代事件。
1,/device:TPU:0,XLA Ops,bitcast_dynamic-update-slice_fusion.2,loop fusion,fusion,16926.583434,2.133253,"f8e4m3fn[7764,4,64,4,256]{4,3,2,1,0:T(4,128)(4,1)}","(s32[]{:T(128)}, f8e4m3fn[64,1,4,64,4,256]{5,4,3,2,1,0:T(4,128)(4,1)}, s32[]{:T(128)}, f8e4m3fn[7764,4,64,4,256]{4,3,2,1,0:T(4,128)(4,1)}); s32[]{:T(128)S(6)}; (s32[]{:T(128)}, f8e4m3fn[64,1,4,64,4,256]{5,4,3,2,1,0:T(4,128)(4,1)}, s32[]{:T(128)}, f8e4m3fn[7764,4,64,4,256]{4,3,2,1,0:T(4,128)(4,1)}); s32[]{:T(128)S(6)}",,"op_name=""custom_kernel/custom_kernel/jit(wrapped_fn)/shard_map/jit(fused_qkvz_projection_pcp_gdn)/while/body/cond/branch_1_fun/dynamic_update_slice"" stack_frame_id=1651",/mnt/data/workspace/tpu_benchmark_daily/third_party/torchtpu-vllm/src/vllm_torchtpu/kernels/gdn/v3/pcp_wrapper.py:1202,"{""dynamic-slice"": 1, ""bitcast"": 1, ""dynamic-update-slice"": 1}",[],12908,runs/layer-ops-20260923/pcp8/hlo/pid-290362/module_9043.tt_jit_layernorm_L62C0_fused_add_rms_norm_add.cl_972931731.after_codegen.txt,PCP GDN 状态/调度循环,执行 PCP GDN 的循环与条件分支。含 KV pool 的写回分支将 compact Conv/SSM 更新写回活动序列 slot；整数-only 分支准备分块/序列调度，保留实际迭代事件。
1,/device:TPU:0,XLA Ops,while.3718,while,while,16928.719088,25.92437,"(s32[]{:T(128)}, f8e4m3fn[7764,4,64,4,256]{4,3,2,1,0:T(4,128)(4,1)}, s32[]{:T(128)}, s32[65]{0:T(128)S(1)}, s32[64]{0:T(128)S(1)}, /*index=5*/f8e4m3fn[64,2,4,64,4,256]{5,4,3,2,1,0:T(4,128)(4,1)}, s32[]{:T(128)}, s32[]{:T(128)}, s32[]{:T(128)}, s32[]{:T(128)}, /*index=10*/s32[]{:T(128)}, s32[1]{0:T(128)}, s32[1]{0:T(128)}, s32[]{:T(128)}, s32[]{:T(128)})","(s32[]{:T(128)}, f8e4m3fn[7764,4,64,4,256]{4,3,2,1,0:T(4,128)(4,1)}, s32[]{:T(128)}, s32[65]{0:T(128)S(1)}, s32[64]{0:T(128)S(1)}, /*index=5*/f8e4m3fn[64,2,4,64,4,256]{5,4,3,2,1,0:T(4,128)(4,1)}, s32[]{:T(128)}, s32[]{:T(128)}, s32[]{:T(128)}, s32[]{:T(128)}, /*index=10*/s32[]{:T(128)}, s32[1]{0:T(128)}, s32[1]{0:T(128)}, s32[]{:T(128)}, s32[]{:T(128)})",,"op_name=""custom_kernel/custom_kernel/jit(wrapped_fn)/shard_map/jit(fused_qkvz_projection_pcp_gdn)/while"" stack_frame_id=1653",/mnt/data/workspace/tpu_benchmark_daily/third_party/torchtpu-vllm/src/vllm_torchtpu/kernels/gdn/v3/pcp_wrapper.py:1209,"{""compare"": 6, ""add"": 5, ""select"": 3, ""fusion"": 1, ""dynamic-slice"": 1, ""and"": 2, ""multiply"": 1, ""bitcast"": 2, ""convert"": 1, ""tuple"": 3, ""conditional"": 1, ""copy"": 1}",[],149896,runs/layer-ops-20260923/pcp8/hlo/pid-290362/module_9043.tt_jit_layernorm_L62C0_fused_add_rms_norm_add.cl_972931731.after_codegen.txt,PCP GDN 状态/调度循环,执行 PCP GDN 的循环与条件分支。含 KV pool 的写回分支将 compact Conv/SSM 更新写回活动序列 slot；整数-only 分支准备分块/序列调度，保留实际迭代事件。
1,/device:TPU:0,XLA Ops,fusion.4238,loop fusion,fusion,16928.720288,0.596639,"(s32[1]{0:T(128)}, s32[1]{0:T(128)})","(s32[]{:T(128)}, f8e4m3fn[7764,4,64,4,256]{4,3,2,1,0:T(4,128)(4,1)}, s32[]{:T(128)}, s32[65]{0:T(128)S(1)}, s32[64]{0:T(128)S(1)}, /*index=5*/f8e4m3fn[64,2,4,64,4,256]{5,4,3,2,1,0:T(4,128)(4,1)}, s32[]{:T(128)}, s32[]{:T(128)}, s32[]{:T(128)}, s32[]{:T(128)}, /*index=10*/s32[]{:T(128)}, s32[1]{0:T(128)}, s32[1]{0:T(128)}, s32[]{:T(128)}, s32[]{:T(128)}); s32[]{:T(128)S(6)}; s32[]{:T(128)S(6)}",,"op_name=""custom_kernel/custom_kernel/jit(wrapped_fn)/shard_map/jit(fused_qkvz_projection_pcp_gdn)/while/body/dynamic_slice"" stack_frame_id=1655",/mnt/data/workspace/tpu_benchmark_daily/third_party/torchtpu-vllm/src/vllm_torchtpu/kernels/gdn/v3/pcp_wrapper.py:1189,"{""dynamic-slice"": 2, ""tuple"": 1}",[],13009,runs/layer-ops-20260923/pcp8/hlo/pid-290362/module_9043.tt_jit_layernorm_L62C0_fused_add_rms_norm_add.cl_972931731.after_codegen.txt,PCP GDN 状态/调度循环,执行 PCP GDN 的循环与条件分支。含 KV pool 的写回分支将 compact Conv/SSM 更新写回活动序列 slot；整数-only 分支准备分块/序列调度，保留实际迭代事件。
1,/device:TPU:0,XLA Ops,dynamic_slice.5871,dynamic-slice,dynamic-slice,16930.618473,0.578631,s32[1]{0:T(128)},"(s32[]{:T(128)}, f8e4m3fn[7764,4,64,4,256]{4,3,2,1,0:T(4,128)(4,1)}, s32[]{:T(128)}, s32[65]{0:T(128)S(1)}, s32[64]{0:T(128)S(1)}, /*index=5*/f8e4m3fn[64,2,4,64,4,256]{5,4,3,2,1,0:T(4,128)(4,1)}, s32[]{:T(128)}, s32[]{:T(128)}, s32[]{:T(128)}, s32[]{:T(128)}, /*index=10*/s32[]{:T(128)}, s32[1]{0:T(128)}, s32[1]{0:T(128)}, s32[]{:T(128)}, s32[]{:T(128)}); s32[]{:T(128)S(6)}",,"op_name=""custom_kernel/custom_kernel/jit(wrapped_fn)/shard_map/jit(fused_qkvz_projection_pcp_gdn)/while/body/dynamic_slice"" stack_frame_id=1656",/mnt/data/workspace/tpu_benchmark_daily/third_party/torchtpu-vllm/src/vllm_torchtpu/kernels/gdn/v3/pcp_wrapper.py:1186,{},[],13013,runs/layer-ops-20260923/pcp8/hlo/pid-290362/module_9043.tt_jit_layernorm_L62C0_fused_add_rms_norm_add.cl_972931731.after_codegen.txt,PCP GDN 状态/调度循环,执行 PCP GDN 的循环与条件分支。含 KV pool 的写回分支将 compact Conv/SSM 更新写回活动序列 slot；整数-only 分支准备分块/序列调度，保留实际迭代事件。
1,/device:TPU:0,XLA Ops,conditional.543,conditional,conditional,16932.335234,3.810324,"(f8e4m3fn[7764,4,64,4,256]{4,3,2,1,0:T(4,128)(4,1)})","s32[]{:T(128)}; (f8e4m3fn[7764,4,64,4,256]{4,3,2,1,0:T(4,128)(4,1)}); (s32[]{:T(128)}, f8e4m3fn[64,2,4,64,4,256]{5,4,3,2,1,0:T(4,128)(4,1)}, s32[]{:T(128)}, f8e4m3fn[7764,4,64,4,256]{4,3,2,1,0:T(4,128)(4,1)})",,"op_name=""custom_kernel/custom_kernel/jit(wrapped_fn)/shard_map/jit(fused_qkvz_projection_pcp_gdn)/while/body/cond"" stack_frame_id=1662",/mnt/data/workspace/tpu_benchmark_daily/third_party/torchtpu-vllm/src/vllm_torchtpu/kernels/gdn/v3/pcp_wrapper.py:1205,"{""add"": 2, ""compare"": 2, ""select"": 2, ""fusion"": 1, ""tuple"": 1}",[],13025,runs/layer-ops-20260923/pcp8/hlo/pid-290362/module_9043.tt_jit_layernorm_L62C0_fused_add_rms_norm_add.cl_972931731.after_codegen.txt,PCP GDN 状态/调度循环,执行 PCP GDN 的循环与条件分支。含 KV pool 的写回分支将 compact Conv/SSM 更新写回活动序列 slot；整数-only 分支准备分块/序列调度，保留实际迭代事件。
1,/device:TPU:0,XLA Ops,bitcast_dynamic-update-slice_fusion.3,loop fusion,fusion,16932.361345,3.782713,"f8e4m3fn[7764,4,64,4,256]{4,3,2,1,0:T(4,128)(4,1)}","(s32[]{:T(128)}, f8e4m3fn[64,2,4,64,4,256]{5,4,3,2,1,0:T(4,128)(4,1)}, s32[]{:T(128)}, f8e4m3fn[7764,4,64,4,256]{4,3,2,1,0:T(4,128)(4,1)}); s32[]{:T(128)S(6)}; (s32[]{:T(128)}, f8e4m3fn[64,2,4,64,4,256]{5,4,3,2,1,0:T(4,128)(4,1)}, s32[]{:T(128)}, f8e4m3fn[7764,4,64,4,256]{4,3,2,1,0:T(4,128)(4,1)}); s32[]{:T(128)S(6)}",,"op_name=""custom_kernel/custom_kernel/jit(wrapped_fn)/shard_map/jit(fused_qkvz_projection_pcp_gdn)/while/body/cond/branch_1_fun/dynamic_update_slice"" stack_frame_id=1664",/mnt/data/workspace/tpu_benchmark_daily/third_party/torchtpu-vllm/src/vllm_torchtpu/kernels/gdn/v3/pcp_wrapper.py:1202,"{""dynamic-slice"": 1, ""bitcast"": 1, ""dynamic-update-slice"": 1}",[],12989,runs/layer-ops-20260923/pcp8/hlo/pid-290362/module_9043.tt_jit_layernorm_L62C0_fused_add_rms_norm_add.cl_972931731.after_codegen.txt,PCP GDN 状态/调度循环,执行 PCP GDN 的循环与条件分支。含 KV pool 的写回分支将 compact Conv/SSM 更新写回活动序列 slot；整数-only 分支准备分块/序列调度，保留实际迭代事件。
1,/device:TPU:0,XLA Ops,fusion.4238,loop fusion,fusion,16936.145333,0.59904,"(s32[1]{0:T(128)}, s32[1]{0:T(128)})","(s32[]{:T(128)}, f8e4m3fn[7764,4,64,4,256]{4,3,2,1,0:T(4,128)(4,1)}, s32[]{:T(128)}, s32[65]{0:T(128)S(1)}, s32[64]{0:T(128)S(1)}, /*index=5*/f8e4m3fn[64,2,4,64,4,256]{5,4,3,2,1,0:T(4,128)(4,1)}, s32[]{:T(128)}, s32[]{:T(128)}, s32[]{:T(128)}, s32[]{:T(128)}, /*index=10*/s32[]{:T(128)}, s32[1]{0:T(128)}, s32[1]{0:T(128)}, s32[]{:T(128)}, s32[]{:T(128)}); s32[]{:T(128)S(6)}; s32[]{:T(128)S(6)}",,"op_name=""custom_kernel/custom_kernel/jit(wrapped_fn)/shard_map/jit(fused_qkvz_projection_pcp_gdn)/while/body/dynamic_slice"" stack_frame_id=1655",/mnt/data/workspace/tpu_benchmark_daily/third_party/torchtpu-vllm/src/vllm_torchtpu/kernels/gdn/v3/pcp_wrapper.py:1189,"{""dynamic-slice"": 2, ""tuple"": 1}",[],13009,runs/layer-ops-20260923/pcp8/hlo/pid-290362/module_9043.tt_jit_layernorm_L62C0_fused_add_rms_norm_add.cl_972931731.after_codegen.txt,PCP GDN 状态/调度循环,执行 PCP GDN 的循环与条件分支。含 KV pool 的写回分支将 compact Conv/SSM 更新写回活动序列 slot；整数-only 分支准备分块/序列调度，保留实际迭代事件。
1,/device:TPU:0,XLA Ops,dynamic_slice.5871,dynamic-slice,dynamic-slice,16937.976066,0.577431,s32[1]{0:T(128)},"(s32[]{:T(128)}, f8e4m3fn[7764,4,64,4,256]{4,3,2,1,0:T(4,128)(4,1)}, s32[]{:T(128)}, s32[65]{0:T(128)S(1)}, s32[64]{0:T(128)S(1)}, /*index=5*/f8e4m3fn[64,2,4,64,4,256]{5,4,3,2,1,0:T(4,128)(4,1)}, s32[]{:T(128)}, s32[]{:T(128)}, s32[]{:T(128)}, s32[]{:T(128)}, /*index=10*/s32[]{:T(128)}, s32[1]{0:T(128)}, s32[1]{0:T(128)}, s32[]{:T(128)}, s32[]{:T(128)}); s32[]{:T(128)S(6)}",,"op_name=""custom_kernel/custom_kernel/jit(wrapped_fn)/shard_map/jit(fused_qkvz_projection_pcp_gdn)/while/body/dynamic_slice"" stack_frame_id=1656",/mnt/data/workspace/tpu_benchmark_daily/third_party/torchtpu-vllm/src/vllm_torchtpu/kernels/gdn/v3/pcp_wrapper.py:1186,{},[],13013,runs/layer-ops-20260923/pcp8/hlo/pid-290362/module_9043.tt_jit_layernorm_L62C0_fused_add_rms_norm_add.cl_972931731.after_codegen.txt,PCP GDN 状态/调度循环,执行 PCP GDN 的循环与条件分支。含 KV pool 的写回分支将 compact Conv/SSM 更新写回活动序列 slot；整数-only 分支准备分块/序列调度，保留实际迭代事件。
1,/device:TPU:0,XLA Ops,conditional.543,conditional,conditional,16939.692677,2.642257,"(f8e4m3fn[7764,4,64,4,256]{4,3,2,1,0:T(4,128)(4,1)})","s32[]{:T(128)}; (f8e4m3fn[7764,4,64,4,256]{4,3,2,1,0:T(4,128)(4,1)}); (s32[]{:T(128)}, f8e4m3fn[64,2,4,64,4,256]{5,4,3,2,1,0:T(4,128)(4,1)}, s32[]{:T(128)}, f8e4m3fn[7764,4,64,4,256]{4,3,2,1,0:T(4,128)(4,1)})",,"op_name=""custom_kernel/custom_kernel/jit(wrapped_fn)/shard_map/jit(fused_qkvz_projection_pcp_gdn)/while/body/cond"" stack_frame_id=1662",/mnt/data/workspace/tpu_benchmark_daily/third_party/torchtpu-vllm/src/vllm_torchtpu/kernels/gdn/v3/pcp_wrapper.py:1205,"{""add"": 2, ""compare"": 2, ""select"": 2, ""fusion"": 1, ""tuple"": 1}",[],13025,runs/layer-ops-20260923/pcp8/hlo/pid-290362/module_9043.tt_jit_layernorm_L62C0_fused_add_rms_norm_add.cl_972931731.after_codegen.txt,PCP GDN 状态/调度循环,执行 PCP GDN 的循环与条件分支。含 KV pool 的写回分支将 compact Conv/SSM 更新写回活动序列 slot；整数-only 分支准备分块/序列调度，保留实际迭代事件。
1,/device:TPU:0,XLA Ops,bitcast_dynamic-update-slice_fusion.3,loop fusion,fusion,16939.717963,2.615846,"f8e4m3fn[7764,4,64,4,256]{4,3,2,1,0:T(4,128)(4,1)}","(s32[]{:T(128)}, f8e4m3fn[64,2,4,64,4,256]{5,4,3,2,1,0:T(4,128)(4,1)}, s32[]{:T(128)}, f8e4m3fn[7764,4,64,4,256]{4,3,2,1,0:T(4,128)(4,1)}); s32[]{:T(128)S(6)}; (s32[]{:T(128)}, f8e4m3fn[64,2,4,64,4,256]{5,4,3,2,1,0:T(4,128)(4,1)}, s32[]{:T(128)}, f8e4m3fn[7764,4,64,4,256]{4,3,2,1,0:T(4,128)(4,1)}); s32[]{:T(128)S(6)}",,"op_name=""custom_kernel/custom_kernel/jit(wrapped_fn)/shard_map/jit(fused_qkvz_projection_pcp_gdn)/while/body/cond/branch_1_fun/dynamic_update_slice"" stack_frame_id=1664",/mnt/data/workspace/tpu_benchmark_daily/third_party/torchtpu-vllm/src/vllm_torchtpu/kernels/gdn/v3/pcp_wrapper.py:1202,"{""dynamic-slice"": 1, ""bitcast"": 1, ""dynamic-update-slice"": 1}",[],12989,runs/layer-ops-20260923/pcp8/hlo/pid-290362/module_9043.tt_jit_layernorm_L62C0_fused_add_rms_norm_add.cl_972931731.after_codegen.txt,PCP GDN 状态/调度循环,执行 PCP GDN 的循环与条件分支。含 KV pool 的写回分支将 compact Conv/SSM 更新写回活动序列 slot；整数-only 分支准备分块/序列调度，保留实际迭代事件。
1,/device:TPU:0,XLA Ops,fusion.4238,loop fusion,fusion,16942.335009,0.60024,"(s32[1]{0:T(128)}, s32[1]{0:T(128)})","(s32[]{:T(128)}, f8e4m3fn[7764,4,64,4,256]{4,3,2,1,0:T(4,128)(4,1)}, s32[]{:T(128)}, s32[65]{0:T(128)S(1)}, s32[64]{0:T(128)S(1)}, /*index=5*/f8e4m3fn[64,2,4,64,4,256]{5,4,3,2,1,0:T(4,128)(4,1)}, s32[]{:T(128)}, s32[]{:T(128)}, s32[]{:T(128)}, s32[]{:T(128)}, /*index=10*/s32[]{:T(128)}, s32[1]{0:T(128)}, s32[1]{0:T(128)}, s32[]{:T(128)}, s32[]{:T(128)}); s32[]{:T(128)S(6)}; s32[]{:T(128)S(6)}",,"op_name=""custom_kernel/custom_kernel/jit(wrapped_fn)/shard_map/jit(fused_qkvz_projection_pcp_gdn)/while/body/dynamic_slice"" stack_frame_id=1655",/mnt/data/workspace/tpu_benchmark_daily/third_party/torchtpu-vllm/src/vllm_torchtpu/kernels/gdn/v3/pcp_wrapper.py:1189,"{""dynamic-slice"": 2, ""tuple"": 1}",[],13009,runs/layer-ops-20260923/pcp8/hlo/pid-290362/module_9043.tt_jit_layernorm_L62C0_fused_add_rms_norm_add.cl_972931731.after_codegen.txt,PCP GDN 状态/调度循环,执行 PCP GDN 的循环与条件分支。含 KV pool 的写回分支将 compact Conv/SSM 更新写回活动序列 slot；整数-only 分支准备分块/序列调度，保留实际迭代事件。
1,/device:TPU:0,XLA Ops,dynamic_slice.5871,dynamic-slice,dynamic-slice,16944.140682,0.578631,s32[1]{0:T(128)},"(s32[]{:T(128)}, f8e4m3fn[7764,4,64,4,256]{4,3,2,1,0:T(4,128)(4,1)}, s32[]{:T(128)}, s32[65]{0:T(128)S(1)}, s32[64]{0:T(128)S(1)}, /*index=5*/f8e4m3fn[64,2,4,64,4,256]{5,4,3,2,1,0:T(4,128)(4,1)}, s32[]{:T(128)}, s32[]{:T(128)}, s32[]{:T(128)}, s32[]{:T(128)}, /*index=10*/s32[]{:T(128)}, s32[1]{0:T(128)}, s32[1]{0:T(128)}, s32[]{:T(128)}, s32[]{:T(128)}); s32[]{:T(128)S(6)}",,"op_name=""custom_kernel/custom_kernel/jit(wrapped_fn)/shard_map/jit(fused_qkvz_projection_pcp_gdn)/while/body/dynamic_slice"" stack_frame_id=1656",/mnt/data/workspace/tpu_benchmark_daily/third_party/torchtpu-vllm/src/vllm_torchtpu/kernels/gdn/v3/pcp_wrapper.py:1186,{},[],13013,runs/layer-ops-20260923/pcp8/hlo/pid-290362/module_9043.tt_jit_layernorm_L62C0_fused_add_rms_norm_add.cl_972931731.after_codegen.txt,PCP GDN 状态/调度循环,执行 PCP GDN 的循环与条件分支。含 KV pool 的写回分支将 compact Conv/SSM 更新写回活动序列 slot；整数-only 分支准备分块/序列调度，保留实际迭代事件。
1,/device:TPU:0,XLA Ops,conditional.543,conditional,conditional,16945.855943,2.638655,"(f8e4m3fn[7764,4,64,4,256]{4,3,2,1,0:T(4,128)(4,1)})","s32[]{:T(128)}; (f8e4m3fn[7764,4,64,4,256]{4,3,2,1,0:T(4,128)(4,1)}); (s32[]{:T(128)}, f8e4m3fn[64,2,4,64,4,256]{5,4,3,2,1,0:T(4,128)(4,1)}, s32[]{:T(128)}, f8e4m3fn[7764,4,64,4,256]{4,3,2,1,0:T(4,128)(4,1)})",,"op_name=""custom_kernel/custom_kernel/jit(wrapped_fn)/shard_map/jit(fused_qkvz_projection_pcp_gdn)/while/body/cond"" stack_frame_id=1662",/mnt/data/workspace/tpu_benchmark_daily/third_party/torchtpu-vllm/src/vllm_torchtpu/kernels/gdn/v3/pcp_wrapper.py:1205,"{""add"": 2, ""compare"": 2, ""select"": 2, ""fusion"": 1, ""tuple"": 1}",[],13025,runs/layer-ops-20260923/pcp8/hlo/pid-290362/module_9043.tt_jit_layernorm_L62C0_fused_add_rms_norm_add.cl_972931731.after_codegen.txt,PCP GDN 状态/调度循环,执行 PCP GDN 的循环与条件分支。含 KV pool 的写回分支将 compact Conv/SSM 更新写回活动序列 slot；整数-only 分支准备分块/序列调度，保留实际迭代事件。
1,/device:TPU:0,XLA Ops,bitcast_dynamic-update-slice_fusion.3,loop fusion,fusion,16945.881228,2.612245,"f8e4m3fn[7764,4,64,4,256]{4,3,2,1,0:T(4,128)(4,1)}","(s32[]{:T(128)}, f8e4m3fn[64,2,4,64,4,256]{5,4,3,2,1,0:T(4,128)(4,1)}, s32[]{:T(128)}, f8e4m3fn[7764,4,64,4,256]{4,3,2,1,0:T(4,128)(4,1)}); s32[]{:T(128)S(6)}; (s32[]{:T(128)}, f8e4m3fn[64,2,4,64,4,256]{5,4,3,2,1,0:T(4,128)(4,1)}, s32[]{:T(128)}, f8e4m3fn[7764,4,64,4,256]{4,3,2,1,0:T(4,128)(4,1)}); s32[]{:T(128)S(6)}",,"op_name=""custom_kernel/custom_kernel/jit(wrapped_fn)/shard_map/jit(fused_qkvz_projection_pcp_gdn)/while/body/cond/branch_1_fun/dynamic_update_slice"" stack_frame_id=1664",/mnt/data/workspace/tpu_benchmark_daily/third_party/torchtpu-vllm/src/vllm_torchtpu/kernels/gdn/v3/pcp_wrapper.py:1202,"{""dynamic-slice"": 1, ""bitcast"": 1, ""dynamic-update-slice"": 1}",[],12989,runs/layer-ops-20260923/pcp8/hlo/pid-290362/module_9043.tt_jit_layernorm_L62C0_fused_add_rms_norm_add.cl_972931731.after_codegen.txt,PCP GDN 状态/调度循环,执行 PCP GDN 的循环与条件分支。含 KV pool 的写回分支将 compact Conv/SSM 更新写回活动序列 slot；整数-only 分支准备分块/序列调度，保留实际迭代事件。
1,/device:TPU:0,XLA Ops,fusion.4238,loop fusion,fusion,16948.495799,0.60024,"(s32[1]{0:T(128)}, s32[1]{0:T(128)})","(s32[]{:T(128)}, f8e4m3fn[7764,4,64,4,256]{4,3,2,1,0:T(4,128)(4,1)}, s32[]{:T(128)}, s32[65]{0:T(128)S(1)}, s32[64]{0:T(128)S(1)}, /*index=5*/f8e4m3fn[64,2,4,64,4,256]{5,4,3,2,1,0:T(4,128)(4,1)}, s32[]{:T(128)}, s32[]{:T(128)}, s32[]{:T(128)}, s32[]{:T(128)}, /*index=10*/s32[]{:T(128)}, s32[1]{0:T(128)}, s32[1]{0:T(128)}, s32[]{:T(128)}, s32[]{:T(128)}); s32[]{:T(128)S(6)}; s32[]{:T(128)S(6)}",,"op_name=""custom_kernel/custom_kernel/jit(wrapped_fn)/shard_map/jit(fused_qkvz_projection_pcp_gdn)/while/body/dynamic_slice"" stack_frame_id=1655",/mnt/data/workspace/tpu_benchmark_daily/third_party/torchtpu-vllm/src/vllm_torchtpu/kernels/gdn/v3/pcp_wrapper.py:1189,"{""dynamic-slice"": 2, ""tuple"": 1}",[],13009,runs/layer-ops-20260923/pcp8/hlo/pid-290362/module_9043.tt_jit_layernorm_L62C0_fused_add_rms_norm_add.cl_972931731.after_codegen.txt,PCP GDN 状态/调度循环,执行 PCP GDN 的循环与条件分支。含 KV pool 的写回分支将 compact Conv/SSM 更新写回活动序列 slot；整数-only 分支准备分块/序列调度，保留实际迭代事件。
1,/device:TPU:0,XLA Ops,dynamic_slice.5871,dynamic-slice,dynamic-slice,16950.302521,0.578631,s32[1]{0:T(128)},"(s32[]{:T(128)}, f8e4m3fn[7764,4,64,4,256]{4,3,2,1,0:T(4,128)(4,1)}, s32[]{:T(128)}, s32[65]{0:T(128)S(1)}, s32[64]{0:T(128)S(1)}, /*index=5*/f8e4m3fn[64,2,4,64,4,256]{5,4,3,2,1,0:T(4,128)(4,1)}, s32[]{:T(128)}, s32[]{:T(128)}, s32[]{:T(128)}, s32[]{:T(128)}, /*index=10*/s32[]{:T(128)}, s32[1]{0:T(128)}, s32[1]{0:T(128)}, s32[]{:T(128)}, s32[]{:T(128)}); s32[]{:T(128)S(6)}",,"op_name=""custom_kernel/custom_kernel/jit(wrapped_fn)/shard_map/jit(fused_qkvz_projection_pcp_gdn)/while/body/dynamic_slice"" stack_frame_id=1656",/mnt/data/workspace/tpu_benchmark_daily/third_party/torchtpu-vllm/src/vllm_torchtpu/kernels/gdn/v3/pcp_wrapper.py:1186,{},[],13013,runs/layer-ops-20260923/pcp8/hlo/pid-290362/module_9043.tt_jit_layernorm_L62C0_fused_add_rms_norm_add.cl_972931731.after_codegen.txt,PCP GDN 状态/调度循环,执行 PCP GDN 的循环与条件分支。含 KV pool 的写回分支将 compact Conv/SSM 更新写回活动序列 slot；整数-only 分支准备分块/序列调度，保留实际迭代事件。
1,/device:TPU:0,XLA Ops,conditional.543,conditional,conditional,16952.018083,2.62545,"(f8e4m3fn[7764,4,64,4,256]{4,3,2,1,0:T(4,128)(4,1)})","s32[]{:T(128)}; (f8e4m3fn[7764,4,64,4,256]{4,3,2,1,0:T(4,128)(4,1)}); (s32[]{:T(128)}, f8e4m3fn[64,2,4,64,4,256]{5,4,3,2,1,0:T(4,128)(4,1)}, s32[]{:T(128)}, f8e4m3fn[7764,4,64,4,256]{4,3,2,1,0:T(4,128)(4,1)})",,"op_name=""custom_kernel/custom_kernel/jit(wrapped_fn)/shard_map/jit(fused_qkvz_projection_pcp_gdn)/while/body/cond"" stack_frame_id=1662",/mnt/data/workspace/tpu_benchmark_daily/third_party/torchtpu-vllm/src/vllm_torchtpu/kernels/gdn/v3/pcp_wrapper.py:1205,"{""add"": 2, ""compare"": 2, ""select"": 2, ""fusion"": 1, ""tuple"": 1}",[],13025,runs/layer-ops-20260923/pcp8/hlo/pid-290362/module_9043.tt_jit_layernorm_L62C0_fused_add_rms_norm_add.cl_972931731.after_codegen.txt,PCP GDN 状态/调度循环,执行 PCP GDN 的循环与条件分支。含 KV pool 的写回分支将 compact Conv/SSM 更新写回活动序列 slot；整数-only 分支准备分块/序列调度，保留实际迭代事件。
1,/device:TPU:0,XLA Ops,bitcast_dynamic-update-slice_fusion.3,loop fusion,fusion,16952.043218,2.59904,"f8e4m3fn[7764,4,64,4,256]{4,3,2,1,0:T(4,128)(4,1)}","(s32[]{:T(128)}, f8e4m3fn[64,2,4,64,4,256]{5,4,3,2,1,0:T(4,128)(4,1)}, s32[]{:T(128)}, f8e4m3fn[7764,4,64,4,256]{4,3,2,1,0:T(4,128)(4,1)}); s32[]{:T(128)S(6)}; (s32[]{:T(128)}, f8e4m3fn[64,2,4,64,4,256]{5,4,3,2,1,0:T(4,128)(4,1)}, s32[]{:T(128)}, f8e4m3fn[7764,4,64,4,256]{4,3,2,1,0:T(4,128)(4,1)}); s32[]{:T(128)S(6)}",,"op_name=""custom_kernel/custom_kernel/jit(wrapped_fn)/shard_map/jit(fused_qkvz_projection_pcp_gdn)/while/body/cond/branch_1_fun/dynamic_update_slice"" stack_frame_id=1664",/mnt/data/workspace/tpu_benchmark_daily/third_party/torchtpu-vllm/src/vllm_torchtpu/kernels/gdn/v3/pcp_wrapper.py:1202,"{""dynamic-slice"": 1, ""bitcast"": 1, ""dynamic-update-slice"": 1}",[],12989,runs/layer-ops-20260923/pcp8/hlo/pid-290362/module_9043.tt_jit_layernorm_L62C0_fused_add_rms_norm_add.cl_972931731.after_codegen.txt,PCP GDN 状态/调度循环,执行 PCP GDN 的循环与条件分支。含 KV pool 的写回分支将 compact Conv/SSM 更新写回活动序列 slot；整数-only 分支准备分块/序列调度，保留实际迭代事件。
1,/device:TPU:0,XLA Ops,copy-done.2780,copy-done,copy-done,16954.644658,0.002401,"bf16[1,4096]{1,0:T(2,128)(2,1)S(1)}","(bf16[1,4096]{1,0:T(2,128)(2,1)S(1)}, bf16[1,4096]{1,0:T(2,128)(2,1)}, u32[]{:S(2)})",shared_expert_gate_weight,,,{},[],149897,runs/layer-ops-20260923/pcp8/hlo/pid-290362/module_9043.tt_jit_layernorm_L62C0_fused_add_rms_norm_add.cl_972931731.after_codegen.txt,DMA 搬运,等待对应 DMA 完成；与 copy-start 是同一次搬运的两端，不能重复计算搬运量。
1,/device:TPU:0,XLA Ops,copy-start.2173,copy-start,copy-start,16954.647209,0.002401,"(s32[64]{0:T(128)}, s32[64]{0:T(128)S(1)}, u32[]{:S(2)})","(s32[]{:T(128)}, f8e4m3fn[7764,4,64,4,256]{4,3,2,1,0:T(4,128)(4,1)}, s32[]{:T(128)}, s32[65]{0:T(128)S(1)}, s32[64]{0:T(128)S(1)}, /*index=5*/f8e4m3fn[64,2,4,64,4,256]{5,4,3,2,1,0:T(4,128)(4,1)}, s32[]{:T(128)}, s32[]{:T(128)}, s32[]{:T(128)}, s32[]{:T(128)}, /*index=10*/s32[]{:T(128)}, s32[1]{0:T(128)}, s32[1]{0:T(128)}, s32[]{:T(128)}, s32[]{:T(128)})",,,,{},[],149898,runs/layer-ops-20260923/pcp8/hlo/pid-290362/module_9043.tt_jit_layernorm_L62C0_fused_add_rms_norm_add.cl_972931731.after_codegen.txt,DMA 搬运,启动 DMA 搬运。
1,/device:TPU:0,XLA Ops,copy-start.64,copy-start,copy-start,16954.650661,0.0012,"(s32[65]{0:T(128)}, s32[65]{0:T(128)S(1)}, u32[]{:S(2)})","(s32[]{:T(128)}, f8e4m3fn[7764,4,64,4,256]{4,3,2,1,0:T(4,128)(4,1)}, s32[]{:T(128)}, s32[65]{0:T(128)S(1)}, s32[64]{0:T(128)S(1)}, /*index=5*/f8e4m3fn[64,2,4,64,4,256]{5,4,3,2,1,0:T(4,128)(4,1)}, s32[]{:T(128)}, s32[]{:T(128)}, s32[]{:T(128)}, s32[]{:T(128)}, /*index=10*/s32[]{:T(128)}, s32[1]{0:T(128)}, s32[1]{0:T(128)}, s32[]{:T(128)}, s32[]{:T(128)})",,,,{},[],149899,runs/layer-ops-20260923/pcp8/hlo/pid-290362/module_9043.tt_jit_layernorm_L62C0_fused_add_rms_norm_add.cl_972931731.after_codegen.txt,DMA 搬运,启动 DMA 搬运。
1,/device:TPU:0,XLA Ops,slice-start.3,async-start,async-start,16954.654337,0.009604,"((s8[8388608]{0:T(1024)(128)(4,1)}), s8[4194304]{0:T(1024)(128)(4,1)S(1)}, s32[]{:S(2)})","s8[8388608]{0:T(1024)(128)(4,1)}",shared_gate_up_weight,,,"{""slice"": 1}",[],149901,runs/layer-ops-20260923/pcp8/hlo/pid-290362/module_9043.tt_jit_layernorm_L62C0_fused_add_rms_norm_add.cl_972931731.after_codegen.txt,异步调用控制,异步 kernel/collective 的启动、提交或完成边界；具体计算在被调用的 HLO computation 中，不能把边界再当一遍计算。
1,/device:TPU:0,XLA Ops,convolution_reduce_fusion.58,convolution fusion,fusion,16954.671219,20.164466,"bf16[4096]{0:T(1024)(128)(2,1)S(1)}","(bf16[4096]{0:T(1024)(128)(2,1)S(1)}, bf16[4096,4096]{1,0:T(16,128)(2,1)}); bf16[1,4096]{1,0:T(2,128)(2,1)S(1)}",shared_expert_gate_weight,"op_name=""mm/mm"" stack_frame_id=1281",/mnt/data/workspace/tpu_benchmark_daily/.venv/lib64/python3.12/site-packages/vllm/model_executor/parameter.py:127,"{""fusion"": 2, ""convolution"": 1, ""reduce"": 1}",[],149902,runs/layer-ops-20260923/pcp8/hlo/pid-290362/module_9043.tt_jit_layernorm_L62C0_fused_add_rms_norm_add.cl_972931731.after_codegen.txt,共享专家 gate,hidden→一个标量 logit；经 sigmoid 后控制该 token 的共享专家贡献。
1,/device:TPU:0,XLA Ops,logistic_convert_fusion.73,loop fusion,fusion,16974.854742,0.601441,"bf16[4096]{0:T(1024)(128)(2,1)}","bf16[4096]{0:T(1024)(128)(2,1)S(1)}",,"op_name=""sigmoid/sigmoid"" stack_frame_id=1317",/mnt/data/workspace/tpu_benchmark_daily/.venv/lib64/python3.12/site-packages/vllm/model_executor/models/qwen2_moe.py:119,"{""convert"": 2, ""logistic"": 1}",[],149904,runs/layer-ops-20260923/pcp8/hlo/pid-290362/module_9043.tt_jit_layernorm_L62C0_fused_add_rms_norm_add.cl_972931731.after_codegen.txt,门控,计算 sigmoid 门控系数，控制共享专家或 attention 输出的贡献。
1,/device:TPU:0,XLA Ops,copy-done.2173,copy-done,copy-done,16975.456408,0.002401,s32[64]{0:T(128)},"(s32[64]{0:T(128)}, s32[64]{0:T(128)S(1)}, u32[]{:S(2)})",,,,{},[],149905,runs/layer-ops-20260923/pcp8/hlo/pid-290362/module_9043.tt_jit_layernorm_L62C0_fused_add_rms_norm_add.cl_972931731.after_codegen.txt,DMA 搬运,等待对应 DMA 完成；与 copy-start 是同一次搬运的两端，不能重复计算搬运量。
1,/device:TPU:0,XLA Ops,slice-start.4,async-start,async-start,16975.458734,0.002401,"((s8[8388608]{0:T(1024)(128)(4,1)}), s8[4194304]{0:T(1024)(128)(4,1)S(1)}, s32[]{:S(2)})","s8[8388608]{0:T(1024)(128)(4,1)}",shared_gate_up_weight,,,"{""slice"": 1}",[],149906,runs/layer-ops-20260923/pcp8/hlo/pid-290362/module_9043.tt_jit_layernorm_L62C0_fused_add_rms_norm_add.cl_972931731.after_codegen.txt,异步调用控制,异步 kernel/collective 的启动、提交或完成边界；具体计算在被调用的 HLO computation 中，不能把边界再当一遍计算。
1,/device:TPU:0,XLA Ops,copy-start.3783,copy-start,copy-start,16975.461135,0.002401,"(f32[2048]{0:T(1024)S(1)}, f32[2048]{0:T(1024)}, u32[]{:S(2)})",f32[2048]{0:T(1024)},weight_or_scale,,,{},[],149907,runs/layer-ops-20260923/pcp8/hlo/pid-290362/module_9043.tt_jit_layernorm_L62C0_fused_add_rms_norm_add.cl_972931731.after_codegen.txt,DMA 搬运,启动 DMA 搬运。
1,/device:TPU:0,XLA Ops,clamp_convert_fusion.133,loop fusion,fusion,16975.463461,19.060024,"f8e4m3fn[4096,4096]{1,0:T(32,128)(4,1)}","(bf16[4096]{0:T(1024)(128)(2,1)S(1)}, bf16[4096,4096]{1,0:T(16,128)(2,1)}); (f32[4096]{0:T(1024)S(1)}, bf16[4096]{0:T(1024)(128)(2,1)S(1)})",,"op_name=""custom_kernel/custom_kernel/jit(_quantized_matmul_jax)/convert_element_type"" stack_frame_id=1756",/mnt/data/workspace/tpu_benchmark_daily/third_party/torchtpu-vllm/src/vllm_torchtpu/kernels/quantized_matmul/util.py:312,"{""broadcast"": 3, ""fusion"": 1, ""convert"": 2, ""divide"": 1, ""clamp"": 1, ""copy"": 1}",[],149908,runs/layer-ops-20260923/pcp8/hlo/pid-290362/module_9043.tt_jit_layernorm_L62C0_fused_add_rms_norm_add.cl_972931731.after_codegen.txt,FP8 激活量化,按动态 scale 缩放并截断到 FP8 可表示范围，再转换为 FP8，供后续 MXU GEMM 使用。
1,/device:TPU:0,XLA Ops,copy-done.64,copy-done,copy-done,16994.52461,0.002401,s32[65]{0:T(128)},"(s32[65]{0:T(128)}, s32[65]{0:T(128)S(1)}, u32[]{:S(2)})",,,,{},[],149909,runs/layer-ops-20260923/pcp8/hlo/pid-290362/module_9043.tt_jit_layernorm_L62C0_fused_add_rms_norm_add.cl_972931731.after_codegen.txt,DMA 搬运,等待对应 DMA 完成；与 copy-start 是同一次搬运的两端，不能重复计算搬运量。
1,/device:TPU:0,XLA Ops,slice-done.3,async-done,async-done,16994.527086,0.003601,"s8[4194304]{0:T(1024)(128)(4,1)S(1)}","((s8[8388608]{0:T(1024)(128)(4,1)}), s8[4194304]{0:T(1024)(128)(4,1)S(1)}, s32[]{:S(2)})",shared_gate_up_weight,,,{},[],149910,runs/layer-ops-20260923/pcp8/hlo/pid-290362/module_9043.tt_jit_layernorm_L62C0_fused_add_rms_norm_add.cl_972931731.after_codegen.txt,异步调用控制,异步 kernel/collective 的启动、提交或完成边界；具体计算在被调用的 HLO computation 中，不能把边界再当一遍计算。
1,/device:TPU:0,XLA Ops,slice-done.4,async-done,async-done,16994.532038,0.002401,"s8[4194304]{0:T(1024)(128)(4,1)S(1)}","((s8[8388608]{0:T(1024)(128)(4,1)}), s8[4194304]{0:T(1024)(128)(4,1)S(1)}, s32[]{:S(2)})",shared_gate_up_weight,,,{},[],149911,runs/layer-ops-20260923/pcp8/hlo/pid-290362/module_9043.tt_jit_layernorm_L62C0_fused_add_rms_norm_add.cl_972931731.after_codegen.txt,异步调用控制,异步 kernel/collective 的启动、提交或完成边界；具体计算在被调用的 HLO computation 中，不能把边界再当一遍计算。
1,/device:TPU:0,XLA Ops,copy-done.3783,copy-done,copy-done,16994.542692,0.002401,f32[2048]{0:T(1024)S(1)},"(f32[2048]{0:T(1024)S(1)}, f32[2048]{0:T(1024)}, u32[]{:S(2)})",weight_or_scale,,,{},[],149912,runs/layer-ops-20260923/pcp8/hlo/pid-290362/module_9043.tt_jit_layernorm_L62C0_fused_add_rms_norm_add.cl_972931731.after_codegen.txt,DMA 搬运,等待对应 DMA 完成；与 copy-start 是同一次搬运的两端，不能重复计算搬运量。
1,/device:TPU:0,XLA Ops,custom-call.365,custom-call,custom-call,16994.552221,0.0,"f8e4m3fn[4096,2048]{1,0:T(32,128)(4,1)S(1)}","s8[4194304]{0:T(1024)(128)(4,1)S(1)}; s8[4194304]{0:T(1024)(128)(4,1)S(1)}",shared_gate_up_weight,,,{},[],149913,runs/layer-ops-20260923/pcp8/hlo/pid-290362/module_9043.tt_jit_layernorm_L62C0_fused_add_rms_norm_add.cl_972931731.after_codegen.txt,编译器 buffer 操作,ConcatBitcast：连接/重解释已切分的权重 buffer；属于编译器生成的 buffer 操作，不能按独立模型计算理解。
1,/device:TPU:0,XLA Ops,copy-start.2412,copy-start,copy-start,16994.560625,0.007203,"(f32[4096]{0:T(1024)S(1)}, f32[4096]{0:T(1024)}, u32[]{:S(2)})",f32[4096]{0:T(1024)},,,,{},[],149915,runs/layer-ops-20260923/pcp8/hlo/pid-290362/module_9043.tt_jit_layernorm_L62C0_fused_add_rms_norm_add.cl_972931731.after_codegen.txt,DMA 搬运,启动 DMA 搬运。
1,/device:TPU:0,XLA Ops,copy-start.2597,copy-start,copy-start,16994.575105,0.007203,"(pred[4096]{0:T(1024)(128)(4,1)S(1)}, pred[4096]{0:T(1024)(128)(4,1)}, u32[]{:S(2)})","(pred[4096]{0:T(1024)(128)(4,1)}, f32[4096,512]{1,0:T(8,128)S(1)})",,,,{},[],149916,runs/layer-ops-20260923/pcp8/hlo/pid-290362/module_9043.tt_jit_layernorm_L62C0_fused_add_rms_norm_add.cl_972931731.after_codegen.txt,DMA 搬运,启动 DMA 搬运。
1,/device:TPU:0,XLA Ops,copy-start.188,copy-start,copy-start,16994.590712,0.006002,"(pred[256,256]{1,0:T(8,128)(4,1)S(1)}, pred[256,256]{1,0:T(8,128)(4,1)}, u32[]{:S(2)})","pred[256,256]{1,0:T(8,128)(4,1)}",,,,{},[],149917,runs/layer-ops-20260923/pcp8/hlo/pid-290362/module_9043.tt_jit_layernorm_L62C0_fused_add_rms_norm_add.cl_972931731.after_codegen.txt,DMA 搬运,启动 DMA 搬运。
1,/device:TPU:0,XLA Ops,copy-start.1064,copy-start,copy-start,16994.605042,0.007203,"(s32[160,256]{1,0:T(8,128)S(1)}, s32[160,256]{1,0:T(8,128)}, u32[]{:S(2)})","s32[160,256]{1,0:T(8,128)}",,,,{},[],149918,runs/layer-ops-20260923/pcp8/hlo/pid-290362/module_9043.tt_jit_layernorm_L62C0_fused_add_rms_norm_add.cl_972931731.after_codegen.txt,DMA 搬运,启动 DMA 搬运。
1,/device:TPU:0,XLA Ops,multiply_convert_fusion.313,convolution fusion,fusion,16994.620649,39.747899,"bf16[4096,2048]{1,0:T(16,128)(2,1)S(1)}","f32[2048]{0:T(1024)S(1)}; (f32[4096]{0:T(1024)S(1)}, bf16[4096]{0:T(1024)(128)(2,1)S(1)}); f8e4m3fn[4096,4096]{1,0:T(32,128)(4,1)}; f8e4m3fn[4096,2048]{1,0:T(32,128)(4,1)S(1)}","shared_gate_up_weight,weight_or_scale","op_name=""custom_kernel/custom_kernel/jit(_quantized_matmul_jax)/dot_general"" stack_frame_id=1757",/mnt/data/workspace/tpu_benchmark_daily/third_party/torchtpu-vllm/src/vllm_torchtpu/kernels/quantized_matmul/util.py:98,"{""fusion"": 2, ""convolution"": 1, ""broadcast"": 2, ""multiply"": 2, ""convert"": 1, ""copy"": 1}",[],149919,runs/layer-ops-20260923/pcp8/hlo/pid-290362/module_9043.tt_jit_layernorm_L62C0_fused_add_rms_norm_add.cl_972931731.after_codegen.txt,共享专家 gate/up,共享专家的 FP8 gate/up GEMM；所有 token 都经过该分支。
1,/device:TPU:0,XLA Ops,abs_reduce_fusion.193,loop fusion,fusion,17034.375976,8.729892,"bf16[4096]{0:T(1024)(128)(2,1)S(1)}","bf16[4096,2048]{1,0:T(16,128)(2,1)S(1)}",,"op_name=""custom_kernel/custom_kernel/jit(_quantized_matmul_jax)/reduce_max"" stack_frame_id=1753",/mnt/data/workspace/tpu_benchmark_daily/third_party/torchtpu-vllm/src/vllm_torchtpu/kernels/quantized_matmul/util.py:302,"{""slice"": 2, ""logistic"": 1, ""multiply"": 2, ""abs"": 1, ""reduce"": 1}",[],149920,runs/layer-ops-20260923/pcp8/hlo/pid-290362/module_9043.tt_jit_layernorm_L62C0_fused_add_rms_norm_add.cl_972931731.after_codegen.txt,FP8 激活量化,按 token 行计算 max(abs(x))，得到动态 FP8 量化 scale；可能融合前面的 RMSNorm/门控操作。
1,/device:TPU:0,XLA Ops,compare_select_fusion.552,loop fusion,fusion,17043.112921,0.006002,f32[4096]{0:T(1024)S(1)},"bf16[4096]{0:T(1024)(128)(2,1)S(1)}",,"op_name=""custom_kernel/custom_kernel/select_n"" stack_frame_id=1303",/mnt/data/workspace/tpu_benchmark_daily/.venv/lib64/python3.12/site-packages/torch_tpu/_internal/pallas/pallas.py:685,"{""convert"": 1, ""broadcast"": 3, ""multiply"": 1, ""compare"": 1, ""select"": 1}",[],149921,runs/layer-ops-20260923/pcp8/hlo/pid-290362/module_9043.tt_jit_layernorm_L62C0_fused_add_rms_norm_add.cl_972931731.after_codegen.txt,FP8 量化 scale,计算/保护动态 FP8 scale：max(abs(x))/448；全零行使用非零替代 scale，避免除零。部分 fusion 同时生成 MoE 的有效行 mask。
1,/device:TPU:0,XLA Ops,copy-start.2475,copy-start,copy-start,17043.127326,0.007203,"(f32[4096]{0:T(1024)}, f32[4096]{0:T(1024)S(1)}, u32[]{:S(2)})",f32[4096]{0:T(1024)S(1)},,,,{},[],149922,runs/layer-ops-20260923/pcp8/hlo/pid-290362/module_9043.tt_jit_layernorm_L62C0_fused_add_rms_norm_add.cl_972931731.after_codegen.txt,DMA 搬运,启动 DMA 搬运。
1,/device:TPU:0,XLA Ops,copy-done.2412,copy-done,copy-done,17043.141807,0.002401,f32[4096]{0:T(1024)S(1)},"(f32[4096]{0:T(1024)S(1)}, f32[4096]{0:T(1024)}, u32[]{:S(2)})",,,,{},[],149923,runs/layer-ops-20260923/pcp8/hlo/pid-290362/module_9043.tt_jit_layernorm_L62C0_fused_add_rms_norm_add.cl_972931731.after_codegen.txt,DMA 搬运,等待对应 DMA 完成；与 copy-start 是同一次搬运的两端，不能重复计算搬运量。
1,/device:TPU:0,XLA Ops,copy-done.2597,copy-done,copy-done,17043.151561,0.003601,"pred[4096]{0:T(1024)(128)(4,1)S(1)}","(pred[4096]{0:T(1024)(128)(4,1)S(1)}, pred[4096]{0:T(1024)(128)(4,1)}, u32[]{:S(2)})",,,,{},[],149924,runs/layer-ops-20260923/pcp8/hlo/pid-290362/module_9043.tt_jit_layernorm_L62C0_fused_add_rms_norm_add.cl_972931731.after_codegen.txt,DMA 搬运,等待对应 DMA 完成；与 copy-start 是同一次搬运的两端，不能重复计算搬运量。
1,/device:TPU:0,XLA Ops,maximum_select_fusion.59,loop fusion,fusion,17043.163266,0.596639,f32[4096]{0:T(1024)},"pred[4096]{0:T(1024)(128)(4,1)S(1)}; f32[4096]{0:T(1024)S(1)}",,"op_name=""custom_kernel/custom_kernel/jit(moe)/shard_map/jit(_where)/select_n"" stack_frame_id=2073",/mnt/data/workspace/tpu_benchmark_daily/third_party/torchtpu-vllm/src/vllm_torchtpu/kernels/fused_moe/v2/layer.py:443,"{""broadcast"": 2, ""maximum"": 1, ""select"": 1}",[],149925,runs/layer-ops-20260923/pcp8/hlo/pid-290362/module_9043.tt_jit_layernorm_L62C0_fused_add_rms_norm_add.cl_972931731.after_codegen.txt,MoE 路由/通信计划,条件选择：构造或处理 top-k 权重、专家计数、token 排列、量化 scale、远端地址及搬运计划；本行 dtype/shape 和 fused_ops 给出实际运算。
1,/device:TPU:0,XLA Ops,copy-done.188,copy-done,copy-done,17043.761105,0.002401,"pred[256,256]{1,0:T(8,128)(4,1)S(1)}","(pred[256,256]{1,0:T(8,128)(4,1)S(1)}, pred[256,256]{1,0:T(8,128)(4,1)}, u32[]{:S(2)})",,,,{},[],149926,runs/layer-ops-20260923/pcp8/hlo/pid-290362/module_9043.tt_jit_layernorm_L62C0_fused_add_rms_norm_add.cl_972931731.after_codegen.txt,DMA 搬运,等待对应 DMA 完成；与 copy-start 是同一次搬运的两端，不能重复计算搬运量。
1,/device:TPU:0,XLA Ops,copy-done.1064,copy-done,copy-done,17043.763731,0.002401,"s32[160,256]{1,0:T(8,128)S(1)}","(s32[160,256]{1,0:T(8,128)S(1)}, s32[160,256]{1,0:T(8,128)}, u32[]{:S(2)})",,,,{},[],149927,runs/layer-ops-20260923/pcp8/hlo/pid-290362/module_9043.tt_jit_layernorm_L62C0_fused_add_rms_norm_add.cl_972931731.after_codegen.txt,DMA 搬运,等待对应 DMA 完成；与 copy-start 是同一次搬运的两端，不能重复计算搬运量。
1,/device:TPU:0,XLA Ops,convert_reduce_fusion.357,loop fusion,fusion,17043.767107,12.921969,"s32[160,256]{1,0:T(8,128)S(1)}","s32[160,256]{1,0:T(8,128)S(1)}; pred[256,256]{1,0:T(8,128)(4,1)S(1)}",,"op_name=""custom_kernel/custom_kernel/jit(moe)/shard_map/reduce_sum"" stack_frame_id=1892",/mnt/data/workspace/tpu_benchmark_daily/third_party/torchtpu-vllm/src/vllm_torchtpu/kernels/fused_moe/v2/host.py:630,"{""broadcast"": 3, ""compare"": 1, ""and"": 1, ""convert"": 1, ""reduce"": 1}",[],149928,runs/layer-ops-20260923/pcp8/hlo/pid-290362/module_9043.tt_jit_layernorm_L62C0_fused_add_rms_norm_add.cl_972931731.after_codegen.txt,MoE 路由/通信计划,求和归约：构造或处理 top-k 权重、专家计数、token 排列、量化 scale、远端地址及搬运计划；本行 dtype/shape 和 fused_ops 给出实际运算。
1,/device:TPU:0,XLA Ops,clamp_convert_fusion.193,loop fusion,fusion,17056.697479,12.944778,"f8e4m3fn[4096,1024]{1,0:T(32,128)(4,1)}","f32[4096]{0:T(1024)S(1)}; bf16[4096,2048]{1,0:T(16,128)(2,1)S(1)}",,"op_name=""custom_kernel/custom_kernel/jit(_quantized_matmul_jax)/convert_element_type"" stack_frame_id=1756",/mnt/data/workspace/tpu_benchmark_daily/third_party/torchtpu-vllm/src/vllm_torchtpu/kernels/quantized_matmul/util.py:312,"{""broadcast"": 3, ""slice"": 2, ""logistic"": 1, ""multiply"": 2, ""convert"": 2, ""divide"": 1, ""clamp"": 1, ""copy"": 1}",[],149929,runs/layer-ops-20260923/pcp8/hlo/pid-290362/module_9043.tt_jit_layernorm_L62C0_fused_add_rms_norm_add.cl_972931731.after_codegen.txt,FP8 激活量化,按动态 scale 缩放并截断到 FP8 可表示范围，再转换为 FP8，供后续 MXU GEMM 使用。
1,/device:TPU:0,XLA Ops,copy-done.2475,copy-done,copy-done,17069.643458,0.002401,f32[4096]{0:T(1024)},"(f32[4096]{0:T(1024)}, f32[4096]{0:T(1024)S(1)}, u32[]{:S(2)})",,,,{},[],149930,runs/layer-ops-20260923/pcp8/hlo/pid-290362/module_9043.tt_jit_layernorm_L62C0_fused_add_rms_norm_add.cl_972931731.after_codegen.txt,DMA 搬运,等待对应 DMA 完成；与 copy-start 是同一次搬运的两端，不能重复计算搬运量。
1,/device:TPU:0,XLA Ops,all-gather.303.cloned.1.call-done,async-done,async-done,17069.646084,0.002401,"s32[8,1,45568]{2,1,0:T(1,128)}","((s32[1,1,45568]{2,1,0:T(1,128)}), s32[8,1,45568]{2,1,0:T(1,128)})",,"op_name=""custom_kernel/custom_kernel/jit(moe)/shard_map/all_gather"" stack_frame_id=1873",/mnt/data/workspace/tpu_benchmark_daily/third_party/torchtpu-vllm/src/vllm_torchtpu/kernels/fused_moe/v2/layer.py:465,{},"[{""opcode"": ""all-gather"", ""shape"": ""s32[8,1,45568]{2,1,0:T(1,128)}"", ""replica_groups"": ""{{0,1,2,3,4,5,6,7}}"", ""attrs"": ""channel_id=1, replica_groups={{0,1,2,3,4,5,6,7}}, dimensions={0}, use_global_device_ids=true, metadata={op_name=\""custom_kernel/custom_kernel/jit(moe)/shard_map/all_gather\"" stack_frame_id=1873}""}]",149931,runs/layer-ops-20260923/pcp8/hlo/pid-290362/module_9043.tt_jit_layernorm_L62C0_fused_add_rms_norm_add.cl_972931731.after_codegen.txt,EP dispatch / all-gather,"收集该组 token 激活、router logits 或路由计划，供本地专家处理；实际 replica groups={{0,1,2,3,4,5,6,7}}，输出 s32[8,1,45568]{2,1,0:T(1,128)}。异步边界不能重复计费。"
1,/device:TPU:0,XLA Ops,copy.15249,data formatting,copy,17069.64841,13.535414,"s32[8,1,45568]{0,2,1:T(8,128)S(1)}","s32[8,1,45568]{2,1,0:T(1,128)}",,"op_name=""custom_kernel/custom_kernel/jit(moe)/shard_map/all_gather"" stack_frame_id=1873",/mnt/data/workspace/tpu_benchmark_daily/third_party/torchtpu-vllm/src/vllm_torchtpu/kernels/fused_moe/v2/layer.py:465,{},[],149932,runs/layer-ops-20260923/pcp8/hlo/pid-290362/module_9043.tt_jit_layernorm_L62C0_fused_add_rms_norm_add.cl_972931731.after_codegen.txt,EP 全收集,跨 EP rank 收集 token 激活或路由计划/量化 scale；整数 shape 是计划数据，FP8 shape 是激活。异步 start/done 是同一通信的控制边界。
1,/device:TPU:0,XLA Ops,copy-start.1580,copy-start,copy-start,17083.192077,0.007203,"(s32[160,512]{1,0:T(8,128)S(1)}, s32[160,512]{1,0:T(8,128)}, u32[]{:S(2)})","s32[160,512]{1,0:T(8,128)}",,,,{},[],149933,runs/layer-ops-20260923/pcp8/hlo/pid-290362/module_9043.tt_jit_layernorm_L62C0_fused_add_rms_norm_add.cl_972931731.after_codegen.txt,DMA 搬运,启动 DMA 搬运。
1,/device:TPU:0,XLA Ops,copy-start.1813,copy-start,copy-start,17083.206558,0.007203,"(s32[512,2,128]{0,2,1:T(8,128)S(1)}, s32[512,2,128]{0,2,1:T(8,128)}, u32[]{:S(2)})","s32[512,2,128]{0,2,1:T(8,128)}",,,,{},[],149934,runs/layer-ops-20260923/pcp8/hlo/pid-290362/module_9043.tt_jit_layernorm_L62C0_fused_add_rms_norm_add.cl_972931731.after_codegen.txt,DMA 搬运,启动 DMA 搬运。
1,/device:TPU:0,XLA Ops,slice.10891,slice,slice,17083.222164,15.42497,"s32[8,40960]{0,1:T(8,128)}","s32[8,45568]{0,1:T(8,128)S(1)}",,"op_name=""custom_kernel/custom_kernel/jit(moe)/shard_map/slice"" stack_frame_id=1986",/mnt/data/workspace/tpu_benchmark_daily/third_party/torchtpu-vllm/src/vllm_torchtpu/kernels/fused_moe/v2/layer.py:159,{},[],149936,runs/layer-ops-20260923/pcp8/hlo/pid-290362/module_9043.tt_jit_layernorm_L62C0_fused_add_rms_norm_add.cl_972931731.after_codegen.txt,MoE 路由/通信计划,切片：构造或处理 top-k 权重、专家计数、token 排列、量化 scale、远端地址及搬运计划；本行 dtype/shape 和 fused_ops 给出实际运算。
1,/device:TPU:0,XLA Ops,slice.10895,slice,slice,17098.64826,0.145258,"s32[8,4096]{0,1:T(8,128)S(1)}","s32[8,45568]{0,1:T(8,128)S(1)}",,"op_name=""custom_kernel/custom_kernel/jit(moe)/shard_map/slice"" stack_frame_id=2047",/mnt/data/workspace/tpu_benchmark_daily/third_party/torchtpu-vllm/src/vllm_torchtpu/kernels/fused_moe/v2/layer.py:160,{},[],149938,runs/layer-ops-20260923/pcp8/hlo/pid-290362/module_9043.tt_jit_layernorm_L62C0_fused_add_rms_norm_add.cl_972931731.after_codegen.txt,MoE 路由/通信计划,切片：构造或处理 top-k 权重、专家计数、token 排列、量化 scale、远端地址及搬运计划；本行 dtype/shape 和 fused_ops 给出实际运算。
1,/device:TPU:0,XLA Ops,fusion.2748,loop fusion,fusion,17098.800796,1.453782,"(s32[8]{0:T(128)}, s32[512]{0:T(512)S(1)}, s32[8]{0:T(128)}, s32[8,512]{0,1:T(8,128)}, s32[8,512]{0,1:T(8,128)S(1)}, /*index=5*/s32[512,8]{1,0:T(8,128)S(1)})","s32[8,45568]{0,1:T(8,128)S(1)}",,"op_name=""custom_kernel/custom_kernel/jit(moe)/shard_map/reduce_sum"" stack_frame_id=1955",/mnt/data/workspace/tpu_benchmark_daily/third_party/torchtpu-vllm/src/vllm_torchtpu/kernels/fused_moe/v2/host.py:840,"{""slice"": 1, ""broadcast"": 2, ""add"": 1, ""and"": 1, ""reduce"": 3, ""bitcast"": 1, ""tuple"": 1}",[],149940,runs/layer-ops-20260923/pcp8/hlo/pid-290362/module_9043.tt_jit_layernorm_L62C0_fused_add_rms_norm_add.cl_972931731.after_codegen.txt,MoE 路由/通信计划,求和归约：构造或处理 top-k 权重、专家计数、token 排列、量化 scale、远端地址及搬运计划；本行 dtype/shape 和 fused_ops 给出实际运算。
1,/device:TPU:0,XLA Ops,copy-start.1516,copy-start,copy-start,17100.254577,0.002401,"(s32[8,512]{0,1:T(8,128)}, s32[8,512]{0,1:T(8,128)S(1)}, u32[]{:S(2)})","(s32[8]{0:T(128)}, s32[512]{0:T(512)S(1)}, s32[8]{0:T(128)}, s32[8,512]{0,1:T(8,128)}, s32[8,512]{0,1:T(8,128)S(1)}, /*index=5*/s32[512,8]{1,0:T(8,128)S(1)})",,,,{},[],149941,runs/layer-ops-20260923/pcp8/hlo/pid-290362/module_9043.tt_jit_layernorm_L62C0_fused_add_rms_norm_add.cl_972931731.after_codegen.txt,DMA 搬运,启动 DMA 搬运。
1,/device:TPU:0,XLA Ops,copy-start.2718,copy-start,copy-start,17100.258104,0.0,"(s32[512]{0:T(512)}, s32[512]{0:T(512)S(1)}, u32[]{:S(2)})","(s32[8]{0:T(128)}, s32[512]{0:T(512)S(1)}, s32[8]{0:T(128)}, s32[8,512]{0,1:T(8,128)}, s32[8,512]{0,1:T(8,128)S(1)}, /*index=5*/s32[512,8]{1,0:T(8,128)S(1)})",,,,{},[],149942,runs/layer-ops-20260923/pcp8/hlo/pid-290362/module_9043.tt_jit_layernorm_L62C0_fused_add_rms_norm_add.cl_972931731.after_codegen.txt,DMA 搬运,启动 DMA 搬运。
1,/device:TPU:0,XLA Ops,copy.15250,data formatting,copy,17100.258404,0.528211,"s32[8,4,128]{2,0,1:T(8,128)S(1)}","s32[8,4,128]{0,2,1:T(8,128)S(1)}",,"op_name=""custom_kernel/custom_kernel"" stack_frame_id=1315",/mnt/data/workspace/tpu_benchmark_daily/.venv/lib64/python3.12/site-packages/torch_tpu/_internal/pallas/pallas.py:112,{},[],149944,runs/layer-ops-20260923/pcp8/hlo/pid-290362/module_9043.tt_jit_layernorm_L62C0_fused_add_rms_norm_add.cl_972931731.after_codegen.txt,数据复制/布局物化,编译器生成的实际数据复制或物理布局变换；比较 operand_shapes 与 shape 可区分 tiling/维度顺序和 memory space 的变化。
1,/device:TPU:0,XLA Ops,reduce-window.1909,reduce-window,reduce-window,17100.78654,1.140456,"s32[8,4,128]{2,0,1:T(8,128)S(1)}","s32[8,4,128]{2,0,1:T(8,128)S(1)}; s32[]{:T(128)}",,"op_name=""custom_kernel/custom_kernel"" stack_frame_id=1315",/mnt/data/workspace/tpu_benchmark_daily/.venv/lib64/python3.12/site-packages/torch_tpu/_internal/pallas/pallas.py:112,"{""add"": 1}",[],149945,runs/layer-ops-20260923/pcp8/hlo/pid-290362/module_9043.tt_jit_layernorm_L62C0_fused_add_rms_norm_add.cl_972931731.after_codegen.txt,MoE 路由/通信计划,整数前缀和/分块偏移处理：用窗口归约、slice 和 add 生成专家或目标 rank 的行起点及传输表；不是浮点模型计算。
1,/device:TPU:0,XLA Ops,copy.15251,data formatting,copy,17101.926846,0.144058,"s32[8,4,128]{0,2,1:T(8,128)S(1)}","s32[8,4,128]{2,0,1:T(8,128)S(1)}",,"op_name=""custom_kernel/custom_kernel"" stack_frame_id=1315",/mnt/data/workspace/tpu_benchmark_daily/.venv/lib64/python3.12/site-packages/torch_tpu/_internal/pallas/pallas.py:112,{},[],149946,runs/layer-ops-20260923/pcp8/hlo/pid-290362/module_9043.tt_jit_layernorm_L62C0_fused_add_rms_norm_add.cl_972931731.after_codegen.txt,数据复制/布局物化,编译器生成的实际数据复制或物理布局变换；比较 operand_shapes 与 shape 可区分 tiling/维度顺序和 memory space 的变化。
1,/device:TPU:0,XLA Ops,slice_reduce_fusion.58,loop fusion,fusion,17102.078182,0.236495,"s32[8,4]{0,1:T(4,128)S(1)}","s32[8,4,128]{2,0,1:T(8,128)S(1)}",,"op_name=""custom_kernel/custom_kernel"" stack_frame_id=1315",/mnt/data/workspace/tpu_benchmark_daily/.venv/lib64/python3.12/site-packages/torch_tpu/_internal/pallas/pallas.py:112,"{""slice"": 1, ""reduce"": 1}",[],149947,runs/layer-ops-20260923/pcp8/hlo/pid-290362/module_9043.tt_jit_layernorm_L62C0_fused_add_rms_norm_add.cl_972931731.after_codegen.txt,MoE 路由/通信计划,整数前缀和/分块偏移处理：用窗口归约、slice 和 add 生成专家或目标 rank 的行起点及传输表；不是浮点模型计算。
1,/device:TPU:0,XLA Ops,reduce-window.1910,reduce-window,reduce-window,17102.321729,0.031212,"s32[8,5]{0,1:T(8,128)S(1)}","s32[8,4]{0,1:T(4,128)S(1)}; s32[]{:T(128)}",,"op_name=""custom_kernel/custom_kernel"" stack_frame_id=1315",/mnt/data/workspace/tpu_benchmark_daily/.venv/lib64/python3.12/site-packages/torch_tpu/_internal/pallas/pallas.py:112,"{""add"": 1}",[],149948,runs/layer-ops-20260923/pcp8/hlo/pid-290362/module_9043.tt_jit_layernorm_L62C0_fused_add_rms_norm_add.cl_972931731.after_codegen.txt,MoE 路由/通信计划,整数前缀和/分块偏移处理：用窗口归约、slice 和 add 生成专家或目标 rank 的行起点及传输表；不是浮点模型计算。
1,/device:TPU:0,XLA Ops,slice.9297,slice,slice,17102.353017,0.006002,"s32[8,4]{0,1:T(4,128)S(1)}","s32[8,5]{0,1:T(8,128)S(1)}",,"op_name=""custom_kernel/custom_kernel"" stack_frame_id=1315",/mnt/data/workspace/tpu_benchmark_daily/.venv/lib64/python3.12/site-packages/torch_tpu/_internal/pallas/pallas.py:112,{},[],149949,runs/layer-ops-20260923/pcp8/hlo/pid-290362/module_9043.tt_jit_layernorm_L62C0_fused_add_rms_norm_add.cl_972931731.after_codegen.txt,MoE 路由/通信计划,整数前缀和/分块偏移处理：用窗口归约、slice 和 add 生成专家或目标 rank 的行起点及传输表；不是浮点模型计算。
1,/device:TPU:0,XLA Ops,broadcast.97514,broadcast,broadcast,17102.359169,0.006002,"s32[8,4,2]{0,2,1:T(2,128)S(1)}","s32[8,4]{0,1:T(4,128)S(1)}",,"op_name=""custom_kernel/custom_kernel"" stack_frame_id=1315",/mnt/data/workspace/tpu_benchmark_daily/.venv/lib64/python3.12/site-packages/torch_tpu/_internal/pallas/pallas.py:112,{},[],149950,runs/layer-ops-20260923/pcp8/hlo/pid-290362/module_9043.tt_jit_layernorm_L62C0_fused_add_rms_norm_add.cl_972931731.after_codegen.txt,MoE 路由/通信计划,整数前缀和/分块偏移处理：用窗口归约、slice 和 add 生成专家或目标 rank 的行起点及传输表；不是浮点模型计算。
1,/device:TPU:0,XLA Ops,add_subtract_fusion.58,loop fusion,fusion,17102.365021,0.061224,"s32[8,8,64]{0,2,1:T(8,128)S(1)}","s32[8,8,64]{0,2,1:T(8,128)S(1)}; s32[8,8,64]{0,2,1:T(8,128)S(1)}; s32[8,8]{0,1:T(8,128)S(1)}",,"op_name=""custom_kernel/custom_kernel/jit(moe)/shard_map/sub"" stack_frame_id=1881",/mnt/data/workspace/tpu_benchmark_daily/third_party/torchtpu-vllm/src/vllm_torchtpu/kernels/fused_moe/v2/host.py:838,"{""broadcast"": 1, ""add"": 1, ""subtract"": 1}",[],149954,runs/layer-ops-20260923/pcp8/hlo/pid-290362/module_9043.tt_jit_layernorm_L62C0_fused_add_rms_norm_add.cl_972931731.after_codegen.txt,MoE 路由/通信计划,减法：构造或处理 top-k 权重、专家计数、token 排列、量化 scale、远端地址及搬运计划；本行 dtype/shape 和 fused_ops 给出实际运算。
1,/device:TPU:0,XLA Ops,copy-start.1873,copy-start,copy-start,17102.434574,0.008403,"(s32[8,8,64]{0,2,1:T(8,128)}, s32[8,8,64]{0,2,1:T(8,128)S(1)}, u32[]{:S(2)})","s32[8,8,64]{0,2,1:T(8,128)S(1)}",,,,{},[],149955,runs/layer-ops-20260923/pcp8/hlo/pid-290362/module_9043.tt_jit_layernorm_L62C0_fused_add_rms_norm_add.cl_972931731.after_codegen.txt,DMA 搬运,启动 DMA 搬运。
1,/device:TPU:0,XLA Ops,dynamic-slice_reduce_fusion.58,loop fusion,fusion,17102.45033,0.351741,"s32[8,64]{1,0:T(8,128)S(1)}","s32[8,8,64]{0,2,1:T(8,128)S(1)}; s32[]{:T(128)S(6)}",,"op_name=""custom_kernel/custom_kernel/jit(moe)/shard_map/dynamic_slice"" stack_frame_id=1883",/mnt/data/workspace/tpu_benchmark_daily/third_party/torchtpu-vllm/src/vllm_torchtpu/kernels/fused_moe/v2/host.py:845,"{""dynamic-slice"": 1, ""reduce"": 1}",[],149956,runs/layer-ops-20260923/pcp8/hlo/pid-290362/module_9043.tt_jit_layernorm_L62C0_fused_add_rms_norm_add.cl_972931731.after_codegen.txt,MoE 路由/通信计划,动态切片：构造或处理 top-k 权重、专家计数、token 排列、量化 scale、远端地址及搬运计划；本行 dtype/shape 和 fused_ops 给出实际运算。
1,/device:TPU:0,XLA Ops,broadcast_in_dim_reshape.373,data formatting,reshape,17102.808074,0.076831,s32[512]{0:T(512)S(1)},"s32[8,64]{1,0:T(8,128)S(1)}",,"op_name=""custom_kernel/custom_kernel/jit(moe)/shard_map/add;jit(moe)/shard_map/broadcast_in_dim;reshape"" stack_frame_id=1315",/mnt/data/workspace/tpu_benchmark_daily/.venv/lib64/python3.12/site-packages/torch_tpu/_internal/pallas/pallas.py:112,{},[],149957,runs/layer-ops-20260923/pcp8/hlo/pid-290362/module_9043.tt_jit_layernorm_L62C0_fused_add_rms_norm_add.cl_972931731.after_codegen.txt,数据复制/布局物化,编译器生成的实际数据复制或物理布局变换；比较 operand_shapes 与 shape 可区分 tiling/维度顺序和 memory space 的变化。
1,/device:TPU:0,XLA Ops,reduce-window.1911,reduce-window,reduce-window,17102.884829,0.954382,"s32[512,8]{1,0:T(8,128)S(1)}","(s32[8]{0:T(128)}, s32[512]{0:T(512)S(1)}, s32[8]{0:T(128)}, s32[8,512]{0,1:T(8,128)}, s32[8,512]{0,1:T(8,128)S(1)}, /*index=5*/s32[512,8]{1,0:T(8,128)S(1)}); s32[]{:T(128)}",,"op_name=""custom_kernel/custom_kernel/jit(moe)/shard_map/jit(cumsum)/call.3/reduce_window_sum"" stack_frame_id=1895",/mnt/data/workspace/tpu_benchmark_daily/third_party/torchtpu-vllm/src/vllm_torchtpu/kernels/fused_moe/v2/host.py:829,"{""add"": 1}",[],149958,runs/layer-ops-20260923/pcp8/hlo/pid-290362/module_9043.tt_jit_layernorm_L62C0_fused_add_rms_norm_add.cl_972931731.after_codegen.txt,MoE 路由/通信计划,整数前缀和/分块偏移处理：用窗口归约、slice 和 add 生成专家或目标 rank 的行起点及传输表；不是浮点模型计算。
1,/device:TPU:0,XLA Ops,fusion.3221,loop fusion,fusion,17103.847614,1.396158,"(s32[8]{0:T(128)}, s32[512,8]{1,0:T(8,128)}, s32[512,8]{1,0:T(8,128)S(1)})","s32[512,8]{1,0:T(8,128)S(1)}; s32[8,45568]{0,1:T(8,128)S(1)}",,"op_name=""custom_kernel/custom_kernel/jit(moe)/shard_map/reduce_sum"" stack_frame_id=1977",/mnt/data/workspace/tpu_benchmark_daily/third_party/torchtpu-vllm/src/vllm_torchtpu/kernels/fused_moe/v2/host.py:1144,"{""slice"": 1, ""broadcast"": 6, ""add"": 4, ""and"": 1, ""bitcast"": 1, ""compare"": 1, ""subtract"": 2, ""maximum"": 1, ""shift-right-arithmetic"": 2, ""select"": 1, ""reduce"": 1, ""tuple"": 1}",[],149960,runs/layer-ops-20260923/pcp8/hlo/pid-290362/module_9043.tt_jit_layernorm_L62C0_fused_add_rms_norm_add.cl_972931731.after_codegen.txt,MoE 路由/通信计划,求和归约：构造或处理 top-k 权重、专家计数、token 排列、量化 scale、远端地址及搬运计划；本行 dtype/shape 和 fused_ops 给出实际运算。
1,/device:TPU:0,XLA Ops,and_reduce_fusion.62,loop fusion,fusion,17105.243773,0.446579,s32[512]{0:T(512)S(1)},"(s32[8]{0:T(128)}, s32[512,8]{1,0:T(8,128)}, s32[512,8]{1,0:T(8,128)S(1)}); s32[]{:T(128)S(6)}",,"op_name=""custom_kernel/custom_kernel/jit(moe)/shard_map/and"" stack_frame_id=2059",/mnt/data/workspace/tpu_benchmark_daily/third_party/torchtpu-vllm/src/vllm_torchtpu/kernels/fused_moe/v2/host.py:864,"{""dynamic-slice"": 1, ""broadcast"": 1, ""and"": 1, ""reduce"": 1}",[],149961,runs/layer-ops-20260923/pcp8/hlo/pid-290362/module_9043.tt_jit_layernorm_L62C0_fused_add_rms_norm_add.cl_972931731.after_codegen.txt,MoE 路由/通信计划,逻辑与：构造或处理 top-k 权重、专家计数、token 排列、量化 scale、远端地址及搬运计划；本行 dtype/shape 和 fused_ops 给出实际运算。
1,/device:TPU:0,XLA Ops,multiply_add_fusion.301,loop fusion,fusion,17105.69868,0.007203,s32[512]{0:T(512)S(1)},s32[512]{0:T(512)S(1)}; s32[512]{0:T(512)S(1)},,"op_name=""custom_kernel/custom_kernel/jit(moe)/shard_map/add"" stack_frame_id=2057",/mnt/data/workspace/tpu_benchmark_daily/third_party/torchtpu-vllm/src/vllm_torchtpu/kernels/fused_moe/v2/host.py:862,"{""broadcast"": 3, ""shift-right-arithmetic"": 1, ""iota"": 1, ""multiply"": 2, ""add"": 2}",[],149962,runs/layer-ops-20260923/pcp8/hlo/pid-290362/module_9043.tt_jit_layernorm_L62C0_fused_add_rms_norm_add.cl_972931731.after_codegen.txt,MoE 路由/通信计划,加法：构造或处理 top-k 权重、专家计数、token 排列、量化 scale、远端地址及搬运计划；本行 dtype/shape 和 fused_ops 给出实际运算。
1,/device:TPU:0,XLA Ops,copy-done.1873,copy-done,copy-done,17105.711885,0.002401,"s32[8,8,64]{0,2,1:T(8,128)}","(s32[8,8,64]{0,2,1:T(8,128)}, s32[8,8,64]{0,2,1:T(8,128)S(1)}, u32[]{:S(2)})",,,,{},[],149963,runs/layer-ops-20260923/pcp8/hlo/pid-290362/module_9043.tt_jit_layernorm_L62C0_fused_add_rms_norm_add.cl_972931731.after_codegen.txt,DMA 搬运,等待对应 DMA 完成；与 copy-start 是同一次搬运的两端，不能重复计算搬运量。
1,/device:TPU:0,XLA Ops,copy-done.1580,copy-done,copy-done,17105.721564,0.002401,"s32[160,512]{1,0:T(8,128)S(1)}","(s32[160,512]{1,0:T(8,128)S(1)}, s32[160,512]{1,0:T(8,128)}, u32[]{:S(2)})",,,,{},[],149964,runs/layer-ops-20260923/pcp8/hlo/pid-290362/module_9043.tt_jit_layernorm_L62C0_fused_add_rms_norm_add.cl_972931731.after_codegen.txt,DMA 搬运,等待对应 DMA 完成；与 copy-start 是同一次搬运的两端，不能重复计算搬运量。
1,/device:TPU:0,XLA Ops,copy-done.1813,copy-done,copy-done,17105.732368,0.002401,"s32[512,2,128]{0,2,1:T(8,128)S(1)}","(s32[512,2,128]{0,2,1:T(8,128)S(1)}, s32[512,2,128]{0,2,1:T(8,128)}, u32[]{:S(2)})",,,,{},[],149965,runs/layer-ops-20260923/pcp8/hlo/pid-290362/module_9043.tt_jit_layernorm_L62C0_fused_add_rms_norm_add.cl_972931731.after_codegen.txt,DMA 搬运,等待对应 DMA 完成；与 copy-start 是同一次搬运的两端，不能重复计算搬运量。
1,/device:TPU:0,XLA Ops,broadcast_add_fusion.297,loop fusion,fusion,17105.741897,0.110444,"(s32[160,512]{1,0:T(8,128)S(1)}, s32[160,512]{1,0:T(8,128)S(1)})","s32[512]{0:T(512)S(1)}; s32[160,512]{1,0:T(8,128)S(1)}; s32[256,512]{1,0:T(8,128)S(1)}; s32[512]{0:T(512)S(1)}",,"op_name=""custom_kernel/custom_kernel/jit(moe)/shard_map/add"" stack_frame_id=1884",/mnt/data/workspace/tpu_benchmark_daily/third_party/torchtpu-vllm/src/vllm_torchtpu/kernels/fused_moe/v2/host.py:847,"{""slice"": 1, ""subtract"": 1, ""broadcast"": 2, ""add"": 2, ""tuple"": 1}",[],149967,runs/layer-ops-20260923/pcp8/hlo/pid-290362/module_9043.tt_jit_layernorm_L62C0_fused_add_rms_norm_add.cl_972931731.after_codegen.txt,MoE 路由/通信计划,加法：构造或处理 top-k 权重、专家计数、token 排列、量化 scale、远端地址及搬运计划；本行 dtype/shape 和 fused_ops 给出实际运算。
1,/device:TPU:0,XLA Ops,select_reduce_fusion.116,loop fusion,fusion,17105.859619,32.396158,"(s32[160,256]{1,0:T(8,128)S(1)}, s32[160,256]{1,0:T(8,128)S(1)})","(s32[160,512]{1,0:T(8,128)S(1)}, s32[160,512]{1,0:T(8,128)S(1)}); s32[160,256]{1,0:T(8,128)S(1)}; (s32[160,512]{1,0:T(8,128)S(1)}, s32[160,512]{1,0:T(8,128)S(1)})",,"op_name=""custom_kernel/custom_kernel/jit(moe)/shard_map/reduce_sum"" stack_frame_id=2063",/mnt/data/workspace/tpu_benchmark_daily/third_party/torchtpu-vllm/src/vllm_torchtpu/kernels/fused_moe/v2/host.py:440,"{""broadcast"": 4, ""iota"": 1, ""compare"": 1, ""select"": 2, ""reduce"": 2, ""tuple"": 1}",[],149968,runs/layer-ops-20260923/pcp8/hlo/pid-290362/module_9043.tt_jit_layernorm_L62C0_fused_add_rms_norm_add.cl_972931731.after_codegen.txt,MoE 路由/通信计划,求和归约：构造或处理 top-k 权重、专家计数、token 排列、量化 scale、远端地址及搬运计划；本行 dtype/shape 和 fused_ops 给出实际运算。
1,/device:TPU:0,XLA Ops,broadcast_and_fusion.58,loop fusion,fusion,17138.264181,0.282113,"(s32[160,256]{1,0:T(8,128)S(1)}, s32[160,256]{1,0:T(8,128)S(1)}, s32[20,2,8,128]{3,2,1,0:T(8,128)S(1)})","(s32[160,256]{1,0:T(8,128)S(1)}, s32[160,256]{1,0:T(8,128)S(1)}); s32[160,256]{1,0:T(8,128)S(1)}; (s32[160,256]{1,0:T(8,128)S(1)}, s32[160,256]{1,0:T(8,128)S(1)})",,"op_name=""custom_kernel/custom_kernel/jit(moe)/shard_map/and"" stack_frame_id=2067",/mnt/data/workspace/tpu_benchmark_daily/third_party/torchtpu-vllm/src/vllm_torchtpu/kernels/fused_moe/v2/layer.py:94,"{""add"": 2, ""broadcast"": 4, ""minimum"": 2, ""and"": 1, ""shift-right-arithmetic"": 1, ""bitcast"": 1, ""tuple"": 1}",[],149969,runs/layer-ops-20260923/pcp8/hlo/pid-290362/module_9043.tt_jit_layernorm_L62C0_fused_add_rms_norm_add.cl_972931731.after_codegen.txt,MoE 路由/通信计划,逻辑与：构造或处理 top-k 权重、专家计数、token 排列、量化 scale、远端地址及搬运计划；本行 dtype/shape 和 fused_ops 给出实际运算。
1,/device:TPU:0,XLA Ops,copy-done.1516,copy-done,copy-done,17138.553647,0.002401,"s32[8,512]{0,1:T(8,128)}","(s32[8,512]{0,1:T(8,128)}, s32[8,512]{0,1:T(8,128)S(1)}, u32[]{:S(2)})",,,,{},[],149970,runs/layer-ops-20260923/pcp8/hlo/pid-290362/module_9043.tt_jit_layernorm_L62C0_fused_add_rms_norm_add.cl_972931731.after_codegen.txt,DMA 搬运,等待对应 DMA 完成；与 copy-start 是同一次搬运的两端，不能重复计算搬运量。
1,/device:TPU:0,XLA Ops,reshape.22944,data formatting,reshape,17138.564301,2.464586,"s32[4096,10,1]{1,0,2:T(8,128)S(1)}","(s32[160,256]{1,0:T(8,128)S(1)}, s32[160,256]{1,0:T(8,128)S(1)}, s32[20,2,8,128]{3,2,1,0:T(8,128)S(1)})",,"op_name=""custom_kernel/custom_kernel/jit(moe)/shard_map/shift_right_arithmetic"" stack_frame_id=2065",/mnt/data/workspace/tpu_benchmark_daily/third_party/torchtpu-vllm/src/vllm_torchtpu/kernels/fused_moe/v2/layer.py:93,{},[],149971,runs/layer-ops-20260923/pcp8/hlo/pid-290362/module_9043.tt_jit_layernorm_L62C0_fused_add_rms_norm_add.cl_972931731.after_codegen.txt,数据复制/布局物化,编译器生成的实际数据复制或物理布局变换；比较 operand_shapes 与 shape 可区分 tiling/维度顺序和 memory space 的变化。
1,/device:TPU:0,XLA Ops,reshape.22945,data formatting,reshape,17141.03729,2.454982,"s32[4096,10,1]{1,0,2:T(8,128)S(1)}","(s32[160,256]{1,0:T(8,128)S(1)}, s32[160,256]{1,0:T(8,128)S(1)}, s32[20,2,8,128]{3,2,1,0:T(8,128)S(1)})",,"op_name=""custom_kernel/custom_kernel/jit(moe)/shard_map/and"" stack_frame_id=2067",/mnt/data/workspace/tpu_benchmark_daily/third_party/torchtpu-vllm/src/vllm_torchtpu/kernels/fused_moe/v2/layer.py:94,{},[],149972,runs/layer-ops-20260923/pcp8/hlo/pid-290362/module_9043.tt_jit_layernorm_L62C0_fused_add_rms_norm_add.cl_972931731.after_codegen.txt,数据复制/布局物化,编译器生成的实际数据复制或物理布局变换；比较 operand_shapes 与 shape 可区分 tiling/维度顺序和 memory space 的变化。
1,/device:TPU:0,XLA Ops,copy-start.997,copy-start,copy-start,17143.499625,0.007203,"(s32[64]{0:T(128)S(1)}, s32[64]{0:T(128)}, u32[]{:S(2)})",s32[64]{0:T(128)},,,,{},[],149973,runs/layer-ops-20260923/pcp8/hlo/pid-290362/module_9043.tt_jit_layernorm_L62C0_fused_add_rms_norm_add.cl_972931731.after_codegen.txt,DMA 搬运,启动 DMA 搬运。
1,/device:TPU:0,XLA Ops,fusion.855,loop fusion,fusion,17143.515006,1.121248,"s32[4096,10,1]{1,0,2:T(8,128)S(1)}","s32[4096,10,1]{1,0,2:T(8,128)S(1)}; s32[4096,10,1]{1,0,2:T(8,128)S(1)}",,"op_name=""custom_kernel/custom_kernel/jit(moe)/shard_map/concatenate"" stack_frame_id=2066",/mnt/data/workspace/tpu_benchmark_daily/third_party/torchtpu-vllm/src/vllm_torchtpu/kernels/fused_moe/v2/layer.py:93,"{""broadcast"": 6, ""compare"": 2, ""add"": 2, ""select"": 2, ""clamp"": 2, ""shift-left"": 2, ""or"": 1}",[],149974,runs/layer-ops-20260923/pcp8/hlo/pid-290362/module_9043.tt_jit_layernorm_L62C0_fused_add_rms_norm_add.cl_972931731.after_codegen.txt,MoE 路由/通信计划,拼接：构造或处理 top-k 权重、专家计数、token 排列、量化 scale、远端地址及搬运计划；本行 dtype/shape 和 fused_ops 给出实际运算。
1,/device:TPU:0,XLA Ops,reshape.27144,data formatting,reshape,17144.644658,2.408163,s32[40960]{0:T(1024)},"s32[4096,10,1]{1,0,2:T(8,128)S(1)}",,"op_name=""custom_kernel/custom_kernel/jit(moe)/shard_map/concatenate"" stack_frame_id=2066",/mnt/data/workspace/tpu_benchmark_daily/third_party/torchtpu-vllm/src/vllm_torchtpu/kernels/fused_moe/v2/layer.py:93,{},[],149975,runs/layer-ops-20260923/pcp8/hlo/pid-290362/module_9043.tt_jit_layernorm_L62C0_fused_add_rms_norm_add.cl_972931731.after_codegen.txt,数据复制/布局物化,编译器生成的实际数据复制或物理布局变换；比较 operand_shapes 与 shape 可区分 tiling/维度顺序和 memory space 的变化。
1,/device:TPU:0,XLA Ops,copy-start.817,copy-start,copy-start,17147.052972,0.0012,"(s32[512]{0:T(512)S(1)}, s32[512]{0:T(512)}, u32[]{:S(2)})",s32[512]{0:T(512)},,,,{},[],149976,runs/layer-ops-20260923/pcp8/hlo/pid-290362/module_9043.tt_jit_layernorm_L62C0_fused_add_rms_norm_add.cl_972931731.after_codegen.txt,DMA 搬运,启动 DMA 搬运。
1,/device:TPU:0,XLA Ops,copy-start.1180,copy-start,copy-start,17147.055222,0.0012,"(pred[8,8]{1,0:T(8,128)(4,1)S(1)}, pred[8,8]{1,0:T(8,128)(4,1)}, u32[]{:S(2)})","pred[8,8]{1,0:T(8,128)(4,1)}",,,,{},[],149977,runs/layer-ops-20260923/pcp8/hlo/pid-290362/module_9043.tt_jit_layernorm_L62C0_fused_add_rms_norm_add.cl_972931731.after_codegen.txt,DMA 搬运,启动 DMA 搬运。
1,/device:TPU:0,XLA Ops,copy.15255,data formatting,copy,17147.056498,11.918367,"s32[8,40960]{1,0:T(8,128)S(1)}","s32[8,40960]{0,1:T(8,128)}",,"op_name=""custom_kernel/custom_kernel/jit(moe)/shard_map/slice"" stack_frame_id=1986",/mnt/data/workspace/tpu_benchmark_daily/third_party/torchtpu-vllm/src/vllm_torchtpu/kernels/fused_moe/v2/layer.py:159,{},[],149978,runs/layer-ops-20260923/pcp8/hlo/pid-290362/module_9043.tt_jit_layernorm_L62C0_fused_add_rms_norm_add.cl_972931731.after_codegen.txt,数据复制/布局物化,编译器生成的实际数据复制或物理布局变换；比较 operand_shapes 与 shape 可区分 tiling/维度顺序和 memory space 的变化。
1,/device:TPU:0,XLA Ops,copy-start.248,copy-start,copy-start,17158.983269,0.007203,"(pred[8,32,32]{2,1,0:T(8,128)(4,1)S(1)}, pred[8,32,32]{2,1,0:T(8,128)(4,1)}, u32[]{:S(2)})","pred[8,32,32]{2,1,0:T(8,128)(4,1)}",,,,{},[],149979,runs/layer-ops-20260923/pcp8/hlo/pid-290362/module_9043.tt_jit_layernorm_L62C0_fused_add_rms_norm_add.cl_972931731.after_codegen.txt,DMA 搬运,启动 DMA 搬运。
1,/device:TPU:0,XLA Ops,reshape.22932,data formatting,reshape,17158.997824,1.743097,"s32[1280,8,32]{2,1,0:T(8,128)S(1)}","s32[8,40960]{1,0:T(8,128)S(1)}",,"op_name=""custom_kernel/custom_kernel/jit(moe)/shard_map/eq"" stack_frame_id=1992",/mnt/data/workspace/tpu_benchmark_daily/third_party/torchtpu-vllm/src/vllm_torchtpu/kernels/fused_moe/v2/host.py:742,{},[],149980,runs/layer-ops-20260923/pcp8/hlo/pid-290362/module_9043.tt_jit_layernorm_L62C0_fused_add_rms_norm_add.cl_972931731.after_codegen.txt,数据复制/布局物化,编译器生成的实际数据复制或物理布局变换；比较 operand_shapes 与 shape 可区分 tiling/维度顺序和 memory space 的变化。
1,/device:TPU:0,XLA Ops,copy.15256,data formatting,copy,17160.750376,2.355342,"s32[1280,8,32]{0,2,1:T(8,128)S(1)}","s32[1280,8,32]{2,1,0:T(8,128)S(1)}",,"op_name=""custom_kernel/custom_kernel/jit(moe)/shard_map/eq"" stack_frame_id=1992",/mnt/data/workspace/tpu_benchmark_daily/third_party/torchtpu-vllm/src/vllm_torchtpu/kernels/fused_moe/v2/host.py:742,{},[],149981,runs/layer-ops-20260923/pcp8/hlo/pid-290362/module_9043.tt_jit_layernorm_L62C0_fused_add_rms_norm_add.cl_972931731.after_codegen.txt,数据复制/布局物化,编译器生成的实际数据复制或物理布局变换；比较 operand_shapes 与 shape 可区分 tiling/维度顺序和 memory space 的变化。
1,/device:TPU:0,XLA Ops,copy-done.997,copy-done,copy-done,17163.114046,0.0012,s32[64]{0:T(128)S(1)},"(s32[64]{0:T(128)S(1)}, s32[64]{0:T(128)}, u32[]{:S(2)})",,,,{},[],149982,runs/layer-ops-20260923/pcp8/hlo/pid-290362/module_9043.tt_jit_layernorm_L62C0_fused_add_rms_norm_add.cl_972931731.after_codegen.txt,DMA 搬运,等待对应 DMA 完成；与 copy-start 是同一次搬运的两端，不能重复计算搬运量。
1,/device:TPU:0,XLA Ops,convert_reduce_fusion.233,loop fusion,fusion,17163.122599,14.801921,"(s32[1280,64]{0,1:T(8,128)S(1)}, s32[1280,8,64]{0,2,1:T(8,128)S(1)})","s32[1280,8,32]{0,2,1:T(8,128)S(1)}; s32[64]{0:T(128)S(1)}",,"op_name=""custom_kernel/custom_kernel/jit(moe)/shard_map/reduce_sum"" stack_frame_id=1998",/mnt/data/workspace/tpu_benchmark_daily/third_party/torchtpu-vllm/src/vllm_torchtpu/kernels/fused_moe/v2/host.py:709,"{""broadcast"": 2, ""compare"": 1, ""convert"": 1, ""reduce"": 2, ""tuple"": 1}",[],149983,runs/layer-ops-20260923/pcp8/hlo/pid-290362/module_9043.tt_jit_layernorm_L62C0_fused_add_rms_norm_add.cl_972931731.after_codegen.txt,MoE 路由/通信计划,求和归约：构造或处理 top-k 权重、专家计数、token 排列、量化 scale、远端地址及搬运计划；本行 dtype/shape 和 fused_ops 给出实际运算。
1,/device:TPU:0,XLA Ops,reshape.22933,data formatting,reshape,17177.931723,0.326531,"s32[8,160,64]{1,0,2:T(8,128)S(1)}","(s32[1280,64]{0,1:T(8,128)S(1)}, s32[1280,8,64]{0,2,1:T(8,128)S(1)})",,"op_name=""custom_kernel/custom_kernel/jit(moe)/shard_map/reshape"" stack_frame_id=1999",/mnt/data/workspace/tpu_benchmark_daily/third_party/torchtpu-vllm/src/vllm_torchtpu/kernels/fused_moe/v2/host.py:873,{},[],149984,runs/layer-ops-20260923/pcp8/hlo/pid-290362/module_9043.tt_jit_layernorm_L62C0_fused_add_rms_norm_add.cl_972931731.after_codegen.txt,数据复制/布局物化,编译器生成的实际数据复制或物理布局变换；比较 operand_shapes 与 shape 可区分 tiling/维度顺序和 memory space 的变化。
1,/device:TPU:0,XLA Ops,pad.1509,pad,pad,17178.266507,0.068427,"s32[8,64,256]{2,0,1:T(8,128)S(1)}","s32[8,64,160]{2,0,1:T(8,128)S(1)}; s32[]{:T(128)}",,"op_name=""custom_kernel/custom_kernel"" stack_frame_id=1315",/mnt/data/workspace/tpu_benchmark_daily/.venv/lib64/python3.12/site-packages/torch_tpu/_internal/pallas/pallas.py:112,{},[],149986,runs/layer-ops-20260923/pcp8/hlo/pid-290362/module_9043.tt_jit_layernorm_L62C0_fused_add_rms_norm_add.cl_972931731.after_codegen.txt,MoE 路由/通信计划,整数前缀和/分块偏移处理：用窗口归约、slice 和 add 生成专家或目标 rank 的行起点及传输表；不是浮点模型计算。
1,/device:TPU:0,XLA Ops,reshape.29708,data formatting,reshape,17178.342212,0.302521,"s32[8,64,2,128]{3,2,0,1:T(2,128)S(1)}","s32[8,64,256]{2,0,1:T(8,128)S(1)}",,"op_name=""custom_kernel/custom_kernel"" stack_frame_id=1315",/mnt/data/workspace/tpu_benchmark_daily/.venv/lib64/python3.12/site-packages/torch_tpu/_internal/pallas/pallas.py:112,{},[],149987,runs/layer-ops-20260923/pcp8/hlo/pid-290362/module_9043.tt_jit_layernorm_L62C0_fused_add_rms_norm_add.cl_972931731.after_codegen.txt,数据复制/布局物化,编译器生成的实际数据复制或物理布局变换；比较 operand_shapes 与 shape 可区分 tiling/维度顺序和 memory space 的变化。
1,/device:TPU:0,XLA Ops,copy.15258,data formatting,copy,17178.651936,0.201681,"s32[8,64,2,128]{3,1,2,0:T(8,128)S(1)}","s32[8,64,2,128]{3,2,0,1:T(2,128)S(1)}",,"op_name=""custom_kernel/custom_kernel"" stack_frame_id=1315",/mnt/data/workspace/tpu_benchmark_daily/.venv/lib64/python3.12/site-packages/torch_tpu/_internal/pallas/pallas.py:112,{},[],149988,runs/layer-ops-20260923/pcp8/hlo/pid-290362/module_9043.tt_jit_layernorm_L62C0_fused_add_rms_norm_add.cl_972931731.after_codegen.txt,数据复制/布局物化,编译器生成的实际数据复制或物理布局变换；比较 operand_shapes 与 shape 可区分 tiling/维度顺序和 memory space 的变化。
1,/device:TPU:0,XLA Ops,reduce-window.1915,reduce-window,reduce-window,17178.861945,4.769508,"s32[8,64,2,128]{3,1,2,0:T(8,128)S(1)}","s32[8,64,2,128]{3,1,2,0:T(8,128)S(1)}; s32[]{:T(128)}",,"op_name=""custom_kernel/custom_kernel"" stack_frame_id=1315",/mnt/data/workspace/tpu_benchmark_daily/.venv/lib64/python3.12/site-packages/torch_tpu/_internal/pallas/pallas.py:112,"{""add"": 1}",[],149989,runs/layer-ops-20260923/pcp8/hlo/pid-290362/module_9043.tt_jit_layernorm_L62C0_fused_add_rms_norm_add.cl_972931731.after_codegen.txt,MoE 路由/通信计划,整数前缀和/分块偏移处理：用窗口归约、slice 和 add 生成专家或目标 rank 的行起点及传输表；不是浮点模型计算。
1,/device:TPU:0,XLA Ops,slice.10892,slice,slice,17183.631678,0.219688,"s32[8,64,2,1]{3,1,2,0:T(8,128)S(1)}","s32[8,64,2,128]{3,1,2,0:T(8,128)S(1)}",,"op_name=""custom_kernel/custom_kernel"" stack_frame_id=1315",/mnt/data/workspace/tpu_benchmark_daily/.venv/lib64/python3.12/site-packages/torch_tpu/_internal/pallas/pallas.py:112,{},[],149990,runs/layer-ops-20260923/pcp8/hlo/pid-290362/module_9043.tt_jit_layernorm_L62C0_fused_add_rms_norm_add.cl_972931731.after_codegen.txt,MoE 路由/通信计划,整数前缀和/分块偏移处理：用窗口归约、slice 和 add 生成专家或目标 rank 的行起点及传输表；不是浮点模型计算。
1,/device:TPU:0,XLA Ops,copy.15259,data formatting,copy,17183.859694,0.235294,"s32[8,64,2,1]{1,0,3,2:T(8,128)S(1)}","s32[8,64,2,1]{3,1,2,0:T(8,128)S(1)}",,"op_name=""custom_kernel/custom_kernel"" stack_frame_id=1315",/mnt/data/workspace/tpu_benchmark_daily/.venv/lib64/python3.12/site-packages/torch_tpu/_internal/pallas/pallas.py:112,{},[],149991,runs/layer-ops-20260923/pcp8/hlo/pid-290362/module_9043.tt_jit_layernorm_L62C0_fused_add_rms_norm_add.cl_972931731.after_codegen.txt,数据复制/布局物化,编译器生成的实际数据复制或物理布局变换；比较 operand_shapes 与 shape 可区分 tiling/维度顺序和 memory space 的变化。
1,/device:TPU:0,XLA Ops,fusion.2399,output fusion,fusion,17184.096039,0.054022,"s32[8,64,3]{1,0,2:T(8,128)S(1)}","s32[8,64,2,1]{1,0,3,2:T(8,128)S(1)}",,"op_name=""custom_kernel/custom_kernel"" stack_frame_id=1315",/mnt/data/workspace/tpu_benchmark_daily/.venv/lib64/python3.12/site-packages/torch_tpu/_internal/pallas/pallas.py:112,"{""fusion"": 1, ""reduce-window"": 1}",[],149992,runs/layer-ops-20260923/pcp8/hlo/pid-290362/module_9043.tt_jit_layernorm_L62C0_fused_add_rms_norm_add.cl_972931731.after_codegen.txt,MoE 路由/通信计划,整数前缀和/分块偏移处理：用窗口归约、slice 和 add 生成专家或目标 rank 的行起点及传输表；不是浮点模型计算。
1,/device:TPU:0,XLA Ops,slice.10893,slice,slice,17184.157338,0.002401,"s32[8,64,2]{1,0,2:T(8,128)S(1)}","s32[8,64,3]{1,0,2:T(8,128)S(1)}",,"op_name=""custom_kernel/custom_kernel"" stack_frame_id=1315",/mnt/data/workspace/tpu_benchmark_daily/.venv/lib64/python3.12/site-packages/torch_tpu/_internal/pallas/pallas.py:112,{},[],149993,runs/layer-ops-20260923/pcp8/hlo/pid-290362/module_9043.tt_jit_layernorm_L62C0_fused_add_rms_norm_add.cl_972931731.after_codegen.txt,MoE 路由/通信计划,整数前缀和/分块偏移处理：用窗口归约、slice 和 add 生成专家或目标 rank 的行起点及传输表；不是浮点模型计算。
1,/device:TPU:0,XLA Ops,copy.15260,data formatting,copy,17184.168143,0.006002,"s32[8,64,2]{1,2,0:T(2,128)S(1)}","s32[8,64,2]{1,0,2:T(8,128)S(1)}",,"op_name=""custom_kernel/custom_kernel"" stack_frame_id=1315",/mnt/data/workspace/tpu_benchmark_daily/.venv/lib64/python3.12/site-packages/torch_tpu/_internal/pallas/pallas.py:112,{},[],149994,runs/layer-ops-20260923/pcp8/hlo/pid-290362/module_9043.tt_jit_layernorm_L62C0_fused_add_rms_norm_add.cl_972931731.after_codegen.txt,数据复制/布局物化,编译器生成的实际数据复制或物理布局变换；比较 operand_shapes 与 shape 可区分 tiling/维度顺序和 memory space 的变化。
1,/device:TPU:0,XLA Ops,broadcast_add_fusion.176,loop fusion,fusion,17184.183674,0.228091,"s32[8,64,2,128]{3,1,2,0:T(8,128)S(1)}","s32[8,64,2,128]{3,1,2,0:T(8,128)S(1)}; s32[8,64,2]{1,2,0:T(2,128)S(1)}",,"op_name=""custom_kernel/custom_kernel/reduce_window_sum"" stack_frame_id=1315",/mnt/data/workspace/tpu_benchmark_daily/.venv/lib64/python3.12/site-packages/torch_tpu/_internal/pallas/pallas.py:112,"{""broadcast"": 1, ""add"": 1}",[],149995,runs/layer-ops-20260923/pcp8/hlo/pid-290362/module_9043.tt_jit_layernorm_L62C0_fused_add_rms_norm_add.cl_972931731.after_codegen.txt,MoE 路由/通信计划,整数前缀和/分块偏移处理：用窗口归约、slice 和 add 生成专家或目标 rank 的行起点及传输表；不是浮点模型计算。
1,/device:TPU:0,XLA Ops,copy.17138,data formatting,copy,17184.418968,0.436975,"s32[8,64,2,128]{3,2,0,1:T(2,128)S(1)}","s32[8,64,2,128]{3,1,2,0:T(8,128)S(1)}",,"op_name=""custom_kernel/custom_kernel/reduce_window_sum"" stack_frame_id=1315",/mnt/data/workspace/tpu_benchmark_daily/.venv/lib64/python3.12/site-packages/torch_tpu/_internal/pallas/pallas.py:112,{},[],149996,runs/layer-ops-20260923/pcp8/hlo/pid-290362/module_9043.tt_jit_layernorm_L62C0_fused_add_rms_norm_add.cl_972931731.after_codegen.txt,数据复制/布局物化,编译器生成的实际数据复制或物理布局变换；比较 operand_shapes 与 shape 可区分 tiling/维度顺序和 memory space 的变化。
1,/device:TPU:0,XLA Ops,reshape.29709,data formatting,reshape,17184.863221,0.451381,"s32[8,64,256]{2,0,1:T(8,128)S(1)}","s32[8,64,2,128]{3,2,0,1:T(2,128)S(1)}",,"op_name=""custom_kernel/custom_kernel/reduce_window_sum"" stack_frame_id=1315",/mnt/data/workspace/tpu_benchmark_daily/.venv/lib64/python3.12/site-packages/torch_tpu/_internal/pallas/pallas.py:112,{},[],149997,runs/layer-ops-20260923/pcp8/hlo/pid-290362/module_9043.tt_jit_layernorm_L62C0_fused_add_rms_norm_add.cl_972931731.after_codegen.txt,数据复制/布局物化,编译器生成的实际数据复制或物理布局变换；比较 operand_shapes 与 shape 可区分 tiling/维度顺序和 memory space 的变化。
1,/device:TPU:0,XLA Ops,reshape.22928,data formatting,reshape,17185.32413,0.07443,"s32[8,64]{1,0:T(8,128)S(1)}","(s32[8]{0:T(128)}, s32[512]{0:T(512)S(1)}, s32[8]{0:T(128)}, s32[8,512]{0,1:T(8,128)}, s32[8,512]{0,1:T(8,128)S(1)}, /*index=5*/s32[512,8]{1,0:T(8,128)S(1)})",,"op_name=""custom_kernel/custom_kernel/jit(moe)/shard_map/reshape"" stack_frame_id=1919",/mnt/data/workspace/tpu_benchmark_daily/third_party/torchtpu-vllm/src/vllm_torchtpu/kernels/fused_moe/v2/host.py:832,{},[],149998,runs/layer-ops-20260923/pcp8/hlo/pid-290362/module_9043.tt_jit_layernorm_L62C0_fused_add_rms_norm_add.cl_972931731.after_codegen.txt,数据复制/布局物化,编译器生成的实际数据复制或物理布局变换；比较 operand_shapes 与 shape 可区分 tiling/维度顺序和 memory space 的变化。
1,/device:TPU:0,XLA Ops,reduce-window.1914,reduce-window,reduce-window,17185.398635,0.482593,"s32[8,64]{1,0:T(8,128)S(1)}","s32[8,64]{1,0:T(8,128)S(1)}; s32[]{:T(128)}",,"op_name=""custom_kernel/custom_kernel/jit(moe)/shard_map/jit(cumsum)/call.5/reduce_window_sum"" stack_frame_id=1920",/mnt/data/workspace/tpu_benchmark_daily/third_party/torchtpu-vllm/src/vllm_torchtpu/kernels/fused_moe/v2/host.py:833,"{""add"": 1}",[],149999,runs/layer-ops-20260923/pcp8/hlo/pid-290362/module_9043.tt_jit_layernorm_L62C0_fused_add_rms_norm_add.cl_972931731.after_codegen.txt,MoE 路由/通信计划,整数前缀和/分块偏移处理：用窗口归约、slice 和 add 生成专家或目标 rank 的行起点及传输表；不是浮点模型计算。
1,/device:TPU:0,XLA Ops,reshape.22929,data formatting,reshape,17185.881228,0.078031,s32[512]{0:T(512)S(1)},"s32[8,64]{1,0:T(8,128)S(1)}",,"op_name=""custom_kernel/custom_kernel/jit(moe)/shard_map/jit(cumsum)/call.5/reduce_window_sum"" stack_frame_id=1920",/mnt/data/workspace/tpu_benchmark_daily/third_party/torchtpu-vllm/src/vllm_torchtpu/kernels/fused_moe/v2/host.py:833,{},[],150000,runs/layer-ops-20260923/pcp8/hlo/pid-290362/module_9043.tt_jit_layernorm_L62C0_fused_add_rms_norm_add.cl_972931731.after_codegen.txt,数据复制/布局物化,编译器生成的实际数据复制或物理布局变换；比较 operand_shapes 与 shape 可区分 tiling/维度顺序和 memory space 的变化。
1,/device:TPU:0,XLA Ops,copy-done.2718,copy-done,copy-done,17185.960385,0.0012,s32[512]{0:T(512)},"(s32[512]{0:T(512)}, s32[512]{0:T(512)S(1)}, u32[]{:S(2)})",,,,{},[],150001,runs/layer-ops-20260923/pcp8/hlo/pid-290362/module_9043.tt_jit_layernorm_L62C0_fused_add_rms_norm_add.cl_972931731.after_codegen.txt,DMA 搬运,等待对应 DMA 完成；与 copy-start 是同一次搬运的两端，不能重复计算搬运量。
1,/device:TPU:0,XLA Ops,copy-done.817,copy-done,copy-done,17185.962785,0.002401,s32[512]{0:T(512)S(1)},"(s32[512]{0:T(512)S(1)}, s32[512]{0:T(512)}, u32[]{:S(2)})",,,,{},[],150002,runs/layer-ops-20260923/pcp8/hlo/pid-290362/module_9043.tt_jit_layernorm_L62C0_fused_add_rms_norm_add.cl_972931731.after_codegen.txt,DMA 搬运,等待对应 DMA 完成；与 copy-start 是同一次搬运的两端，不能重复计算搬运量。
1,/device:TPU:0,XLA Ops,subtract_add_fusion.61,loop fusion,fusion,17185.965336,0.004802,s32[512]{0:T(512)S(1)},"s32[512]{0:T(512)S(1)}; s32[512]{0:T(512)S(1)}; (s32[8]{0:T(128)}, s32[512]{0:T(512)S(1)}, s32[8]{0:T(128)}, s32[8,512]{0,1:T(8,128)}, s32[8,512]{0,1:T(8,128)S(1)}, /*index=5*/s32[512,8]{1,0:T(8,128)S(1)})",,"op_name=""custom_kernel/custom_kernel/jit(moe)/shard_map/add"" stack_frame_id=1922",/mnt/data/workspace/tpu_benchmark_daily/third_party/torchtpu-vllm/src/vllm_torchtpu/kernels/fused_moe/v2/host.py:834,"{""subtract"": 1, ""add"": 1}",[],150003,runs/layer-ops-20260923/pcp8/hlo/pid-290362/module_9043.tt_jit_layernorm_L62C0_fused_add_rms_norm_add.cl_972931731.after_codegen.txt,MoE 路由/通信计划,加法：构造或处理 top-k 权重、专家计数、token 排列、量化 scale、远端地址及搬运计划；本行 dtype/shape 和 fused_ops 给出实际运算。
1,/device:TPU:0,XLA Ops,copy-start.3042,copy-start,copy-start,17185.972389,0.007203,"(s32[512]{0:T(512)}, s32[512]{0:T(512)S(1)}, u32[]{:S(2)})",s32[512]{0:T(512)S(1)},,,,{},[],150004,runs/layer-ops-20260923/pcp8/hlo/pid-290362/module_9043.tt_jit_layernorm_L62C0_fused_add_rms_norm_add.cl_972931731.after_codegen.txt,DMA 搬运,启动 DMA 搬运。
1,/device:TPU:0,XLA Ops,copy-done.3042,copy-done,copy-done,17185.986945,0.564226,s32[512]{0:T(512)},"(s32[512]{0:T(512)}, s32[512]{0:T(512)S(1)}, u32[]{:S(2)})",,,,{},[],150005,runs/layer-ops-20260923/pcp8/hlo/pid-290362/module_9043.tt_jit_layernorm_L62C0_fused_add_rms_norm_add.cl_972931731.after_codegen.txt,DMA 搬运,等待对应 DMA 完成；与 copy-start 是同一次搬运的两端，不能重复计算搬运量。
1,/device:TPU:0,XLA Ops,dynamic_slice.3164,dynamic-slice,dynamic-slice,17186.552221,0.073229,s32[64]{0:T(128)S(1)},s32[512]{0:T(512)S(1)}; s32[]{:T(128)S(6)},,"op_name=""custom_kernel/custom_kernel/jit(moe)/shard_map/dynamic_slice"" stack_frame_id=1923",/mnt/data/workspace/tpu_benchmark_daily/third_party/torchtpu-vllm/src/vllm_torchtpu/kernels/fused_moe/v2/host.py:912,{},[],150006,runs/layer-ops-20260923/pcp8/hlo/pid-290362/module_9043.tt_jit_layernorm_L62C0_fused_add_rms_norm_add.cl_972931731.after_codegen.txt,MoE 路由/通信计划,动态切片：构造或处理 top-k 权重、专家计数、token 排列、量化 scale、远端地址及搬运计划；本行 dtype/shape 和 fused_ops 给出实际运算。
1,/device:TPU:0,XLA Ops,copy-start.3104,copy-start,copy-start,17186.625526,0.002401,"(s32[64]{0:T(128)}, s32[64]{0:T(128)S(1)}, u32[]{:S(2)})",s32[64]{0:T(128)S(1)},,,,{},[],150007,runs/layer-ops-20260923/pcp8/hlo/pid-290362/module_9043.tt_jit_layernorm_L62C0_fused_add_rms_norm_add.cl_972931731.after_codegen.txt,DMA 搬运,启动 DMA 搬运。
1,/device:TPU:0,XLA Ops,add_bitcast_fusion.58,loop fusion,fusion,17186.627927,0.612245,"(s32[8,64]{0,1:T(8,128)S(1)}, s32[64,8]{1,0:T(8,128)})","(s32[8]{0:T(128)}, s32[512,8]{1,0:T(8,128)}, s32[512,8]{1,0:T(8,128)S(1)}); s32[]{:T(128)S(6)}; s32[64]{0:T(128)S(1)}",,"op_name=""custom_kernel/custom_kernel/jit(moe)/shard_map/add"" stack_frame_id=2001",/mnt/data/workspace/tpu_benchmark_daily/third_party/torchtpu-vllm/src/vllm_torchtpu/kernels/fused_moe/v2/host.py:875,"{""broadcast"": 2, ""dynamic-slice"": 1, ""add"": 1, ""bitcast"": 1, ""shift-right-arithmetic"": 1, ""tuple"": 1}",[],150008,runs/layer-ops-20260923/pcp8/hlo/pid-290362/module_9043.tt_jit_layernorm_L62C0_fused_add_rms_norm_add.cl_972931731.after_codegen.txt,MoE 路由/通信计划,加法：构造或处理 top-k 权重、专家计数、token 排列、量化 scale、远端地址及搬运计划；本行 dtype/shape 和 fused_ops 给出实际运算。
1,/device:TPU:0,XLA Ops,fusion.1268,loop fusion,fusion,17187.240246,3.887155,"s32[8,160,64]{1,0,2:T(8,128)S(1)}","s32[8,160,64]{1,0,2:T(8,128)S(1)}; s32[8,256,64]{1,0,2:T(8,128)S(1)}; (s32[8,64]{0,1:T(8,128)S(1)}, s32[64,8]{1,0:T(8,128)})",,"op_name=""custom_kernel/custom_kernel/jit(moe)/shard_map/add"" stack_frame_id=2002",/mnt/data/workspace/tpu_benchmark_daily/third_party/torchtpu-vllm/src/vllm_torchtpu/kernels/fused_moe/v2/host.py:880,"{""slice"": 1, ""subtract"": 1, ""broadcast"": 1, ""add"": 1}",[],150010,runs/layer-ops-20260923/pcp8/hlo/pid-290362/module_9043.tt_jit_layernorm_L62C0_fused_add_rms_norm_add.cl_972931731.after_codegen.txt,MoE 路由/通信计划,加法：构造或处理 top-k 权重、专家计数、token 排列、量化 scale、远端地址及搬运计划；本行 dtype/shape 和 fused_ops 给出实际运算。
1,/device:TPU:0,XLA Ops,broadcast_in_dim_reshape.374,data formatting,reshape,17191.134754,0.252101,"s32[1280,64]{0,1:T(8,128)S(1)}","s32[8,160,64]{1,0,2:T(8,128)S(1)}",,"op_name=""custom_kernel/custom_kernel/jit(moe)/shard_map/add;jit(moe)/shard_map/broadcast_in_dim;reshape"" stack_frame_id=1315",/mnt/data/workspace/tpu_benchmark_daily/.venv/lib64/python3.12/site-packages/torch_tpu/_internal/pallas/pallas.py:112,{},[],150011,runs/layer-ops-20260923/pcp8/hlo/pid-290362/module_9043.tt_jit_layernorm_L62C0_fused_add_rms_norm_add.cl_972931731.after_codegen.txt,数据复制/布局物化,编译器生成的实际数据复制或物理布局变换；比较 operand_shapes 与 shape 可区分 tiling/维度顺序和 memory space 的变化。
1,/device:TPU:0,XLA Ops,copy-done.1180,copy-done,copy-done,17191.393908,0.003601,"pred[8,8]{1,0:T(8,128)(4,1)S(1)}","(pred[8,8]{1,0:T(8,128)(4,1)S(1)}, pred[8,8]{1,0:T(8,128)(4,1)}, u32[]{:S(2)})",,,,{},[],150012,runs/layer-ops-20260923/pcp8/hlo/pid-290362/module_9043.tt_jit_layernorm_L62C0_fused_add_rms_norm_add.cl_972931731.after_codegen.txt,DMA 搬运,等待对应 DMA 完成；与 copy-start 是同一次搬运的两端，不能重复计算搬运量。
1,/device:TPU:0,XLA Ops,select_reduce_fusion.178,loop fusion,fusion,17191.404562,2.984394,"s32[1280,8,64]{0,2,1:T(8,128)S(1)}","(s32[1280,64]{0,1:T(8,128)S(1)}, s32[1280,8,64]{0,2,1:T(8,128)S(1)}); pred[8,8]{1,0:T(8,128)(4,1)S(1)}",,"op_name=""custom_kernel/custom_kernel/jit(moe)/shard_map/reduce_sum"" stack_frame_id=2008",/mnt/data/workspace/tpu_benchmark_daily/third_party/torchtpu-vllm/src/vllm_torchtpu/kernels/fused_moe/v2/host.py:728,"{""broadcast"": 3, ""select"": 1, ""reduce"": 1}",[],150013,runs/layer-ops-20260923/pcp8/hlo/pid-290362/module_9043.tt_jit_layernorm_L62C0_fused_add_rms_norm_add.cl_972931731.after_codegen.txt,MoE 路由/通信计划,求和归约：构造或处理 top-k 权重、专家计数、token 排列、量化 scale、远端地址及搬运计划；本行 dtype/shape 和 fused_ops 给出实际运算。
1,/device:TPU:0,XLA Ops,broadcast_add_fusion.58,loop fusion,fusion,17194.397359,0.236495,"s32[1280,8,64]{0,2,1:T(8,128)S(1)}","s32[1280,8,64]{0,2,1:T(8,128)S(1)}; s32[1280,64]{0,1:T(8,128)S(1)}",,"op_name=""custom_kernel/custom_kernel/jit(moe)/shard_map/add"" stack_frame_id=2004",/mnt/data/workspace/tpu_benchmark_daily/third_party/torchtpu-vllm/src/vllm_torchtpu/kernels/fused_moe/v2/host.py:728,"{""broadcast"": 1, ""add"": 1}",[],150014,runs/layer-ops-20260923/pcp8/hlo/pid-290362/module_9043.tt_jit_layernorm_L62C0_fused_add_rms_norm_add.cl_972931731.after_codegen.txt,MoE 路由/通信计划,加法：构造或处理 top-k 权重、专家计数、token 排列、量化 scale、远端地址及搬运计划；本行 dtype/shape 和 fused_ops 给出实际运算。
1,/device:TPU:0,XLA Ops,copy-done.248,copy-done,copy-done,17194.642332,0.002401,"pred[8,32,32]{2,1,0:T(8,128)(4,1)S(1)}","(pred[8,32,32]{2,1,0:T(8,128)(4,1)S(1)}, pred[8,32,32]{2,1,0:T(8,128)(4,1)}, u32[]{:S(2)})",,,,{},[],150015,runs/layer-ops-20260923/pcp8/hlo/pid-290362/module_9043.tt_jit_layernorm_L62C0_fused_add_rms_norm_add.cl_972931731.after_codegen.txt,DMA 搬运,等待对应 DMA 完成；与 copy-start 是同一次搬运的两端，不能重复计算搬运量。
1,/device:TPU:0,XLA Ops,convert_reduce_fusion.356,loop fusion,fusion,17194.652086,14.046819,"s32[1280,8,32]{0,2,1:T(8,128)S(1)}","s32[1280,8,32]{0,2,1:T(8,128)S(1)}; pred[8,32,32]{2,1,0:T(8,128)(4,1)S(1)}",,"op_name=""custom_kernel/custom_kernel/jit(moe)/shard_map/reduce_sum"" stack_frame_id=2021",/mnt/data/workspace/tpu_benchmark_daily/third_party/torchtpu-vllm/src/vllm_torchtpu/kernels/fused_moe/v2/host.py:686,"{""broadcast"": 3, ""compare"": 1, ""and"": 1, ""convert"": 1, ""reduce"": 1}",[],150016,runs/layer-ops-20260923/pcp8/hlo/pid-290362/module_9043.tt_jit_layernorm_L62C0_fused_add_rms_norm_add.cl_972931731.after_codegen.txt,MoE 路由/通信计划,求和归约：构造或处理 top-k 权重、专家计数、token 排列、量化 scale、远端地址及搬运计划；本行 dtype/shape 和 fused_ops 给出实际运算。
1,/device:TPU:0,XLA Ops,copy-done.3104,copy-done,copy-done,17208.707083,0.002401,s32[64]{0:T(128)},"(s32[64]{0:T(128)}, s32[64]{0:T(128)S(1)}, u32[]{:S(2)})",,,,{},[],150017,runs/layer-ops-20260923/pcp8/hlo/pid-290362/module_9043.tt_jit_layernorm_L62C0_fused_add_rms_norm_add.cl_972931731.after_codegen.txt,DMA 搬运,等待对应 DMA 完成；与 copy-start 是同一次搬运的两端，不能重复计算搬运量。
1,/device:TPU:0,XLA Ops,fusion.173,loop fusion,fusion,17208.716687,14.578631,"s32[1280,8,32]{0,2,1:T(8,128)S(1)}","s32[1280,8,64]{0,2,1:T(8,128)S(1)}; s32[1280,8,32]{0,2,1:T(8,128)S(1)}; s32[64]{0:T(128)S(1)}",,"op_name=""custom_kernel/custom_kernel/jit(moe)/shard_map/reduce_sum"" stack_frame_id=2012",/mnt/data/workspace/tpu_benchmark_daily/third_party/torchtpu-vllm/src/vllm_torchtpu/kernels/fused_moe/v2/host.py:742,"{""broadcast"": 4, ""compare"": 1, ""select"": 1, ""reduce"": 1}",[],150018,runs/layer-ops-20260923/pcp8/hlo/pid-290362/module_9043.tt_jit_layernorm_L62C0_fused_add_rms_norm_add.cl_972931731.after_codegen.txt,MoE 路由/通信计划,求和归约：构造或处理 top-k 权重、专家计数、token 排列、量化 scale、远端地址及搬运计划；本行 dtype/shape 和 fused_ops 给出实际运算。
1,/device:TPU:0,XLA Ops,add.33287,non-fusion elementwise,add,17223.303722,0.171669,"s32[1280,8,32]{0,2,1:T(8,128)S(1)}","s32[1280,8,32]{0,2,1:T(8,128)S(1)}; s32[1280,8,32]{0,2,1:T(8,128)S(1)}",,"op_name=""custom_kernel/custom_kernel/jit(moe)/shard_map/add"" stack_frame_id=1991",/mnt/data/workspace/tpu_benchmark_daily/third_party/torchtpu-vllm/src/vllm_torchtpu/kernels/fused_moe/v2/host.py:884,{},[],150019,runs/layer-ops-20260923/pcp8/hlo/pid-290362/module_9043.tt_jit_layernorm_L62C0_fused_add_rms_norm_add.cl_972931731.after_codegen.txt,MoE 路由/通信计划,加法：构造或处理 top-k 权重、专家计数、token 排列、量化 scale、远端地址及搬运计划；本行 dtype/shape 和 fused_ops 给出实际运算。
1,/device:TPU:0,XLA Ops,copy.15265,data formatting,copy,17223.482743,2.513806,"s32[1280,8,32]{2,1,0:T(8,128)S(1)}","s32[1280,8,32]{0,2,1:T(8,128)S(1)}",,"op_name=""custom_kernel/custom_kernel/jit(moe)/shard_map/add"" stack_frame_id=1991",/mnt/data/workspace/tpu_benchmark_daily/third_party/torchtpu-vllm/src/vllm_torchtpu/kernels/fused_moe/v2/host.py:884,{},[],150020,runs/layer-ops-20260923/pcp8/hlo/pid-290362/module_9043.tt_jit_layernorm_L62C0_fused_add_rms_norm_add.cl_972931731.after_codegen.txt,数据复制/布局物化,编译器生成的实际数据复制或物理布局变换；比较 operand_shapes 与 shape 可区分 tiling/维度顺序和 memory space 的变化。
1,/device:TPU:0,XLA Ops,reshape.22937,data formatting,reshape,17226.004802,1.120048,s32[327680]{0:T(1024)S(1)},"s32[1280,8,32]{2,1,0:T(8,128)S(1)}",,"op_name=""custom_kernel/custom_kernel/jit(moe)/shard_map/add"" stack_frame_id=1991",/mnt/data/workspace/tpu_benchmark_daily/third_party/torchtpu-vllm/src/vllm_torchtpu/kernels/fused_moe/v2/host.py:884,{},[],150021,runs/layer-ops-20260923/pcp8/hlo/pid-290362/module_9043.tt_jit_layernorm_L62C0_fused_add_rms_norm_add.cl_972931731.after_codegen.txt,数据复制/布局物化,编译器生成的实际数据复制或物理布局变换；比较 operand_shapes 与 shape 可区分 tiling/维度顺序和 memory space 的变化。
1,/device:TPU:0,XLA Ops,compare_and_fusion.59,loop fusion,fusion,17227.132053,3.519808,"pred[8,40960]{0,1:T(8,128)(4,1)S(1)}","s32[]{:T(128)S(6)}; s32[]{:T(128)S(6)}; s32[8,45568]{0,1:T(8,128)S(1)}",,"op_name=""custom_kernel/custom_kernel/jit(moe)/shard_map/and"" stack_frame_id=1990",/mnt/data/workspace/tpu_benchmark_daily/third_party/torchtpu-vllm/src/vllm_torchtpu/kernels/fused_moe/v2/host.py:882,"{""slice"": 1, ""broadcast"": 2, ""compare"": 2, ""and"": 1}",[],150023,runs/layer-ops-20260923/pcp8/hlo/pid-290362/module_9043.tt_jit_layernorm_L62C0_fused_add_rms_norm_add.cl_972931731.after_codegen.txt,MoE 路由/通信计划,逻辑与：构造或处理 top-k 权重、专家计数、token 排列、量化 scale、远端地址及搬运计划；本行 dtype/shape 和 fused_ops 给出实际运算。
1,/device:TPU:0,XLA Ops,copy-start.3423,copy-start,copy-start,17230.659139,0.007203,"(s32[8]{0:T(128)S(1)}, s32[8]{0:T(128)}, u32[]{:S(2)})","(s32[8]{0:T(128)}, s32[512,8]{1,0:T(8,128)}, s32[512,8]{1,0:T(8,128)S(1)})",,,,{},[],150024,runs/layer-ops-20260923/pcp8/hlo/pid-290362/module_9043.tt_jit_layernorm_L62C0_fused_add_rms_norm_add.cl_972931731.after_codegen.txt,DMA 搬运,启动 DMA 搬运。
1,/device:TPU:0,XLA Ops,copy-start.3345,copy-start,copy-start,17230.67362,0.008403,"(s32[8]{0:T(128)S(1)}, s32[8]{0:T(128)}, u32[]{:S(2)})","(s32[8]{0:T(128)}, s32[512]{0:T(512)S(1)}, s32[8]{0:T(128)}, s32[8,512]{0,1:T(8,128)}, s32[8,512]{0,1:T(8,128)S(1)}, /*index=5*/s32[512,8]{1,0:T(8,128)S(1)})",,,,{},[],150025,runs/layer-ops-20260923/pcp8/hlo/pid-290362/module_9043.tt_jit_layernorm_L62C0_fused_add_rms_norm_add.cl_972931731.after_codegen.txt,DMA 搬运,启动 DMA 搬运。
1,/device:TPU:0,XLA Ops,copy-start.3287,copy-start,copy-start,17230.690351,0.007203,"(s32[8]{0:T(128)S(1)}, s32[8]{0:T(128)}, u32[]{:S(2)})","(s32[8]{0:T(128)}, s32[512]{0:T(512)S(1)}, s32[8]{0:T(128)}, s32[8,512]{0,1:T(8,128)}, s32[8,512]{0,1:T(8,128)S(1)}, /*index=5*/s32[512,8]{1,0:T(8,128)S(1)})",,,,{},[],150026,runs/layer-ops-20260923/pcp8/hlo/pid-290362/module_9043.tt_jit_layernorm_L62C0_fused_add_rms_norm_add.cl_972931731.after_codegen.txt,DMA 搬运,启动 DMA 搬运。
1,/device:TPU:0,XLA Ops,copy-start.877,copy-start,copy-start,17230.704757,0.007203,"(s32[8]{0:T(128)S(1)}, s32[8]{0:T(128)}, u32[]{:S(2)})",s32[8]{0:T(128)},,,,{},[],150027,runs/layer-ops-20260923/pcp8/hlo/pid-290362/module_9043.tt_jit_layernorm_L62C0_fused_add_rms_norm_add.cl_972931731.after_codegen.txt,DMA 搬运,启动 DMA 搬运。
1,/device:TPU:0,XLA Ops,copy-start.937,copy-start,copy-start,17230.719238,0.007203,"(s32[8]{0:T(128)S(1)}, s32[8]{0:T(128)}, u32[]{:S(2)})",s32[8]{0:T(128)},,,,{},[],150028,runs/layer-ops-20260923/pcp8/hlo/pid-290362/module_9043.tt_jit_layernorm_L62C0_fused_add_rms_norm_add.cl_972931731.after_codegen.txt,DMA 搬运,启动 DMA 搬运。
1,/device:TPU:0,XLA Ops,copy-start.1707,copy-start,copy-start,17230.734694,0.007203,"(s32[64]{0:T(128)S(1)}, s32[64]{0:T(128)}, u32[]{:S(2)})","(s32[64]{0:T(128)}, s32[64]{0:T(128)})",,,,{},[],150029,runs/layer-ops-20260923/pcp8/hlo/pid-290362/module_9043.tt_jit_layernorm_L62C0_fused_add_rms_norm_add.cl_972931731.after_codegen.txt,DMA 搬运,启动 DMA 搬运。
1,/device:TPU:0,XLA Ops,copy.15254,data formatting,copy,17230.750451,6.201681,"pred[8,40960]{1,0:T(8,128)(4,1)S(1)}","pred[8,40960]{0,1:T(8,128)(4,1)S(1)}",,"op_name=""custom_kernel/custom_kernel/jit(moe)/shard_map/and"" stack_frame_id=1990",/mnt/data/workspace/tpu_benchmark_daily/third_party/torchtpu-vllm/src/vllm_torchtpu/kernels/fused_moe/v2/host.py:882,{},[],150030,runs/layer-ops-20260923/pcp8/hlo/pid-290362/module_9043.tt_jit_layernorm_L62C0_fused_add_rms_norm_add.cl_972931731.after_codegen.txt,数据复制/布局物化,编译器生成的实际数据复制或物理布局变换；比较 operand_shapes 与 shape 可区分 tiling/维度顺序和 memory space 的变化。
1,/device:TPU:0,XLA Ops,copy.20631,data formatting,copy,17236.956783,0.182473,"pred[1,320,8,128]{3,1,2,0:T(8,128)(4,1)S(1)}","pred[1,320,8,128]{3,2,1,0:T(8,128)(4,1)S(1)}",,,,{},[],150032,runs/layer-ops-20260923/pcp8/hlo/pid-290362/module_9043.tt_jit_layernorm_L62C0_fused_add_rms_norm_add.cl_972931731.after_codegen.txt,数据复制/布局物化,编译器生成的实际数据复制或物理布局变换；比较 operand_shapes 与 shape 可区分 tiling/维度顺序和 memory space 的变化。
1,/device:TPU:0,XLA Ops,copy.15266,data formatting,copy,17237.148935,0.593037,"s32[8,4096]{1,0:T(8,128)S(1)}","s32[8,4096]{0,1:T(8,128)S(1)}",,"op_name=""custom_kernel/custom_kernel/jit(moe)/shard_map/slice"" stack_frame_id=2047",/mnt/data/workspace/tpu_benchmark_daily/third_party/torchtpu-vllm/src/vllm_torchtpu/kernels/fused_moe/v2/layer.py:160,{},[],150033,runs/layer-ops-20260923/pcp8/hlo/pid-290362/module_9043.tt_jit_layernorm_L62C0_fused_add_rms_norm_add.cl_972931731.after_codegen.txt,数据复制/布局物化,编译器生成的实际数据复制或物理布局变换；比较 operand_shapes 与 shape 可区分 tiling/维度顺序和 memory space 的变化。
1,/device:TPU:0,XLA Ops,copy.20633,data formatting,copy,17237.741972,0.607443,"s32[1,32,8,128]{3,1,2,0:T(8,128)S(1)}","s32[1,32,8,128]{3,2,1,0:T(8,128)S(1)}",,,,{},[],150035,runs/layer-ops-20260923/pcp8/hlo/pid-290362/module_9043.tt_jit_layernorm_L62C0_fused_add_rms_norm_add.cl_972931731.after_codegen.txt,数据复制/布局物化,编译器生成的实际数据复制或物理布局变换；比较 operand_shapes 与 shape 可区分 tiling/维度顺序和 memory space 的变化。
1,/device:TPU:0,XLA Ops,copy-start.3105,copy-start,copy-start,17238.356693,0.007203,"(s32[64]{0:T(128)S(1)}, s32[64]{0:T(128)}, u32[]{:S(2)})",s32[64]{0:T(128)},,,,{},[],150036,runs/layer-ops-20260923/pcp8/hlo/pid-290362/module_9043.tt_jit_layernorm_L62C0_fused_add_rms_norm_add.cl_972931731.after_codegen.txt,DMA 搬运,启动 DMA 搬运。
1,/device:TPU:0,XLA Ops,broadcast_in_dim.4717,broadcast,broadcast,17238.373425,4.638655,"s32[32768,10]{1,0:T(8,128)S(1)}",s32[32768]{0:T(1024)S(1)},,"op_name=""custom_kernel/custom_kernel/jit(moe)/shard_map/broadcast_in_dim"" stack_frame_id=2049",/mnt/data/workspace/tpu_benchmark_daily/third_party/torchtpu-vllm/src/vllm_torchtpu/kernels/fused_moe/v2/layer.py:541,{},[],150038,runs/layer-ops-20260923/pcp8/hlo/pid-290362/module_9043.tt_jit_layernorm_L62C0_fused_add_rms_norm_add.cl_972931731.after_codegen.txt,MoE 路由/通信计划,广播：构造或处理 top-k 权重、专家计数、token 排列、量化 scale、远端地址及搬运计划；本行 dtype/shape 和 fused_ops 给出实际运算。
1,/device:TPU:0,XLA Ops,reshape.27634,data formatting,reshape,17243.019433,26.612245,s32[327680]{0:T(1024)},"s32[32768,10]{1,0:T(8,128)S(1)}",,"op_name=""custom_kernel/custom_kernel/jit(moe)/shard_map/reshape"" stack_frame_id=2049",/mnt/data/workspace/tpu_benchmark_daily/third_party/torchtpu-vllm/src/vllm_torchtpu/kernels/fused_moe/v2/layer.py:541,{},[],150039,runs/layer-ops-20260923/pcp8/hlo/pid-290362/module_9043.tt_jit_layernorm_L62C0_fused_add_rms_norm_add.cl_972931731.after_codegen.txt,数据复制/布局物化,编译器生成的实际数据复制或物理布局变换；比较 operand_shapes 与 shape 可区分 tiling/维度顺序和 memory space 的变化。
1,/device:TPU:0,XLA Ops,copy.20630,data formatting,copy,17269.631528,0.94958,"s32[20,2,8,128]{3,1,2,0:T(2,128)}","(s32[160,256]{1,0:T(8,128)S(1)}, s32[160,256]{1,0:T(8,128)S(1)}, s32[20,2,8,128]{3,2,1,0:T(8,128)S(1)})",,,,{},[],150040,runs/layer-ops-20260923/pcp8/hlo/pid-290362/module_9043.tt_jit_layernorm_L62C0_fused_add_rms_norm_add.cl_972931731.after_codegen.txt,数据复制/布局物化,编译器生成的实际数据复制或物理布局变换；比较 operand_shapes 与 shape 可区分 tiling/维度顺序和 memory space 的变化。
1,/device:TPU:0,XLA Ops,fusion.1760,loop fusion,fusion,17270.582233,0.776711,"(s32[8]{0:T(128)S(1)}, s32[64,8]{1,0:T(8,128)S(1)})","s32[8,64,8]{2,1,0:T(8,128)}; s32[]{:T(128)S(6)}",,"op_name=""custom_kernel/custom_kernel/jit(moe)/shard_map/reduce_sum"" stack_frame_id=1905",/mnt/data/workspace/tpu_benchmark_daily/third_party/torchtpu-vllm/src/vllm_torchtpu/kernels/fused_moe/v2/host.py:1046,"{""dynamic-slice"": 1, ""reduce"": 1, ""bitcast"": 1, ""tuple"": 1}",[],150042,runs/layer-ops-20260923/pcp8/hlo/pid-290362/module_9043.tt_jit_layernorm_L62C0_fused_add_rms_norm_add.cl_972931731.after_codegen.txt,MoE 路由/通信计划,求和归约：构造或处理 top-k 权重、专家计数、token 排列、量化 scale、远端地址及搬运计划；本行 dtype/shape 和 fused_ops 给出实际运算。
1,/device:TPU:0,XLA Ops,reduce-window.1912,reduce-window,reduce-window,17271.359019,0.183673,"s32[8,1]{0,1:T(1,128)S(1)}","s32[8,1]{0,1:T(1,128)S(1)}; s32[]{:T(128)}",,"op_name=""custom_kernel/custom_kernel"" stack_frame_id=1315",/mnt/data/workspace/tpu_benchmark_daily/.venv/lib64/python3.12/site-packages/torch_tpu/_internal/pallas/pallas.py:112,"{""add"": 1}",[],150044,runs/layer-ops-20260923/pcp8/hlo/pid-290362/module_9043.tt_jit_layernorm_L62C0_fused_add_rms_norm_add.cl_972931731.after_codegen.txt,MoE 路由/通信计划,整数前缀和/分块偏移处理：用窗口归约、slice 和 add 生成专家或目标 rank 的行起点及传输表；不是浮点模型计算。
1,/device:TPU:0,XLA Ops,reduce-window.1913,reduce-window,reduce-window,17271.542842,3.315726,"s32[64,8]{1,0:T(8,128)S(1)}","(s32[8]{0:T(128)S(1)}, s32[64,8]{1,0:T(8,128)S(1)}); s32[]{:T(128)}",,"op_name=""custom_kernel/custom_kernel/jit(moe)/shard_map/jit(cumsum)/call.13/reduce_window_sum"" stack_frame_id=1908",/mnt/data/workspace/tpu_benchmark_daily/third_party/torchtpu-vllm/src/vllm_torchtpu/kernels/fused_moe/v2/host.py:1048,"{""add"": 1}",[],150045,runs/layer-ops-20260923/pcp8/hlo/pid-290362/module_9043.tt_jit_layernorm_L62C0_fused_add_rms_norm_add.cl_972931731.after_codegen.txt,MoE 路由/通信计划,整数前缀和/分块偏移处理：用窗口归约、slice 和 add 生成专家或目标 rank 的行起点及传输表；不是浮点模型计算。
1,/device:TPU:0,XLA Ops,compare_convert_fusion.58,loop fusion,fusion,17274.863296,0.835534,"(s32[64]{0:T(128)S(1)}, s32[64]{0:T(128)S(1)})",s32[512]{0:T(512)}; s32[]{:T(128)S(6)},,"op_name=""custom_kernel/custom_kernel/jit(moe)/shard_map/convert_element_type"" stack_frame_id=1962",/mnt/data/workspace/tpu_benchmark_daily/third_party/torchtpu-vllm/src/vllm_torchtpu/kernels/fused_moe/v2/host.py:1145,"{""dynamic-slice"": 1, ""broadcast"": 1, ""compare"": 1, ""convert"": 1, ""tuple"": 1}",[],150046,runs/layer-ops-20260923/pcp8/hlo/pid-290362/module_9043.tt_jit_layernorm_L62C0_fused_add_rms_norm_add.cl_972931731.after_codegen.txt,MoE 路由/通信计划,dtype 转换：构造或处理 top-k 权重、专家计数、token 排列、量化 scale、远端地址及搬运计划；本行 dtype/shape 和 fused_ops 给出实际运算。
1,/device:TPU:0,XLA Ops,copy-start.3226,copy-start,copy-start,17275.69988,0.0012,"(s32[64]{0:T(128)}, s32[64]{0:T(128)S(1)}, u32[]{:S(2)})","(s32[64]{0:T(128)S(1)}, s32[64]{0:T(128)S(1)})",,,,{},[],150047,runs/layer-ops-20260923/pcp8/hlo/pid-290362/module_9043.tt_jit_layernorm_L62C0_fused_add_rms_norm_add.cl_972931731.after_codegen.txt,DMA 搬运,启动 DMA 搬运。
1,/device:TPU:0,XLA Ops,copy-done.3423,copy-done,copy-done,17275.701231,0.003601,s32[8]{0:T(128)S(1)},"(s32[8]{0:T(128)S(1)}, s32[8]{0:T(128)}, u32[]{:S(2)})",,,,{},[],150048,runs/layer-ops-20260923/pcp8/hlo/pid-290362/module_9043.tt_jit_layernorm_L62C0_fused_add_rms_norm_add.cl_972931731.after_codegen.txt,DMA 搬运,等待对应 DMA 完成；与 copy-start 是同一次搬运的两端，不能重复计算搬运量。
1,/device:TPU:0,XLA Ops,fusion.2735,loop fusion,fusion,17275.704757,0.003601,s32[8]{0:T(128)S(1)},s32[8]{0:T(128)S(1)}; s32[]{:T(128)},,"op_name=""custom_kernel/custom_kernel/jit(moe)/shard_map/mul"" stack_frame_id=1978",/mnt/data/workspace/tpu_benchmark_daily/third_party/torchtpu-vllm/src/vllm_torchtpu/kernels/fused_moe/v2/host.py:1160,"{""iota"": 1, ""broadcast"": 2, ""compare"": 1, ""select"": 1}",[],150050,runs/layer-ops-20260923/pcp8/hlo/pid-290362/module_9043.tt_jit_layernorm_L62C0_fused_add_rms_norm_add.cl_972931731.after_codegen.txt,MoE 路由/通信计划,乘法：构造或处理 top-k 权重、专家计数、token 排列、量化 scale、远端地址及搬运计划；本行 dtype/shape 和 fused_ops 给出实际运算。
1,/device:TPU:0,XLA Ops,copy-done.3345,copy-done,copy-done,17275.711885,0.002401,s32[8]{0:T(128)S(1)},"(s32[8]{0:T(128)S(1)}, s32[8]{0:T(128)}, u32[]{:S(2)})",,,,{},[],150051,runs/layer-ops-20260923/pcp8/hlo/pid-290362/module_9043.tt_jit_layernorm_L62C0_fused_add_rms_norm_add.cl_972931731.after_codegen.txt,DMA 搬运,等待对应 DMA 完成；与 copy-start 是同一次搬运的两端，不能重复计算搬运量。
1,/device:TPU:0,XLA Ops,fusion.2733,loop fusion,fusion,17275.721564,0.004802,s32[8]{0:T(128)S(1)},s32[8]{0:T(128)S(1)}; s32[]{:T(128)},,"op_name=""custom_kernel/custom_kernel/jit(moe)/shard_map/mul"" stack_frame_id=1956",/mnt/data/workspace/tpu_benchmark_daily/third_party/torchtpu-vllm/src/vllm_torchtpu/kernels/fused_moe/v2/host.py:1156,"{""iota"": 1, ""broadcast"": 2, ""compare"": 1, ""select"": 1}",[],150053,runs/layer-ops-20260923/pcp8/hlo/pid-290362/module_9043.tt_jit_layernorm_L62C0_fused_add_rms_norm_add.cl_972931731.after_codegen.txt,MoE 路由/通信计划,乘法：构造或处理 top-k 权重、专家计数、token 排列、量化 scale、远端地址及搬运计划；本行 dtype/shape 和 fused_ops 给出实际运算。
1,/device:TPU:0,XLA Ops,copy-done.3287,copy-done,copy-done,17275.734694,0.002401,s32[8]{0:T(128)S(1)},"(s32[8]{0:T(128)S(1)}, s32[8]{0:T(128)}, u32[]{:S(2)})",,,,{},[],150054,runs/layer-ops-20260923/pcp8/hlo/pid-290362/module_9043.tt_jit_layernorm_L62C0_fused_add_rms_norm_add.cl_972931731.after_codegen.txt,DMA 搬运,等待对应 DMA 完成；与 copy-start 是同一次搬运的两端，不能重复计算搬运量。
1,/device:TPU:0,XLA Ops,fusion.2734,loop fusion,fusion,17275.744448,0.004802,s32[8]{0:T(128)S(1)},s32[8]{0:T(128)S(1)}; s32[]{:T(128)},,"op_name=""custom_kernel/custom_kernel/jit(moe)/shard_map/mul"" stack_frame_id=1945",/mnt/data/workspace/tpu_benchmark_daily/third_party/torchtpu-vllm/src/vllm_torchtpu/kernels/fused_moe/v2/host.py:1153,"{""iota"": 1, ""broadcast"": 2, ""compare"": 1, ""select"": 1}",[],150056,runs/layer-ops-20260923/pcp8/hlo/pid-290362/module_9043.tt_jit_layernorm_L62C0_fused_add_rms_norm_add.cl_972931731.after_codegen.txt,MoE 路由/通信计划,乘法：构造或处理 top-k 权重、专家计数、token 排列、量化 scale、远端地址及搬运计划；本行 dtype/shape 和 fused_ops 给出实际运算。
1,/device:TPU:0,XLA Ops,copy-done.877,copy-done,copy-done,17275.756603,0.002401,s32[8]{0:T(128)S(1)},"(s32[8]{0:T(128)S(1)}, s32[8]{0:T(128)}, u32[]{:S(2)})",,,,{},[],150057,runs/layer-ops-20260923/pcp8/hlo/pid-290362/module_9043.tt_jit_layernorm_L62C0_fused_add_rms_norm_add.cl_972931731.after_codegen.txt,DMA 搬运,等待对应 DMA 完成；与 copy-start 是同一次搬运的两端，不能重复计算搬运量。
1,/device:TPU:0,XLA Ops,multiply_reduce_fusion.400,loop fusion,fusion,17275.768308,1.454982,"(s32[8]{0:T(128)S(1)}, s32[64,8]{1,0:T(8,128)})","s32[8,512]{0,1:T(8,128)}; s32[]{:T(128)S(6)}; s32[8]{0:T(128)S(1)}",,"op_name=""custom_kernel/custom_kernel/jit(moe)/shard_map/reduce_sum"" stack_frame_id=1954",/mnt/data/workspace/tpu_benchmark_daily/third_party/torchtpu-vllm/src/vllm_torchtpu/kernels/fused_moe/v2/host.py:1149,"{""dynamic-slice"": 1, ""broadcast"": 2, ""multiply"": 1, ""reduce"": 1, ""shift-right-arithmetic"": 1, ""bitcast"": 1, ""tuple"": 1}",[],150058,runs/layer-ops-20260923/pcp8/hlo/pid-290362/module_9043.tt_jit_layernorm_L62C0_fused_add_rms_norm_add.cl_972931731.after_codegen.txt,MoE 路由/通信计划,求和归约：构造或处理 top-k 权重、专家计数、token 排列、量化 scale、远端地址及搬运计划；本行 dtype/shape 和 fused_ops 给出实际运算。
1,/device:TPU:0,XLA Ops,copy-done.937,copy-done,copy-done,17277.22449,0.002401,s32[8]{0:T(128)S(1)},"(s32[8]{0:T(128)S(1)}, s32[8]{0:T(128)}, u32[]{:S(2)})",,,,{},[],150059,runs/layer-ops-20260923/pcp8/hlo/pid-290362/module_9043.tt_jit_layernorm_L62C0_fused_add_rms_norm_add.cl_972931731.after_codegen.txt,DMA 搬运,等待对应 DMA 完成；与 copy-start 是同一次搬运的两端，不能重复计算搬运量。
1,/device:TPU:0,XLA Ops,copy-done.1707,copy-done,copy-done,17277.228092,0.002401,s32[64]{0:T(128)S(1)},"(s32[64]{0:T(128)S(1)}, s32[64]{0:T(128)}, u32[]{:S(2)})",,,,{},[],150060,runs/layer-ops-20260923/pcp8/hlo/pid-290362/module_9043.tt_jit_layernorm_L62C0_fused_add_rms_norm_add.cl_972931731.after_codegen.txt,DMA 搬运,等待对应 DMA 完成；与 copy-start 是同一次搬运的两端，不能重复计算搬运量。
1,/device:TPU:0,XLA Ops,multiply_reduce_fusion.464,loop fusion,fusion,17277.231693,1.530612,"(s32[8]{0:T(128)S(1)}, s32[8]{0:T(128)S(1)}, s32[8]{0:T(128)S(1)}, s32[8]{0:T(128)S(1)}, s32[8]{0:T(128)S(1)}, /*index=5*/s32[8]{0:T(128)S(1)}, s32[8]{0:T(128)S(1)}, s32[64,8]{1,0:T(8,128)})","(s32[8]{0:T(128)}, s32[512,8]{1,0:T(8,128)}, s32[512,8]{1,0:T(8,128)S(1)}); s32[]{:T(128)S(6)}; s32[8]{0:T(128)S(1)}; s32[64]{0:T(128)S(1)}; s32[8]{0:T(128)S(1)}; s32[8]{0:T(128)S(1)}; s32[8,512]{0,1:T(8,128)}; s32[8]{0:T(128)S(1)}; s32[8]{0:T(128)S(1)}; (s32[64]{0:T(128)S(1)}, s32[64]{0:T(128)S(1)}); (s32[8]{0:T(128)}, s32[512]{0:T(512)S(1)}, s32[8]{0:T(128)}, s32[8,512]{0,1:T(8,128)}, s32[8,512]{0,1:T(8,128)S(1)}, /*index=5*/s32[512,8]{1,0:T(8,128)S(1)})",,"op_name=""custom_kernel/custom_kernel/jit(moe)/shard_map/reduce_sum"" stack_frame_id=1984",/mnt/data/workspace/tpu_benchmark_daily/third_party/torchtpu-vllm/src/vllm_torchtpu/kernels/fused_moe/v2/host.py:1149,"{""dynamic-slice"": 3, ""broadcast"": 8, ""multiply"": 9, ""reduce"": 7, ""subtract"": 3, ""bitcast"": 2, ""tuple"": 1}",[],150061,runs/layer-ops-20260923/pcp8/hlo/pid-290362/module_9043.tt_jit_layernorm_L62C0_fused_add_rms_norm_add.cl_972931731.after_codegen.txt,MoE 路由/通信计划,求和归约：构造或处理 top-k 权重、专家计数、token 排列、量化 scale、远端地址及搬运计划；本行 dtype/shape 和 fused_ops 给出实际运算。
1,/device:TPU:0,XLA Ops,concatenate.1581,concatenate,concatenate,17278.763506,0.60024,"s32[8,8]{1,0:T(8,128)}","s32[1,8]{1,0:T(1,128)S(1)}; s32[1,8]{1,0:T(1,128)S(1)}; s32[1,8]{1,0:T(1,128)S(1)}; s32[1,8]{1,0:T(1,128)S(1)}; s32[1,8]{1,0:T(1,128)S(1)}; s32[1,8]{1,0:T(1,128)S(1)}; s32[1,8]{1,0:T(1,128)S(1)}; s32[1,8]{1,0:T(1,128)S(1)}",,"op_name=""custom_kernel/custom_kernel/jit(moe)/shard_map/concatenate"" stack_frame_id=1985",/mnt/data/workspace/tpu_benchmark_daily/third_party/torchtpu-vllm/src/vllm_torchtpu/kernels/fused_moe/v2/host.py:1151,{},[],150070,runs/layer-ops-20260923/pcp8/hlo/pid-290362/module_9043.tt_jit_layernorm_L62C0_fused_add_rms_norm_add.cl_972931731.after_codegen.txt,MoE 路由/通信计划,拼接：构造或处理 top-k 权重、专家计数、token 排列、量化 scale、远端地址及搬运计划；本行 dtype/shape 和 fused_ops 给出实际运算。
1,/device:TPU:0,XLA Ops,multiply_subtract_fusion.91,loop fusion,fusion,17279.363821,0.004802,s32[64]{0:T(128)S(1)},"(s32[64]{0:T(128)S(1)}, s32[64]{0:T(128)S(1)})",,"op_name=""custom_kernel/custom_kernel/jit(moe)/shard_map/sub"" stack_frame_id=1929",/mnt/data/workspace/tpu_benchmark_daily/third_party/torchtpu-vllm/src/vllm_torchtpu/kernels/fused_moe/v2/host.py:996,"{""iota"": 1, ""broadcast"": 1, ""multiply"": 1, ""subtract"": 1}",[],150071,runs/layer-ops-20260923/pcp8/hlo/pid-290362/module_9043.tt_jit_layernorm_L62C0_fused_add_rms_norm_add.cl_972931731.after_codegen.txt,MoE 路由/通信计划,减法：构造或处理 top-k 权重、专家计数、token 排列、量化 scale、远端地址及搬运计划；本行 dtype/shape 和 fused_ops 给出实际运算。
1,/device:TPU:0,XLA Ops,convert_reduce_fusion.422,loop fusion,fusion,17279.369748,0.184874,s32[64]{0:T(128)S(1)},s32[64]{0:T(128)S(1)},,"op_name=""custom_kernel/custom_kernel/jit(moe)/shard_map/reduce_sum"" stack_frame_id=1932",/mnt/data/workspace/tpu_benchmark_daily/third_party/torchtpu-vllm/src/vllm_torchtpu/kernels/fused_moe/v2/host.py:997,"{""broadcast"": 2, ""compare"": 1, ""convert"": 1, ""reduce"": 1}",[],150072,runs/layer-ops-20260923/pcp8/hlo/pid-290362/module_9043.tt_jit_layernorm_L62C0_fused_add_rms_norm_add.cl_972931731.after_codegen.txt,MoE 路由/通信计划,求和归约：构造或处理 top-k 权重、专家计数、token 排列、量化 scale、远端地址及搬运计划；本行 dtype/shape 和 fused_ops 给出实际运算。
1,/device:TPU:0,XLA Ops,select_reduce_fusion.239,loop fusion,fusion,17279.561825,4.302521,s32[64]{0:T(128)S(1)},s32[64]{0:T(128)S(1)},,"op_name=""custom_kernel/custom_kernel/jit(moe)/shard_map/reduce_sum"" stack_frame_id=1935",/mnt/data/workspace/tpu_benchmark_daily/third_party/torchtpu-vllm/src/vllm_torchtpu/kernels/fused_moe/v2/host.py:998,"{""broadcast"": 2, ""iota"": 2, ""compare"": 1, ""select"": 1, ""reduce"": 1}",[],150073,runs/layer-ops-20260923/pcp8/hlo/pid-290362/module_9043.tt_jit_layernorm_L62C0_fused_add_rms_norm_add.cl_972931731.after_codegen.txt,MoE 路由/通信计划,求和归约：构造或处理 top-k 权重、专家计数、token 排列、量化 scale、远端地址及搬运计划；本行 dtype/shape 和 fused_ops 给出实际运算。
1,/device:TPU:0,XLA Ops,fusion.1515,loop fusion,fusion,17283.871774,1.464586,"s32[64,8]{1,0:T(8,128)}","s32[8,8,64]{0,2,1:T(8,128)}; s32[]{:T(128)S(6)}",,"op_name=""custom_kernel/custom_kernel/jit(moe)/shard_map/shift_right_arithmetic"" stack_frame_id=1913",/mnt/data/workspace/tpu_benchmark_daily/third_party/torchtpu-vllm/src/vllm_torchtpu/kernels/fused_moe/v2/host.py:1071,"{""dynamic-slice"": 1, ""broadcast"": 1, ""shift-right-arithmetic"": 1, ""bitcast"": 1}",[],150074,runs/layer-ops-20260923/pcp8/hlo/pid-290362/module_9043.tt_jit_layernorm_L62C0_fused_add_rms_norm_add.cl_972931731.after_codegen.txt,MoE 路由/通信计划,右移：构造或处理 top-k 权重、专家计数、token 排列、量化 scale、远端地址及搬运计划；本行 dtype/shape 和 fused_ops 给出实际运算。
1,/device:TPU:0,XLA Ops,broadcast_minimum_fusion.59,loop fusion,fusion,17285.33636,0.521008,s32[64]{0:T(128)},s32[64]{0:T(128)S(1)},,"op_name=""custom_kernel/custom_kernel/jit(moe)/shard_map/min"" stack_frame_id=1936",/mnt/data/workspace/tpu_benchmark_daily/third_party/torchtpu-vllm/src/vllm_torchtpu/kernels/fused_moe/v2/host.py:1001,"{""broadcast"": 1, ""minimum"": 1}",[],150075,runs/layer-ops-20260923/pcp8/hlo/pid-290362/module_9043.tt_jit_layernorm_L62C0_fused_add_rms_norm_add.cl_972931731.after_codegen.txt,MoE 路由/通信计划,取最小值：构造或处理 top-k 权重、专家计数、token 排列、量化 scale、远端地址及搬运计划；本行 dtype/shape 和 fused_ops 给出实际运算。
1,/device:TPU:0,XLA Ops,bitcast_subtract_fusion.119,loop fusion,fusion,17285.857218,0.002401,s32[8]{0:T(128)S(1)},"(s32[8]{0:T(128)S(1)}, s32[64,8]{1,0:T(8,128)S(1)}); s32[8,1]{0,1:T(1,128)S(1)}",,"op_name=""custom_kernel/custom_kernel/jit(moe)/shard_map/sub"" stack_frame_id=1906",/mnt/data/workspace/tpu_benchmark_daily/third_party/torchtpu-vllm/src/vllm_torchtpu/kernels/fused_moe/v2/host.py:1047,"{""bitcast"": 1, ""subtract"": 1}",[],150076,runs/layer-ops-20260923/pcp8/hlo/pid-290362/module_9043.tt_jit_layernorm_L62C0_fused_add_rms_norm_add.cl_972931731.after_codegen.txt,MoE 路由/通信计划,减法：构造或处理 top-k 权重、专家计数、token 排列、量化 scale、远端地址及搬运计划；本行 dtype/shape 和 fused_ops 给出实际运算。
1,/device:TPU:0,XLA Ops,add_shift-right-arithmetic_fusion.58,loop fusion,fusion,17285.860745,0.620648,"s32[64,8]{1,0:T(8,128)}","s32[64,8]{1,0:T(8,128)S(1)}; (s32[8]{0:T(128)S(1)}, s32[64,8]{1,0:T(8,128)S(1)}); s32[8]{0:T(128)S(1)}",,"op_name=""custom_kernel/custom_kernel/jit(moe)/shard_map/shift_right_arithmetic"" stack_frame_id=1910",/mnt/data/workspace/tpu_benchmark_daily/third_party/torchtpu-vllm/src/vllm_torchtpu/kernels/fused_moe/v2/host.py:1071,"{""broadcast"": 2, ""subtract"": 1, ""add"": 1, ""shift-right-arithmetic"": 1}",[],150077,runs/layer-ops-20260923/pcp8/hlo/pid-290362/module_9043.tt_jit_layernorm_L62C0_fused_add_rms_norm_add.cl_972931731.after_codegen.txt,MoE 路由/通信计划,右移：构造或处理 top-k 权重、专家计数、token 排列、量化 scale、远端地址及搬运计划；本行 dtype/shape 和 fused_ops 给出实际运算。
1,/device:TPU:0,XLA Ops,subtract_select_fusion.58,loop fusion,fusion,17286.481468,0.421369,s32[327680]{0:T(1024)S(1)},"pred[327680]{0:T(1024)(128)(4,1)S(1)}; s32[327680]{0:T(1024)S(1)}; s32[]{:T(128)S(6)}",,"op_name=""custom_kernel/custom_kernel/jit(moe)/shard_map/jit(_where)/select_n"" stack_frame_id=2027",/mnt/data/workspace/tpu_benchmark_daily/third_party/torchtpu-vllm/src/vllm_torchtpu/kernels/fused_moe/v2/host.py:933,"{""broadcast"": 3, ""select"": 2, ""compare"": 1, ""subtract"": 1}",[],150079,runs/layer-ops-20260923/pcp8/hlo/pid-290362/module_9043.tt_jit_layernorm_L62C0_fused_add_rms_norm_add.cl_972931731.after_codegen.txt,MoE 路由/通信计划,条件选择：构造或处理 top-k 权重、专家计数、token 排列、量化 scale、远端地址及搬运计划；本行 dtype/shape 和 fused_ops 给出实际运算。
1,/device:TPU:0,XLA Ops,all-gather.183.cloned.1.call-done,async-done,async-done,17286.911165,130.357743,"f8e4m3fn[32768,32,128]{2,1,0:T(32,128)(4,1)}","((f8e4m3fn[4096,32,128]{2,1,0:T(32,128)(4,1)}), f8e4m3fn[32768,32,128]{2,1,0:T(32,128)(4,1)})",,"op_name=""custom_kernel/custom_kernel/jit(moe)/shard_map/all_gather"" stack_frame_id=2037",/mnt/data/workspace/tpu_benchmark_daily/third_party/torchtpu-vllm/src/vllm_torchtpu/kernels/fused_moe/v2/layer.py:406,{},"[{""opcode"": ""all-gather"", ""shape"": ""f8e4m3fn[32768,32,128]{2,1,0:T(32,128)(4,1)}"", ""replica_groups"": ""{{0,1,2,3,4,5,6,7}}"", ""attrs"": ""channel_id=1, replica_groups={{0,1,2,3,4,5,6,7}}, dimensions={0}, use_global_device_ids=true, metadata={op_name=\""custom_kernel/custom_kernel/jit(moe)/shard_map/all_gather\"" stack_frame_id=2037}""}]",150080,runs/layer-ops-20260923/pcp8/hlo/pid-290362/module_9043.tt_jit_layernorm_L62C0_fused_add_rms_norm_add.cl_972931731.after_codegen.txt,EP dispatch / all-gather,"收集该组 token 激活、router logits 或路由计划，供本地专家处理；实际 replica groups={{0,1,2,3,4,5,6,7}}，输出 f8e4m3fn[32768,32,128]{2,1,0:T(32,128)(4,1)}。异步边界不能重复计费。"
1,/device:TPU:0,XLA Ops,compare_select_fusion.299,loop fusion,fusion,17417.269133,1.683073,"(s32[327680]{0:T(1024)}, s32[327680]{0:T(1024)})",s32[327680]{0:T(1024)S(1)},,"op_name=""custom_kernel/custom_kernel/jit(moe)/shard_map/select_n"" stack_frame_id=2046",/mnt/data/workspace/tpu_benchmark_daily/third_party/torchtpu-vllm/src/vllm_torchtpu/kernels/fused_moe/v2/layer.py:545,"{""broadcast"": 3, ""compare"": 1, ""add"": 2, ""select"": 2, ""tuple"": 1}",[],150081,runs/layer-ops-20260923/pcp8/hlo/pid-290362/module_9043.tt_jit_layernorm_L62C0_fused_add_rms_norm_add.cl_972931731.after_codegen.txt,FP8 量化 scale,计算/保护动态 FP8 scale：max(abs(x))/448；全零行使用非零替代 scale，避免除零。部分 fusion 同时生成 MoE 的有效行 mask。
1,/device:TPU:0,XLA Ops,scatter_offload_async_start.4.update,async-update,async-update,17418.952056,0.016807,"((s32[328320]{0:T(1024)}, s32[327680]{0:T(1024)}, s32[327680]{0:T(1024)}), s32[328320]{0:T(1024)})","((), (), s32[]{:S(2)}); s32[328320]{0:T(1024)}; (s32[327680]{0:T(1024)}, s32[327680]{0:T(1024)}); s32[327680]{0:T(1024)}",,,,{},[],150082,runs/layer-ops-20260923/pcp8/hlo/pid-290362/module_9043.tt_jit_layernorm_L62C0_fused_add_rms_norm_add.cl_972931731.after_codegen.txt,异步调用控制,异步 kernel/collective 的启动、提交或完成边界；具体计算在被调用的 HLO computation 中，不能把边界再当一遍计算。
1,/device:TPU:0,XLA Ops,scatter_offload_async_start.5,async-start,async-start,17418.976066,0.056423,"((), (), s32[]{:S(2)})",,,"op_name=""custom_kernel/custom_kernel/jit(moe)/shard_map/scatter-add"" stack_frame_id=2046",/mnt/data/workspace/tpu_benchmark_daily/third_party/torchtpu-vllm/src/vllm_torchtpu/kernels/fused_moe/v2/layer.py:545,"{""call"": 1}",[],150083,runs/layer-ops-20260923/pcp8/hlo/pid-290362/module_9043.tt_jit_layernorm_L62C0_fused_add_rms_norm_add.cl_972931731.after_codegen.txt,异步调用控制,异步 kernel/collective 的启动、提交或完成边界；具体计算在被调用的 HLO computation 中，不能把边界再当一遍计算。
1,/device:TPU:0,XLA Ops,copy-done.3105,copy-done,copy-done,17419.039691,0.003601,s32[64]{0:T(128)S(1)},"(s32[64]{0:T(128)S(1)}, s32[64]{0:T(128)}, u32[]{:S(2)})",,,,{},[],150084,runs/layer-ops-20260923/pcp8/hlo/pid-290362/module_9043.tt_jit_layernorm_L62C0_fused_add_rms_norm_add.cl_972931731.after_codegen.txt,DMA 搬运,等待对应 DMA 完成；与 copy-start 是同一次搬运的两端，不能重复计算搬运量。
1,/device:TPU:0,XLA Ops,broadcast_subtract_fusion.58,loop fusion,fusion,17419.050421,1.322929,s32[64]{0:T(128)},s32[]{:T(128)S(1)}; s32[512]{0:T(512)}; s32[]{:T(128)S(6)},,"op_name=""custom_kernel/custom_kernel/jit(moe)/shard_map/sub"" stack_frame_id=1925",/mnt/data/workspace/tpu_benchmark_daily/third_party/torchtpu-vllm/src/vllm_torchtpu/kernels/fused_moe/v2/host.py:914,"{""dynamic-slice"": 1, ""broadcast"": 1, ""subtract"": 1}",[],150086,runs/layer-ops-20260923/pcp8/hlo/pid-290362/module_9043.tt_jit_layernorm_L62C0_fused_add_rms_norm_add.cl_972931731.after_codegen.txt,MoE 路由/通信计划,减法：构造或处理 top-k 权重、专家计数、token 排列、量化 scale、远端地址及搬运计划；本行 dtype/shape 和 fused_ops 给出实际运算。
1,/device:TPU:0,XLA Ops,scatter_offload_async_start.5.update,async-update,async-update,17420.37455,0.015606,"((s32[328448]{0:T(1024)}, s32[327680]{0:T(1024)}, s32[327680]{0:T(1024)}), s32[328448]{0:T(1024)})","((), (), s32[]{:S(2)}); s32[328448]{0:T(1024)}; (s32[327680]{0:T(1024)}, s32[327680]{0:T(1024)}); s32[327680]{0:T(1024)}",,,,{},[],150087,runs/layer-ops-20260923/pcp8/hlo/pid-290362/module_9043.tt_jit_layernorm_L62C0_fused_add_rms_norm_add.cl_972931731.after_codegen.txt,异步调用控制,异步 kernel/collective 的启动、提交或完成边界；具体计算在被调用的 HLO computation 中，不能把边界再当一遍计算。
1,/device:TPU:0,XLA Ops,gather_offload_async_start.3,async-start,async-start,17420.39856,0.103241,"((), (), s32[]{:S(2)})",,,"op_name=""custom_kernel/custom_kernel/jit(moe)/shard_map/gather"" stack_frame_id=2066",/mnt/data/workspace/tpu_benchmark_daily/third_party/torchtpu-vllm/src/vllm_torchtpu/kernels/fused_moe/v2/layer.py:93,"{""call"": 1}",[],150088,runs/layer-ops-20260923/pcp8/hlo/pid-290362/module_9043.tt_jit_layernorm_L62C0_fused_add_rms_norm_add.cl_972931731.after_codegen.txt,SparseCore 索引读取,将按索引 gather 交给 SparseCore；此处 offload 表示计算交给 SparseCore，不表示模型权重从 DRAM offload。
1,/device:TPU:0,XLA Ops,scatter_offload_async_done.4,async-done,async-done,17420.510354,20.869148,s32[328320]{0:T(1024)},"((s32[328320]{0:T(1024)}, s32[327680]{0:T(1024)}, s32[327680]{0:T(1024)}), s32[328320]{0:T(1024)})",,"op_name=""custom_kernel/custom_kernel/jit(moe)/shard_map/scatter-add"" stack_frame_id=2040",/mnt/data/workspace/tpu_benchmark_daily/third_party/torchtpu-vllm/src/vllm_torchtpu/kernels/fused_moe/v2/host.py:969,{},[],150089,runs/layer-ops-20260923/pcp8/hlo/pid-290362/module_9043.tt_jit_layernorm_L62C0_fused_add_rms_norm_add.cl_972931731.after_codegen.txt,异步调用控制,异步 kernel/collective 的启动、提交或完成边界；具体计算在被调用的 HLO computation 中，不能把边界再当一遍计算。
1,/device:TPU:0,XLA Ops,broadcast_clamp_fusion.58,loop fusion,fusion,17441.380553,1.57623,s32[328320]{0:T(1024)S(1)},s32[328320]{0:T(1024)},,"op_name=""custom_kernel/custom_kernel/jit(moe)/shard_map/jit(clip)/min"" stack_frame_id=2043",/mnt/data/workspace/tpu_benchmark_daily/third_party/torchtpu-vllm/src/vllm_torchtpu/kernels/fused_moe/v2/host.py:970,"{""broadcast"": 2, ""clamp"": 1}",[],150090,runs/layer-ops-20260923/pcp8/hlo/pid-290362/module_9043.tt_jit_layernorm_L62C0_fused_add_rms_norm_add.cl_972931731.after_codegen.txt,MoE 路由/通信计划,取最小值：构造或处理 top-k 权重、专家计数、token 排列、量化 scale、远端地址及搬运计划；本行 dtype/shape 和 fused_ops 给出实际运算。
1,/device:TPU:0,XLA Ops,pad.1510,pad,pad,17442.964061,1.367347,s32[328576]{0:T(1024)},s32[328320]{0:T(1024)S(1)}; s32[]{:T(128)},,"op_name=""custom_kernel/custom_kernel/jit(moe)/shard_map/jit(_pad)/pad"" stack_frame_id=2044",/mnt/data/workspace/tpu_benchmark_daily/third_party/torchtpu-vllm/src/vllm_torchtpu/kernels/fused_moe/v2/layer.py:523,{},[],150091,runs/layer-ops-20260923/pcp8/hlo/pid-290362/module_9043.tt_jit_layernorm_L62C0_fused_add_rms_norm_add.cl_972931731.after_codegen.txt,MoE 路由/通信计划,补齐：构造或处理 top-k 权重、专家计数、token 排列、量化 scale、远端地址及搬运计划；本行 dtype/shape 和 fused_ops 给出实际运算。
1,/device:TPU:0,XLA Ops,scatter_offload_async_done.5,async-done,async-done,17444.332533,21.667467,s32[328448]{0:T(1024)},"((s32[328448]{0:T(1024)}, s32[327680]{0:T(1024)}, s32[327680]{0:T(1024)}), s32[328448]{0:T(1024)})",,"op_name=""custom_kernel/custom_kernel/jit(moe)/shard_map/scatter-add"" stack_frame_id=2046",/mnt/data/workspace/tpu_benchmark_daily/third_party/torchtpu-vllm/src/vllm_torchtpu/kernels/fused_moe/v2/layer.py:545,{},[],150092,runs/layer-ops-20260923/pcp8/hlo/pid-290362/module_9043.tt_jit_layernorm_L62C0_fused_add_rms_norm_add.cl_972931731.after_codegen.txt,异步调用控制,异步 kernel/collective 的启动、提交或完成边界；具体计算在被调用的 HLO computation 中，不能把边界再当一遍计算。
1,/device:TPU:0,XLA Ops,bitcast-convert_bitcast_fusion.58,loop fusion,fusion,17466.001201,2.402161,"f32[2566,128]{1,0:T(8,128)}",s32[328448]{0:T(1024)},,"op_name=""custom_kernel/custom_kernel/jit(moe)/shard_map/reshape"" stack_frame_id=2051",/mnt/data/workspace/tpu_benchmark_daily/third_party/torchtpu-vllm/src/vllm_torchtpu/kernels/fused_moe/v2/layer.py:546,"{""bitcast-convert"": 1, ""bitcast"": 1}",[],150093,runs/layer-ops-20260923/pcp8/hlo/pid-290362/module_9043.tt_jit_layernorm_L62C0_fused_add_rms_norm_add.cl_972931731.after_codegen.txt,MoE 路由/通信计划,形状变换：构造或处理 top-k 权重、专家计数、token 排列、量化 scale、远端地址及搬运计划；本行 dtype/shape 和 fused_ops 给出实际运算。
1,/device:TPU:0,XLA Ops,copy-done.3226,copy-done,copy-done,17468.404562,0.002401,s32[64]{0:T(128)},"(s32[64]{0:T(128)}, s32[64]{0:T(128)S(1)}, u32[]{:S(2)})",,,,{},[],150094,runs/layer-ops-20260923/pcp8/hlo/pid-290362/module_9043.tt_jit_layernorm_L62C0_fused_add_rms_norm_add.cl_972931731.after_codegen.txt,DMA 搬运,等待对应 DMA 完成；与 copy-start 是同一次搬运的两端，不能重复计算搬运量。
1,/device:TPU:0,XLA Ops,copy-start.2353,copy-start,copy-start,17468.408164,0.0012,"(f32[4096]{0:T(1024)S(1)}, f32[4096]{0:T(1024)}, u32[]{:S(2)})",f32[4096]{0:T(1024)},,,,{},[],150095,runs/layer-ops-20260923/pcp8/hlo/pid-290362/module_9043.tt_jit_layernorm_L62C0_fused_add_rms_norm_add.cl_972931731.after_codegen.txt,DMA 搬运,启动 DMA 搬运。
1,/device:TPU:0,XLA Ops,copy-start.2598,copy-start,copy-start,17468.409514,0.0012,"(pred[4096]{0:T(1024)(128)(4,1)S(1)}, pred[4096]{0:T(1024)(128)(4,1)}, u32[]{:S(2)})","(pred[4096]{0:T(1024)(128)(4,1)}, f32[4096,512]{1,0:T(8,128)S(1)})",,,,{},[],150096,runs/layer-ops-20260923/pcp8/hlo/pid-290362/module_9043.tt_jit_layernorm_L62C0_fused_add_rms_norm_add.cl_972931731.after_codegen.txt,DMA 搬运,启动 DMA 搬运。
1,/device:TPU:0,XLA Ops,fused_ep_moe_v2_g64_c128_nb3.181,custom-call,custom-call,17468.411765,2422.230492,"(f8e4m3fn[41472,32,128]{2,1,0:T(32,128)(4,1)}, f32[1350,128]{1,0:T(8,128)}, f8e4m3fn[328320,32,128]{2,1,0:T(8,128)(4,1)}, f32[2695,128]{1,0:T(8,128)})","(s32[8,64]{0,1:T(8,128)S(1)}, s32[64,8]{1,0:T(8,128)}); (s32[8]{0:T(128)S(1)}, s32[64,8]{1,0:T(8,128)}); s32[64,8]{1,0:T(8,128)}; s32[64,8]{1,0:T(8,128)}; (s32[8]{0:T(128)S(1)}, s32[8]{0:T(128)S(1)}, s32[8]{0:T(128)S(1)}, s32[8]{0:T(128)S(1)}, s32[8]{0:T(128)S(1)}, /*index=5*/s32[8]{0:T(128)S(1)}, s32[8]{0:T(128)S(1)}, s32[64,8]{1,0:T(8,128)}); s32[64]{0:T(128)}; s32[64]{0:T(128)}; s32[64]{0:T(128)}; s32[8,8]{1,0:T(8,128)}; s32[1,1]{1,0:T(1,128)}; s32[328576]{0:T(1024)}; f8e4m3fn[32768,32,128]{2,1,0:T(32,128)(4,1)}; f32[2566,128]{1,0:T(8,128)}; f8e4m3fn[64,4096,2048]{2,1,0:T(32,128)(4,1)}; f8e4m3fn[64,1024,4096]{2,1,0:T(32,128)(4,1)}; f32[64,2048]{1,0:T(8,128)}; f32[64,4096]{1,0:T(8,128)}","routed_expert_scale,routed_expert_weight","op_name=""custom_kernel/custom_kernel/jit(moe)/shard_map/fused_ep_moe_v2_g64_c128_nb3/pallas_call"" stack_frame_id=2053",/mnt/data/workspace/tpu_benchmark_daily/third_party/torchtpu-vllm/src/vllm_torchtpu/kernels/fused_moe/v2/kernel.py:1738,{},[],150099,runs/layer-ops-20260923/pcp8/hlo/pid-290362/module_9043.tt_jit_layernorm_L62C0_fused_add_rms_norm_add.cl_972931731.after_codegen.txt,路由专家计算,融合本 rank 专家的 gate/up GEMM、SiLU×up、down GEMM，以及把结果推送回 token 所属 rank；权重和传输格式见 shape。
1,/device:TPU:0,XLA Ops,gather_offload_async_start.3.update,async-update,async-update,19890.64961,0.036014,"((f32[1350,128]{1,0:T(8,128)}, s32[40960]{0:T(1024)}), f32[40960]{0:T(1024)})","((), (), s32[]{:S(2)}); (f8e4m3fn[41472,32,128]{2,1,0:T(32,128)(4,1)}, f32[1350,128]{1,0:T(8,128)}, f8e4m3fn[328320,32,128]{2,1,0:T(8,128)(4,1)}, f32[2695,128]{1,0:T(8,128)}); s32[40960]{0:T(1024)}",,,,{},[],150100,runs/layer-ops-20260923/pcp8/hlo/pid-290362/module_9043.tt_jit_layernorm_L62C0_fused_add_rms_norm_add.cl_972931731.after_codegen.txt,SparseCore 索引读取,将按索引 gather 交给 SparseCore；此处 offload 表示计算交给 SparseCore，不表示模型权重从 DRAM offload。
1,/device:TPU:0,XLA Ops,gather_offload_async_done.3,async-done,async-done,19890.757578,6.517407,f32[40960]{0:T(1024)},"((f32[1350,128]{1,0:T(8,128)}, s32[40960]{0:T(1024)}), f32[40960]{0:T(1024)})",,"op_name=""custom_kernel/custom_kernel/jit(moe)/shard_map/gather"" stack_frame_id=2066",/mnt/data/workspace/tpu_benchmark_daily/third_party/torchtpu-vllm/src/vllm_torchtpu/kernels/fused_moe/v2/layer.py:93,{},[],150102,runs/layer-ops-20260923/pcp8/hlo/pid-290362/module_9043.tt_jit_layernorm_L62C0_fused_add_rms_norm_add.cl_972931731.after_codegen.txt,SparseCore 索引读取,将按索引 gather 交给 SparseCore；此处 offload 表示计算交给 SparseCore，不表示模型权重从 DRAM offload。
1,/device:TPU:0 SparseCore 0,Sparse Core Ops,gather_offload_custom_fusion.196.cloned.1.call-start,async-start,async-start,19890.794718,0.012005,"((f32[1350,128]{1,0:T(8,128)}, s32[40960]{0:T(1024)}), f32[40960]{0:T(1024)}, u32[]{:S(8)})","f32[1350,128]{1,0:T(8,128)}; s32[40960]{0:T(1024)}",,"op_name=""custom_kernel/custom_kernel/jit(moe)/shard_map/gather"" stack_frame_id=2066",/mnt/data/workspace/tpu_benchmark_daily/third_party/torchtpu-vllm/src/vllm_torchtpu/kernels/fused_moe/v2/layer.py:93,"{""call"": 1}",[],11176,runs/layer-ops-20260923/pcp8/hlo/pid-290362/module_9043.tt_jit_layernorm_L62C0_fused_add_rms_norm_add.cl_972931731.after_codegen.txt,SparseCore 索引读取,将按索引 gather 交给 SparseCore；此处 offload 表示计算交给 SparseCore，不表示模型权重从 DRAM offload。
1,/device:TPU:0 SparseCore 0,Sparse Core Ops,gather_offload_custom_fusion.196.cloned.1.call-done,async-done,async-done,19890.81055,6.360144,f32[40960]{0:T(1024)},"((f32[1350,128]{1,0:T(8,128)}, s32[40960]{0:T(1024)}), f32[40960]{0:T(1024)}, u32[]{:S(8)})",,"op_name=""custom_kernel/custom_kernel/jit(moe)/shard_map/gather"" stack_frame_id=2066",/mnt/data/workspace/tpu_benchmark_daily/third_party/torchtpu-vllm/src/vllm_torchtpu/kernels/fused_moe/v2/layer.py:93,{},[],11177,runs/layer-ops-20260923/pcp8/hlo/pid-290362/module_9043.tt_jit_layernorm_L62C0_fused_add_rms_norm_add.cl_972931731.after_codegen.txt,SparseCore 索引读取,将按索引 gather 交给 SparseCore；此处 offload 表示计算交给 SparseCore，不表示模型权重从 DRAM offload。
1,/device:TPU:0,XLA Ops,reshape.27147,data formatting,reshape,19897.274985,3.072029,"f32[4096,10]{1,0:T(8,128)S(1)}",f32[40960]{0:T(1024)},,"op_name=""custom_kernel/custom_kernel/jit(moe)/shard_map/gather"" stack_frame_id=2066",/mnt/data/workspace/tpu_benchmark_daily/third_party/torchtpu-vllm/src/vllm_torchtpu/kernels/fused_moe/v2/layer.py:93,{},[],150103,runs/layer-ops-20260923/pcp8/hlo/pid-290362/module_9043.tt_jit_layernorm_L62C0_fused_add_rms_norm_add.cl_972931731.after_codegen.txt,数据复制/布局物化,编译器生成的实际数据复制或物理布局变换；比较 operand_shapes 与 shape 可区分 tiling/维度顺序和 memory space 的变化。
1,/device:TPU:0,XLA Ops,copy-done.2353,copy-done,copy-done,19900.354442,0.003601,f32[4096]{0:T(1024)S(1)},"(f32[4096]{0:T(1024)S(1)}, f32[4096]{0:T(1024)}, u32[]{:S(2)})",,,,{},[],150104,runs/layer-ops-20260923/pcp8/hlo/pid-290362/module_9043.tt_jit_layernorm_L62C0_fused_add_rms_norm_add.cl_972931731.after_codegen.txt,DMA 搬运,等待对应 DMA 完成；与 copy-start 是同一次搬运的两端，不能重复计算搬运量。
1,/device:TPU:0,XLA Ops,copy-done.2598,copy-done,copy-done,19900.366147,0.0012,"pred[4096]{0:T(1024)(128)(4,1)S(1)}","(pred[4096]{0:T(1024)(128)(4,1)S(1)}, pred[4096]{0:T(1024)(128)(4,1)}, u32[]{:S(2)})",,,,{},[],150105,runs/layer-ops-20260923/pcp8/hlo/pid-290362/module_9043.tt_jit_layernorm_L62C0_fused_add_rms_norm_add.cl_972931731.after_codegen.txt,DMA 搬运,等待对应 DMA 完成；与 copy-start 是同一次搬运的两端，不能重复计算搬运量。
1,/device:TPU:0,XLA Ops,select_multiply_fusion.58,loop fusion,fusion,19900.374625,3.328932,"f32[4096,10]{1,0:T(8,128)S(1)}","f32[4096,10]{1,0:T(8,128)S(1)}; f32[4096,10]{1,0:T(8,128)}; f32[4096]{0:T(1024)S(1)}; pred[4096]{0:T(1024)(128)(4,1)S(1)}",,"op_name=""custom_kernel/custom_kernel/jit(moe)/shard_map/mul"" stack_frame_id=2075",/mnt/data/workspace/tpu_benchmark_daily/third_party/torchtpu-vllm/src/vllm_torchtpu/kernels/fused_moe/v2/layer.py:95,"{""broadcast"": 3, ""divide"": 1, ""select"": 1, ""multiply"": 1}",[],150106,runs/layer-ops-20260923/pcp8/hlo/pid-290362/module_9043.tt_jit_layernorm_L62C0_fused_add_rms_norm_add.cl_972931731.after_codegen.txt,MoE 路由/通信计划,乘法：构造或处理 top-k 权重、专家计数、token 排列、量化 scale、远端地址及搬运计划；本行 dtype/shape 和 fused_ops 给出实际运算。
1,/device:TPU:0,XLA Ops,reshape.22946,data formatting,reshape,19903.71076,2.414166,f32[40960]{0:T(1024)},"f32[4096,10]{1,0:T(8,128)S(1)}",,"op_name=""custom_kernel/custom_kernel/jit(moe)/shard_map/reshape"" stack_frame_id=2077",/mnt/data/workspace/tpu_benchmark_daily/third_party/torchtpu-vllm/src/vllm_torchtpu/kernels/fused_moe/v2/kernel.py:1977,{},[],150107,runs/layer-ops-20260923/pcp8/hlo/pid-290362/module_9043.tt_jit_layernorm_L62C0_fused_add_rms_norm_add.cl_972931731.after_codegen.txt,数据复制/布局物化,编译器生成的实际数据复制或物理布局变换；比较 operand_shapes 与 shape 可区分 tiling/维度顺序和 memory space 的变化。
1,/device:TPU:0,XLA Ops,copy-start.2476,copy-start,copy-start,19906.124925,0.002401,"(f32[4096]{0:T(1024)S(1)}, f32[4096]{0:T(1024)}, u32[]{:S(2)})",f32[4096]{0:T(1024)},,,,{},[],150108,runs/layer-ops-20260923/pcp8/hlo/pid-290362/module_9043.tt_jit_layernorm_L62C0_fused_add_rms_norm_add.cl_972931731.after_codegen.txt,DMA 搬运,启动 DMA 搬运。
1,/device:TPU:0,XLA Ops,copy-start.2967,copy-start,copy-start,19906.128452,0.0,"(bf16[4096]{0:T(1024)(128)(2,1)S(1)}, bf16[4096]{0:T(1024)(128)(2,1)}, u32[]{:S(2)})","bf16[4096]{0:T(1024)(128)(2,1)}",,,,{},[],150109,runs/layer-ops-20260923/pcp8/hlo/pid-290362/module_9043.tt_jit_layernorm_L62C0_fused_add_rms_norm_add.cl_972931731.after_codegen.txt,DMA 搬运,启动 DMA 搬运。
1,/device:TPU:0,XLA Ops,copy-start.3665,copy-start,copy-start,19906.128752,0.002401,"(f32[4096]{0:T(1024)S(1)}, f32[4096]{0:T(1024)}, u32[]{:S(2)})",f32[4096]{0:T(1024)},weight_or_scale,,,{},[],150110,runs/layer-ops-20260923/pcp8/hlo/pid-290362/module_9043.tt_jit_layernorm_L62C0_fused_add_rms_norm_add.cl_972931731.after_codegen.txt,DMA 搬运,启动 DMA 搬运。
1,/device:TPU:0,XLA Ops,moe_v2_combine_t4096_k10_b64.181,custom-call,custom-call,19906.131003,178.95078,"bf16[4096,4096]{1,0:T(16,128)(2,1)}","s32[40960]{0:T(1024)}; f32[40960]{0:T(1024)}; (f8e4m3fn[41472,32,128]{2,1,0:T(32,128)(4,1)}, f32[1350,128]{1,0:T(8,128)}, f8e4m3fn[328320,32,128]{2,1,0:T(8,128)(4,1)}, f32[2695,128]{1,0:T(8,128)})",,"op_name=""custom_kernel/custom_kernel/jit(moe)/shard_map/moe_v2_combine_t4096_k10_b64/pallas_call"" stack_frame_id=2078",/mnt/data/workspace/tpu_benchmark_daily/third_party/torchtpu-vllm/src/vllm_torchtpu/kernels/fused_moe/v2/kernel.py:1976,{},[],150112,runs/layer-ops-20260923/pcp8/hlo/pid-290362/module_9043.tt_jit_layernorm_L62C0_fused_add_rms_norm_add.cl_972931731.after_codegen.txt,路由专家合并,按 token 的 top-k 路由取回专家结果，反量化、乘路由权重并求和，输出 BF16 hidden states。
1,/device:TPU:0,XLA Ops,copy-done.2476,copy-done,copy-done,20085.088986,0.002401,f32[4096]{0:T(1024)S(1)},"(f32[4096]{0:T(1024)S(1)}, f32[4096]{0:T(1024)}, u32[]{:S(2)})",,,,{},[],150113,runs/layer-ops-20260923/pcp8/hlo/pid-290362/module_9043.tt_jit_layernorm_L62C0_fused_add_rms_norm_add.cl_972931731.after_codegen.txt,DMA 搬运,等待对应 DMA 完成；与 copy-start 是同一次搬运的两端，不能重复计算搬运量。
1,/device:TPU:0,XLA Ops,copy-done.2967,copy-done,copy-done,20085.09859,0.003601,"bf16[4096]{0:T(1024)(128)(2,1)S(1)}","(bf16[4096]{0:T(1024)(128)(2,1)S(1)}, bf16[4096]{0:T(1024)(128)(2,1)}, u32[]{:S(2)})",,,,{},[],150114,runs/layer-ops-20260923/pcp8/hlo/pid-290362/module_9043.tt_jit_layernorm_L62C0_fused_add_rms_norm_add.cl_972931731.after_codegen.txt,DMA 搬运,等待对应 DMA 完成；与 copy-start 是同一次搬运的两端，不能重复计算搬运量。
1,/device:TPU:0,XLA Ops,copy-done.3665,copy-done,copy-done,20085.109244,0.002401,f32[4096]{0:T(1024)S(1)},"(f32[4096]{0:T(1024)S(1)}, f32[4096]{0:T(1024)}, u32[]{:S(2)})",weight_or_scale,,,{},[],150115,runs/layer-ops-20260923/pcp8/hlo/pid-290362/module_9043.tt_jit_layernorm_L62C0_fused_add_rms_norm_add.cl_972931731.after_codegen.txt,DMA 搬运,等待对应 DMA 完成；与 copy-start 是同一次搬运的两端，不能重复计算搬运量。
1,/device:TPU:0,XLA Ops,multiply_reduce_fusion.161,convolution fusion,fusion,20085.135655,59.746699,"(f32[4096]{0:T(1024)S(1)}, bf16[4096,4096]{1,0:T(16,128)(2,1)})","(f32[4096]{0:T(1024)S(1)}, bf16[4096,4096]{1,0:T(16,128)(2,1)}, bf16[4096,4096]{1,0:T(16,128)(2,1)}); (f32[4096]{0:T(1024)S(1)}, bf16[4096,4096]{1,0:T(16,128)(2,1)}, bf16[4096,4096]{1,0:T(16,128)(2,1)}); bf16[4096,4096]{1,0:T(16,128)(2,1)}; f32[4096]{0:T(1024)S(1)}; f32[4096]{0:T(1024)S(1)}; f8e4m3fn[4096,1024]{1,0:T(32,128)(4,1)}; f8e4m3fn[1024,4096]{1,0:T(32,128)(4,1)}; bf16[4096]{0:T(1024)(128)(2,1)S(1)}","shared_down_weight,weight_or_scale","op_name=""custom_kernel/custom_kernel/jit(_quantized_matmul_jax)/dot_general"" stack_frame_id=1757",/mnt/data/workspace/tpu_benchmark_daily/third_party/torchtpu-vllm/src/vllm_torchtpu/kernels/quantized_matmul/util.py:98,"{""broadcast"": 3, ""fusion"": 5, ""convolution"": 1, ""multiply"": 4, ""convert"": 6, ""add"": 3, ""reduce"": 1, ""copy"": 1, ""tuple"": 1}",[],150117,runs/layer-ops-20260923/pcp8/hlo/pid-290362/module_9043.tt_jit_layernorm_L62C0_fused_add_rms_norm_add.cl_972931731.after_codegen.txt,共享专家 down/合并,共享专家的 down GEMM 投影回 hidden；可融合其 gate、路由专家输出相加及后续归一化的部分计算。
1,/device:TPU:0,XLA Ops,add_rsqrt_fusion.146,loop fusion,fusion,20144.882428,0.010804,f32[4096]{0:T(1024)S(1)},"(f32[4096]{0:T(1024)S(1)}, bf16[4096,4096]{1,0:T(16,128)(2,1)})",,"op_name=""rsqrt/rsqrt"" stack_frame_id=1306",/mnt/data/workspace/tpu_benchmark_daily/.venv/lib64/python3.12/site-packages/vllm/ir/ops/layernorm.py:60,"{""broadcast"": 2, ""multiply"": 1, ""add"": 1, ""rsqrt"": 1}",[],150118,runs/layer-ops-20260923/pcp8/hlo/pid-290362/module_9043.tt_jit_layernorm_L62C0_fused_add_rms_norm_add.cl_972931731.after_codegen.txt,RMSNorm/residual,计算均方、加 epsilon、rsqrt 和归一化；融合版本同时处理 residual add，具体融合范围见 HLO。
1,/device:TPU:0,XLA Ops,copy-start.65,copy-start,copy-start,27571.304922,0.006002,"(s32[65]{0:T(128)S(1)}, s32[65]{0:T(128)}, u32[]{:S(2)})",s32[65]{0:T(128)},,,,{},[],150863,runs/layer-ops-20260923/pcp8/hlo/pid-290362/module_9043.tt_jit_layernorm_L62C0_fused_add_rms_norm_add.cl_972931731.after_codegen.txt,DMA 搬运,启动 DMA 搬运。
1,/device:TPU:0,XLA Ops,copy-done.65,copy-done,copy-done,27860.354292,0.002401,s32[65]{0:T(128)S(1)},"(s32[65]{0:T(128)S(1)}, s32[65]{0:T(128)}, u32[]{:S(2)})",,,,{},[],150942,runs/layer-ops-20260923/pcp8/hlo/pid-290362/module_9043.tt_jit_layernorm_L62C0_fused_add_rms_norm_add.cl_972931731.after_codegen.txt,DMA 搬运,等待对应 DMA 完成；与 copy-start 是同一次搬运的两端，不能重复计算搬运量。
1,/device:TPU:0,XLA Ops,copy-start.2174,copy-start,copy-start,41518.217587,0.008403,"(s32[64]{0:T(128)S(1)}, s32[64]{0:T(128)}, u32[]{:S(2)})",s32[64]{0:T(128)},,,,{},[],151818,runs/layer-ops-20260923/pcp8/hlo/pid-290362/module_9043.tt_jit_layernorm_L62C0_fused_add_rms_norm_add.cl_972931731.after_codegen.txt,DMA 搬运,启动 DMA 搬运。
1,/device:TPU:0,XLA Ops,copy-done.2174,copy-done,copy-done,41539.707158,0.002401,s32[64]{0:T(128)S(1)},"(s32[64]{0:T(128)S(1)}, s32[64]{0:T(128)}, u32[]{:S(2)})",,,,{},[],151838,runs/layer-ops-20260923/pcp8/hlo/pid-290362/module_9043.tt_jit_layernorm_L62C0_fused_add_rms_norm_add.cl_972931731.after_codegen.txt,DMA 搬运,等待对应 DMA 完成；与 copy-start 是同一次搬运的两端，不能重复计算搬运量。
1,/device:TPU:0,XLA Ops,copy-start.2175,copy-start,copy-start,44851.634004,0.007203,"(s32[64]{0:T(128)S(1)}, s32[64]{0:T(128)}, u32[]{:S(2)})",s32[64]{0:T(128)},,,,{},[],151932,runs/layer-ops-20260923/pcp8/hlo/pid-290362/module_9043.tt_jit_layernorm_L62C0_fused_add_rms_norm_add.cl_972931731.after_codegen.txt,DMA 搬运,启动 DMA 搬运。
1,/device:TPU:0,XLA Ops,copy-done.2175,copy-done,copy-done,44906.139256,0.0012,s32[64]{0:T(128)S(1)},"(s32[64]{0:T(128)S(1)}, s32[64]{0:T(128)}, u32[]{:S(2)})",,,,{},[],152005,runs/layer-ops-20260923/pcp8/hlo/pid-290362/module_9043.tt_jit_layernorm_L62C0_fused_add_rms_norm_add.cl_972931731.after_codegen.txt,DMA 搬运,等待对应 DMA 完成；与 copy-start 是同一次搬运的两端，不能重复计算搬运量。
