layer,plane,line,name,category,opcode,start_us,duration_us,shape,operand_shapes,direct_weights,metadata,source,fused_ops,collectives,hlo_line,hlo_source,group,purpose
1,/device:TPU:0,XLA Ops,copy-start.1860,copy-start,copy-start,3007.290667,0.009604,"(bf16[12288,1,4]{0,2,1:T(4,128)(2,1)S(1)}, bf16[12288,1,4]{0,2,1:T(4,128)(2,1)}, u32[]{:S(2)})","bf16[12288,1,4]{0,2,1:T(4,128)(2,1)}",gdn_conv_weight,,,{},[],125221,runs/layer-ops-20260923/dp8/hlo/pid-233147/module_5516.tt_jit_layernorm_L62C0_fused_add_rms_norm_add.cl_972931731.after_codegen.txt,DMA 搬运,启动 DMA 搬运。
1,/device:TPU:0,XLA Ops,copy-start.3066,copy-start,copy-start,3007.339736,0.008403,"(bf16[128]{0:T(256)(128)(2,1)S(1)}, bf16[128]{0:T(256)(128)(2,1)}, u32[]{:S(2)})","bf16[128]{0:T(256)(128)(2,1)}",gdn_gated_rms_weight,,,{},[],125224,runs/layer-ops-20260923/dp8/hlo/pid-233147/module_5516.tt_jit_layernorm_L62C0_fused_add_rms_norm_add.cl_972931731.after_codegen.txt,DMA 搬运,启动 DMA 搬运。
1,/device:TPU:0,XLA Ops,copy-done.1860,copy-done,copy-done,3045.242647,0.002401,"bf16[12288,1,4]{0,2,1:T(4,128)(2,1)S(1)}","(bf16[12288,1,4]{0,2,1:T(4,128)(2,1)S(1)}, bf16[12288,1,4]{0,2,1:T(4,128)(2,1)}, u32[]{:S(2)})",gdn_conv_weight,,,{},[],125246,runs/layer-ops-20260923/dp8/hlo/pid-233147/module_5516.tt_jit_layernorm_L62C0_fused_add_rms_norm_add.cl_972931731.after_codegen.txt,DMA 搬运,等待对应 DMA 完成；与 copy-start 是同一次搬运的两端，不能重复计算搬运量。
1,/device:TPU:0,XLA Ops,copy.8913,data formatting,copy,3045.245048,0.163265,"f32[12288,1,4]{0,1,2:T(1,128)S(1)}","bf16[12288,1,4]{0,2,1:T(4,128)(2,1)S(1)}",gdn_conv_weight,"op_name=""custom_kernel/custom_kernel/convert_element_type"" stack_frame_id=516",/mnt/data/workspace/tpu_benchmark_daily/.venv/lib64/python3.12/site-packages/torch_tpu/_internal/pallas/pallas.py:685,{},[],125247,runs/layer-ops-20260923/dp8/hlo/pid-233147/module_5516.tt_jit_layernorm_L62C0_fused_add_rms_norm_add.cl_972931731.after_codegen.txt,数据复制/布局物化,编译器生成的实际数据复制或物理布局变换；比较 operand_shapes 与 shape 可区分 tiling/维度顺序和 memory space 的变化。
1,/device:TPU:0,XLA Ops,copy-done.3066,copy-done,copy-done,3046.091312,0.003601,"bf16[128]{0:T(256)(128)(2,1)S(1)}","(bf16[128]{0:T(256)(128)(2,1)S(1)}, bf16[128]{0:T(256)(128)(2,1)}, u32[]{:S(2)})",gdn_gated_rms_weight,,,{},[],125252,runs/layer-ops-20260923/dp8/hlo/pid-233147/module_5516.tt_jit_layernorm_L62C0_fused_add_rms_norm_add.cl_972931731.after_codegen.txt,DMA 搬运,等待对应 DMA 完成；与 copy-start 是同一次搬运的两端，不能重复计算搬运量。
1,/device:TPU:0,XLA Ops,copy_.14,non-fusion elementwise,convert,3046.097239,0.537815,f32[128]{0:T(128)},"bf16[128]{0:T(256)(128)(2,1)S(1)}",gdn_gated_rms_weight,"op_name=""to_copy/copy_"" stack_frame_id=505",/mnt/data/workspace/tpu_benchmark_daily/.venv/lib64/python3.12/site-packages/vllm/model_executor/layers/layernorm.py:245,{},[],125254,runs/layer-ops-20260923/dp8/hlo/pid-233147/module_5516.tt_jit_layernorm_L62C0_fused_add_rms_norm_add.cl_972931731.after_codegen.txt,FP32 中间计算,将 BF16 中间张量转换为 FP32，供后续归一化、门控或归约计算；不改变模型参数存储 dtype。
1,/device:TPU:0,XLA Ops,sparse-core-data-format-call.97.cloned.1.call-start,async-start,async-start,7858.446579,0.102041,"((), (), s32[]{:S(2)})",,,,,"{""call"": 1}",[],125471,runs/layer-ops-20260923/dp8/hlo/pid-233147/module_5516.tt_jit_layernorm_L62C0_fused_add_rms_norm_add.cl_972931731.after_codegen.txt,SparseCore 布局转换,将数据转换为消费者要求的物理布局；start/update/done 分别表示启动、提交操作数和等待完成，源/目标 tiling 见 shape。
1,/device:TPU:0,XLA Ops,copy-start.2345,copy-start,copy-start,8053.4982,0.008403,"(bf16[4096]{0:T(1024)(128)(2,1)S(1)}, bf16[4096]{0:T(1024)(128)(2,1)}, u32[]{:S(2)})","bf16[4096]{0:T(1024)(128)(2,1)}",input_rms_weight,,,{},[],125486,runs/layer-ops-20260923/dp8/hlo/pid-233147/module_5516.tt_jit_layernorm_L62C0_fused_add_rms_norm_add.cl_972931731.after_codegen.txt,DMA 搬运,启动 DMA 搬运。
1,/device:TPU:0,XLA Ops,copy-done.2345,copy-done,copy-done,8112.262905,0.002401,"bf16[4096]{0:T(1024)(128)(2,1)S(1)}","(bf16[4096]{0:T(1024)(128)(2,1)S(1)}, bf16[4096]{0:T(1024)(128)(2,1)}, u32[]{:S(2)})",input_rms_weight,,,{},[],125489,runs/layer-ops-20260923/dp8/hlo/pid-233147/module_5516.tt_jit_layernorm_L62C0_fused_add_rms_norm_add.cl_972931731.after_codegen.txt,DMA 搬运,等待对应 DMA 完成；与 copy-start 是同一次搬运的两端，不能重复计算搬运量。
1,/device:TPU:0,XLA Ops,abs_reduce_fusion.177,loop fusion,fusion,8112.272509,50.512605,"(bf16[4096]{0:T(1024)(128)(2,1)S(1)}, bf16[4096,4096]{1,0:T(16,128)(2,1)})","bf16[4096]{0:T(1024)(128)(2,1)S(1)}; f32[4096]{0:T(1024)S(1)}; bf16[4096,4096]{1,0:T(16,128)(2,1)}; (f32[4096]{0:T(1024)S(1)}, bf16[4096,4096]{1,0:T(16,128)(2,1)}); (f32[4096]{0:T(1024)S(1)}, bf16[4096,4096]{1,0:T(16,128)(2,1)})",input_rms_weight,"op_name=""custom_kernel/custom_kernel/jit(_quantized_matmul_jax)/reduce_max"" stack_frame_id=643",/mnt/data/workspace/tpu_benchmark_daily/third_party/torchtpu-vllm/src/vllm_torchtpu/kernels/quantized_matmul/util.py:302,"{""fusion"": 3, ""convert"": 6, ""add"": 3, ""broadcast"": 2, ""multiply"": 2, ""abs"": 1, ""reduce"": 1, ""copy"": 1, ""tuple"": 1}",[],125490,runs/layer-ops-20260923/dp8/hlo/pid-233147/module_5516.tt_jit_layernorm_L62C0_fused_add_rms_norm_add.cl_972931731.after_codegen.txt,FP8 激活量化,按 token 行计算 max(abs(x))，得到动态 FP8 量化 scale；可能融合前面的 RMSNorm/门控操作。
1,/device:TPU:0,XLA Ops,compare_select_fusion.558,loop fusion,fusion,8162.786315,0.007203,f32[4096]{0:T(1024)S(1)},"(bf16[4096]{0:T(1024)(128)(2,1)S(1)}, bf16[4096,4096]{1,0:T(16,128)(2,1)})",,"op_name=""custom_kernel/custom_kernel/select_n"" stack_frame_id=499",/mnt/data/workspace/tpu_benchmark_daily/.venv/lib64/python3.12/site-packages/torch_tpu/_internal/pallas/pallas.py:685,"{""convert"": 1, ""broadcast"": 3, ""multiply"": 1, ""compare"": 1, ""select"": 1}",[],125491,runs/layer-ops-20260923/dp8/hlo/pid-233147/module_5516.tt_jit_layernorm_L62C0_fused_add_rms_norm_add.cl_972931731.after_codegen.txt,FP8 量化 scale,计算/保护动态 FP8 scale：max(abs(x))/448；全零行使用非零替代 scale，避免除零。部分 fusion 同时生成 MoE 的有效行 mask。
1,/device:TPU:0,XLA Ops,copy-start.2827,copy-start,copy-start,8162.794718,0.009604,"(f32[20480]{0:T(1024)S(1)}, f32[20480]{0:T(1024)}, u32[]{:S(2)})",f32[20480]{0:T(1024)},projection_weight_scale,,,{},[],125492,runs/layer-ops-20260923/dp8/hlo/pid-233147/module_5516.tt_jit_layernorm_L62C0_fused_add_rms_norm_add.cl_972931731.after_codegen.txt,DMA 搬运,启动 DMA 搬运。
1,/device:TPU:0,XLA Ops,clamp_convert_fusion.132,loop fusion,fusion,8162.810474,16.708283,"f8e4m3fn[4096,4096]{1,0:T(32,128)(4,1)S(1)}","(bf16[4096]{0:T(1024)(128)(2,1)S(1)}, bf16[4096,4096]{1,0:T(16,128)(2,1)}); f32[4096]{0:T(1024)S(1)}",,"op_name=""custom_kernel/custom_kernel/jit(_quantized_matmul_jax)/convert_element_type"" stack_frame_id=646",/mnt/data/workspace/tpu_benchmark_daily/third_party/torchtpu-vllm/src/vllm_torchtpu/kernels/quantized_matmul/util.py:312,"{""broadcast"": 3, ""fusion"": 1, ""convert"": 2, ""divide"": 1, ""clamp"": 1, ""copy"": 1}",[],125493,runs/layer-ops-20260923/dp8/hlo/pid-233147/module_5516.tt_jit_layernorm_L62C0_fused_add_rms_norm_add.cl_972931731.after_codegen.txt,FP8 激活量化,按动态 scale 缩放并截断到 FP8 可表示范围，再转换为 FP8，供后续 MXU GEMM 使用。
1,/device:TPU:0,XLA Ops,copy-done.2827,copy-done,copy-done,8179.528212,0.0012,f32[20480]{0:T(1024)S(1)},"(f32[20480]{0:T(1024)S(1)}, f32[20480]{0:T(1024)}, u32[]{:S(2)})",projection_weight_scale,,,{},[],125494,runs/layer-ops-20260923/dp8/hlo/pid-233147/module_5516.tt_jit_layernorm_L62C0_fused_add_rms_norm_add.cl_972931731.after_codegen.txt,DMA 搬运,等待对应 DMA 完成；与 copy-start 是同一次搬运的两端，不能重复计算搬运量。
1,/device:TPU:0,XLA Ops,multiply_convert_fusion.43,convolution fusion,fusion,8179.536615,407.391357,"bf16[4096,20480]{1,0:T(8,128)(2,1)}","f8e4m3fn[4096,4096]{1,0:T(32,128)(4,1)S(1)}; f8e4m3fn[20480,4096]{1,0:T(32,128)(4,1)}; f32[20480]{0:T(1024)S(1)}; f32[4096]{0:T(1024)S(1)}","projection_weight_scale,qkvz_weight","op_name=""custom_kernel/custom_kernel/jit(_quantized_matmul_jax)/dot_general"" stack_frame_id=647",/mnt/data/workspace/tpu_benchmark_daily/third_party/torchtpu-vllm/src/vllm_torchtpu/kernels/quantized_matmul/util.py:98,"{""fusion"": 2, ""convolution"": 1, ""broadcast"": 2, ""multiply"": 2, ""convert"": 1}",[],125495,runs/layer-ops-20260923/dp8/hlo/pid-233147/module_5516.tt_jit_layernorm_L62C0_fused_add_rms_norm_add.cl_972931731.after_codegen.txt,GDN 输入投影,FP8 QKVZ GEMM：hidden→Q/K/V/Z；融合输出 scale 和类型转换。XProf 的 convolution fusion 在这里是矩阵乘 lowering。
1,/device:TPU:0,XLA Ops,sparse-core-data-format-call.97.cloned.1.call-update,async-update,async-update,8586.929172,0.033613,"((bf16[512,8,160,128]{3,1,2,0:T(8,128)(2,1)}), bf16[512,8,160,128]{3,2,1,0:T(8,128)(2,1)})","((), (), s32[]{:S(2)}); bf16[512,8,160,128]{3,1,2,0:T(8,128)(2,1)}",,,,{},[],125497,runs/layer-ops-20260923/dp8/hlo/pid-233147/module_5516.tt_jit_layernorm_L62C0_fused_add_rms_norm_add.cl_972931731.after_codegen.txt,SparseCore 布局转换,将数据转换为消费者要求的物理布局；start/update/done 分别表示启动、提交操作数和等待完成，源/目标 tiling 见 shape。
1,/device:TPU:0,XLA Ops,all-gather.303.cloned.1.call-start,async-start,async-start,8586.971189,0.048019,"((), (), s32[]{:S(2)})",,,"op_name=""custom_kernel/custom_kernel/jit(moe)/shard_map/all_gather"" stack_frame_id=763",/mnt/data/workspace/tpu_benchmark_daily/third_party/torchtpu-vllm/src/vllm_torchtpu/kernels/fused_moe/v2/layer.py:465,"{""call"": 1}","[{""opcode"": ""all-gather"", ""shape"": ""s32[8,1,45568]{2,1,0:T(1,128)}"", ""replica_groups"": ""{{0,1,2,3,4,5,6,7}}"", ""attrs"": ""channel_id=1, replica_groups={{0,1,2,3,4,5,6,7}}, dimensions={0}, use_global_device_ids=true, metadata={op_name=\""custom_kernel/custom_kernel/jit(moe)/shard_map/all_gather\"" stack_frame_id=763}""}]",125498,runs/layer-ops-20260923/dp8/hlo/pid-233147/module_5516.tt_jit_layernorm_L62C0_fused_add_rms_norm_add.cl_972931731.after_codegen.txt,EP dispatch / all-gather,"收集该组 token 激活、router logits 或路由计划，供本地专家处理；实际 replica groups={{0,1,2,3,4,5,6,7}}，输出 s32[8,1,45568]{2,1,0:T(1,128)}。异步边界不能重复计费。"
1,/device:TPU:0,XLA Ops,slice_convert_fusion.43,loop fusion,fusion,8587.026411,216.539016,"f32[4096,12288]{1,0:T(8,128)}","bf16[4096,20480]{1,0:T(8,128)(2,1)}",,"op_name=""custom_kernel/custom_kernel/reshape"" stack_frame_id=516",/mnt/data/workspace/tpu_benchmark_daily/.venv/lib64/python3.12/site-packages/torch_tpu/_internal/pallas/pallas.py:685,"{""slice"": 1, ""convert"": 1}",[],125499,runs/layer-ops-20260923/dp8/hlo/pid-233147/module_5516.tt_jit_layernorm_L62C0_fused_add_rms_norm_add.cl_972931731.after_codegen.txt,GDN 输入准备,从 QKVZ 或 B/A 投影中切出 GDN 所需分量，补齐并转换到 FP32；实际 slice/pad/convert 已融合。
1,/device:TPU:0 SparseCore 0,Sparse Core Ops,copy.12016.cloned.1.call-start,async-start,async-start,8587.068428,0.010804,"((bf16[512,8,160,128]{3,1,2,0:T(8,128)(2,1)}), bf16[512,8,160,128]{3,2,1,0:T(8,128)(2,1)}, u32[]{:S(8)})","bf16[512,8,160,128]{3,1,2,0:T(8,128)(2,1)}",,,,"{""call"": 1}",[],4559,runs/layer-ops-20260923/dp8/hlo/pid-233147/module_5516.tt_jit_layernorm_L62C0_fused_add_rms_norm_add.cl_972931731.after_codegen.txt,SparseCore 布局转换,将数据转换为消费者要求的物理布局；start/update/done 分别表示启动、提交操作数和等待完成，源/目标 tiling 见 shape。
1,/device:TPU:0 SparseCore 0,Sparse Core Ops,copy.12016.cloned.1.call-done,async-done,async-done,8587.084184,206.088836,"bf16[512,8,160,128]{3,2,1,0:T(8,128)(2,1)}","((bf16[512,8,160,128]{3,1,2,0:T(8,128)(2,1)}), bf16[512,8,160,128]{3,2,1,0:T(8,128)(2,1)}, u32[]{:S(8)})",,,,{},[],4560,runs/layer-ops-20260923/dp8/hlo/pid-233147/module_5516.tt_jit_layernorm_L62C0_fused_add_rms_norm_add.cl_972931731.after_codegen.txt,SparseCore 布局转换,将数据转换为消费者要求的物理布局；start/update/done 分别表示启动、提交操作数和等待完成，源/目标 tiling 见 shape。
1,/device:TPU:0,XLA Ops,copy-start.953,copy-start,copy-start,8803.566627,0.0,"(pred[128]{0:T(512)(128)(4,1)S(1)}, pred[128]{0:T(512)(128)(4,1)}, u32[]{:S(2)})","pred[128]{0:T(512)(128)(4,1)}",,,,{},[],125500,runs/layer-ops-20260923/dp8/hlo/pid-233147/module_5516.tt_jit_layernorm_L62C0_fused_add_rms_norm_add.cl_972931731.after_codegen.txt,DMA 搬运,启动 DMA 搬运。
1,/device:TPU:0,XLA Ops,copy-start.1752,copy-start,copy-start,8803.567827,0.0012,"(bf16[4096,128]{1,0:T(8,128)(2,1)S(1)}, bf16[4096,128]{1,0:T(8,128)(2,1)}, u32[]{:S(2)})","bf16[4096,128]{1,0:T(8,128)(2,1)}",gdn_ba_weight,,,{},[],125501,runs/layer-ops-20260923/dp8/hlo/pid-233147/module_5516.tt_jit_layernorm_L62C0_fused_add_rms_norm_add.cl_972931731.after_codegen.txt,DMA 搬运,启动 DMA 搬运。
1,/device:TPU:0,XLA Ops,reshape.9234,data formatting,reshape,8803.573905,239.404562,"f32[4096,1,12288]{2,1,0:T(1,128)}","f32[4096,12288]{1,0:T(8,128)}",,"op_name=""custom_kernel/custom_kernel/reshape"" stack_frame_id=516",/mnt/data/workspace/tpu_benchmark_daily/.venv/lib64/python3.12/site-packages/torch_tpu/_internal/pallas/pallas.py:685,{},[],125502,runs/layer-ops-20260923/dp8/hlo/pid-233147/module_5516.tt_jit_layernorm_L62C0_fused_add_rms_norm_add.cl_972931731.after_codegen.txt,数据复制/布局物化,编译器生成的实际数据复制或物理布局变换；比较 operand_shapes 与 shape 可区分 tiling/维度顺序和 memory space 的变化。
1,/device:TPU:0,XLA Ops,copy-done.953,copy-done,copy-done,9042.978542,0.002401,"pred[128]{0:T(512)(128)(4,1)S(1)}","(pred[128]{0:T(512)(128)(4,1)S(1)}, pred[128]{0:T(512)(128)(4,1)}, u32[]{:S(2)})",,,,{},[],125503,runs/layer-ops-20260923/dp8/hlo/pid-233147/module_5516.tt_jit_layernorm_L62C0_fused_add_rms_norm_add.cl_972931731.after_codegen.txt,DMA 搬运,等待对应 DMA 完成；与 copy-start 是同一次搬运的两端，不能重复计算搬运量。
1,/device:TPU:0,XLA Ops,copy-done.1752,copy-done,copy-done,9042.981993,0.003601,"bf16[4096,128]{1,0:T(8,128)(2,1)S(1)}","(bf16[4096,128]{1,0:T(8,128)(2,1)S(1)}, bf16[4096,128]{1,0:T(8,128)(2,1)}, u32[]{:S(2)})",gdn_ba_weight,,,{},[],125504,runs/layer-ops-20260923/dp8/hlo/pid-233147/module_5516.tt_jit_layernorm_L62C0_fused_add_rms_norm_add.cl_972931731.after_codegen.txt,DMA 搬运,等待对应 DMA 完成；与 copy-start 是同一次搬运的两端，不能重复计算搬运量。
1,/device:TPU:0,XLA Ops,bitcast_convert_fusion.57,convolution fusion,fusion,9042.987996,15.85114,"(f32[4096,1,128]{2,0,1:T(8,128)S(1)}, bf16[4096,128]{1,0:T(8,128)(2,1)S(1)})","pred[128]{0:T(512)(128)(4,1)S(1)}; (bf16[4096]{0:T(1024)(128)(2,1)S(1)}, bf16[4096,4096]{1,0:T(16,128)(2,1)}); bf16[4096,128]{1,0:T(8,128)(2,1)S(1)}",gdn_ba_weight,"op_name=""mm/mm"" stack_frame_id=506",/mnt/data/workspace/tpu_benchmark_daily/third_party/torchtpu-vllm/src/vllm_torchtpu/layers/adapter/quantization/unquantized.py:118,"{""broadcast"": 2, ""fusion"": 2, ""convolution"": 1, ""select"": 1, ""bitcast"": 1, ""convert"": 1, ""tuple"": 1}",[],125505,runs/layer-ops-20260923/dp8/hlo/pid-233147/module_5516.tt_jit_layernorm_L62C0_fused_add_rms_norm_add.cl_972931731.after_codegen.txt,GDN 门控投影,BF16 GEMM：hidden→B/A 两组门控参数，控制状态写入强度和历史状态衰减。
1,/device:TPU:0,XLA Ops,as_strided.707,slice,slice,9058.846414,0.678271,"bf16[4096,64]{1,0:T(8,128)(2,1)S(1)}","(f32[4096,1,128]{2,0,1:T(8,128)S(1)}, bf16[4096,128]{1,0:T(8,128)(2,1)S(1)})",,"op_name=""copy_/as_strided"" stack_frame_id=507",/mnt/data/workspace/tpu_benchmark_daily/third_party/torchtpu-vllm/src/vllm_torchtpu/layers/adapter/custom_ops/gdn_attention_op.py:950,{},[],125506,runs/layer-ops-20260923/dp8/hlo/pid-233147/module_5516.tt_jit_layernorm_L62C0_fused_add_rms_norm_add.cl_972931731.after_codegen.txt,索引/张量辅助,slice：为 attention/MoE 准备索引或 tensor 数据；使用本行 shape、metadata 和 HLO 确认它处理的是激活还是 INT32 调度数据。
1,/device:TPU:0,XLA Ops,pad_convert_fusion.43,loop fusion,fusion,9059.533014,0.163265,"f32[4096,128]{1,0:T(8,128)S(1)}","bf16[4096,64]{1,0:T(8,128)(2,1)S(1)}",,"op_name=""custom_kernel/custom_kernel/reshape"" stack_frame_id=516",/mnt/data/workspace/tpu_benchmark_daily/.venv/lib64/python3.12/site-packages/torch_tpu/_internal/pallas/pallas.py:685,"{""pad"": 1, ""convert"": 1}",[],125507,runs/layer-ops-20260923/dp8/hlo/pid-233147/module_5516.tt_jit_layernorm_L62C0_fused_add_rms_norm_add.cl_972931731.after_codegen.txt,GDN 输入准备,从 QKVZ 或 B/A 投影中切出 GDN 所需分量，补齐并转换到 FP32；实际 slice/pad/convert 已融合。
1,/device:TPU:0,XLA Ops,copy-start.304,copy-start,copy-start,9059.703707,0.007203,"(s32[8]{0:T(128)S(1)}, s32[8]{0:T(128)}, u32[]{:S(2)})",s32[8]{0:T(128)},,,,{},[],125508,runs/layer-ops-20260923/dp8/hlo/pid-233147/module_5516.tt_jit_layernorm_L62C0_fused_add_rms_norm_add.cl_972931731.after_codegen.txt,DMA 搬运,启动 DMA 搬运。
1,/device:TPU:0,XLA Ops,copy-start.349,copy-start,copy-start,9059.720288,0.006002,"(s32[8]{0:T(128)S(1)}, s32[8]{0:T(128)}, u32[]{:S(2)})",s32[8]{0:T(128)},,,,{},[],125509,runs/layer-ops-20260923/dp8/hlo/pid-233147/module_5516.tt_jit_layernorm_L62C0_fused_add_rms_norm_add.cl_972931731.after_codegen.txt,DMA 搬运,启动 DMA 搬运。
1,/device:TPU:0,XLA Ops,copy-start.439,copy-start,copy-start,9059.733569,0.007203,"(s32[8]{0:T(128)S(1)}, s32[8]{0:T(128)}, u32[]{:S(2)})",s32[8]{0:T(128)},,,,{},[],125510,runs/layer-ops-20260923/dp8/hlo/pid-233147/module_5516.tt_jit_layernorm_L62C0_fused_add_rms_norm_add.cl_972931731.after_codegen.txt,DMA 搬运,启动 DMA 搬运。
1,/device:TPU:0,XLA Ops,copy-start.484,copy-start,copy-start,9059.747974,0.008403,"(s32[8]{0:T(128)S(1)}, s32[8]{0:T(128)}, u32[]{:S(2)})",s32[8]{0:T(128)},,,,{},[],125511,runs/layer-ops-20260923/dp8/hlo/pid-233147/module_5516.tt_jit_layernorm_L62C0_fused_add_rms_norm_add.cl_972931731.after_codegen.txt,DMA 搬运,启动 DMA 搬运。
1,/device:TPU:0,XLA Ops,copy-start.529,copy-start,copy-start,9059.763506,0.006002,"(s32[8]{0:T(128)S(1)}, s32[8]{0:T(128)}, u32[]{:S(2)})",s32[8]{0:T(128)},,,,{},[],125512,runs/layer-ops-20260923/dp8/hlo/pid-233147/module_5516.tt_jit_layernorm_L62C0_fused_add_rms_norm_add.cl_972931731.after_codegen.txt,DMA 搬运,启动 DMA 搬运。
1,/device:TPU:0,XLA Ops,copy-start.574,copy-start,copy-start,9059.777911,0.007203,"(s32[8]{0:T(128)S(1)}, s32[8]{0:T(128)}, u32[]{:S(2)})",s32[8]{0:T(128)},,,,{},[],125513,runs/layer-ops-20260923/dp8/hlo/pid-233147/module_5516.tt_jit_layernorm_L62C0_fused_add_rms_norm_add.cl_972931731.after_codegen.txt,DMA 搬运,启动 DMA 搬运。
1,/device:TPU:0,XLA Ops,copy-start.620,copy-start,copy-start,9059.792467,0.007203,"(s32[8]{0:T(128)S(1)}, s32[8]{0:T(128)}, u32[]{:S(2)})",s32[8]{0:T(128)},,,,{},[],125514,runs/layer-ops-20260923/dp8/hlo/pid-233147/module_5516.tt_jit_layernorm_L62C0_fused_add_rms_norm_add.cl_972931731.after_codegen.txt,DMA 搬运,启动 DMA 搬运。
1,/device:TPU:0,XLA Ops,copy-start.714,copy-start,copy-start,9059.807923,0.008403,"(f32[64]{0:T(128)S(1)}, f32[64]{0:T(128)}, u32[]{:S(2)})",f32[64]{0:T(128)},gdn_decay_gate_parameter,,,{},[],125515,runs/layer-ops-20260923/dp8/hlo/pid-233147/module_5516.tt_jit_layernorm_L62C0_fused_add_rms_norm_add.cl_972931731.after_codegen.txt,DMA 搬运,启动 DMA 搬运。
1,/device:TPU:0,XLA Ops,copy-start.715,copy-start,copy-start,9059.82368,0.009604,"(bf16[64]{0:T(256)(128)(2,1)S(1)}, bf16[64]{0:T(256)(128)(2,1)}, u32[]{:S(2)})","bf16[64]{0:T(256)(128)(2,1)}",gdn_decay_gate_parameter,,,{},[],125516,runs/layer-ops-20260923/dp8/hlo/pid-233147/module_5516.tt_jit_layernorm_L62C0_fused_add_rms_norm_add.cl_972931731.after_codegen.txt,DMA 搬运,启动 DMA 搬运。
1,/device:TPU:0,XLA Ops,broadcast_in_dim.3673.clone.1,broadcast,broadcast,9059.840487,22.237695,"bf16[4096,64,128]{2,1,0:T(8,128)(2,1)}",bf16[]{:T(256)},,"op_name=""custom_kernel/custom_kernel/broadcast_in_dim"" stack_frame_id=516",/mnt/data/workspace/tpu_benchmark_daily/.venv/lib64/python3.12/site-packages/torch_tpu/_internal/pallas/pallas.py:685,{},[],125517,runs/layer-ops-20260923/dp8/hlo/pid-233147/module_5516.tt_jit_layernorm_L62C0_fused_add_rms_norm_add.cl_972931731.after_codegen.txt,索引/张量辅助,broadcast：为 attention/MoE 准备索引或 tensor 数据；使用本行 shape、metadata 和 HLO 确认它处理的是激活还是 INT32 调度数据。
1,/device:TPU:0,XLA Ops,copy-done.304,copy-done,copy-done,9082.078182,0.002401,s32[8]{0:T(128)S(1)},"(s32[8]{0:T(128)S(1)}, s32[8]{0:T(128)}, u32[]{:S(2)})",,,,{},[],125518,runs/layer-ops-20260923/dp8/hlo/pid-233147/module_5516.tt_jit_layernorm_L62C0_fused_add_rms_norm_add.cl_972931731.after_codegen.txt,DMA 搬运,等待对应 DMA 完成；与 copy-start 是同一次搬运的两端，不能重复计算搬运量。
1,/device:TPU:0,XLA Ops,copy-done.349,copy-done,copy-done,9082.081633,0.003601,s32[8]{0:T(128)S(1)},"(s32[8]{0:T(128)S(1)}, s32[8]{0:T(128)}, u32[]{:S(2)})",,,,{},[],125519,runs/layer-ops-20260923/dp8/hlo/pid-233147/module_5516.tt_jit_layernorm_L62C0_fused_add_rms_norm_add.cl_972931731.after_codegen.txt,DMA 搬运,等待对应 DMA 完成；与 copy-start 是同一次搬运的两端，不能重复计算搬运量。
1,/device:TPU:0,XLA Ops,copy-done.439,copy-done,copy-done,9082.087635,0.002401,s32[8]{0:T(128)S(1)},"(s32[8]{0:T(128)S(1)}, s32[8]{0:T(128)}, u32[]{:S(2)})",,,,{},[],125520,runs/layer-ops-20260923/dp8/hlo/pid-233147/module_5516.tt_jit_layernorm_L62C0_fused_add_rms_norm_add.cl_972931731.after_codegen.txt,DMA 搬运,等待对应 DMA 完成；与 copy-start 是同一次搬运的两端，不能重复计算搬运量。
1,/device:TPU:0,XLA Ops,copy-done.484,copy-done,copy-done,9082.097389,0.002401,s32[8]{0:T(128)S(1)},"(s32[8]{0:T(128)S(1)}, s32[8]{0:T(128)}, u32[]{:S(2)})",,,,{},[],125521,runs/layer-ops-20260923/dp8/hlo/pid-233147/module_5516.tt_jit_layernorm_L62C0_fused_add_rms_norm_add.cl_972931731.after_codegen.txt,DMA 搬运,等待对应 DMA 完成；与 copy-start 是同一次搬运的两端，不能重复计算搬运量。
1,/device:TPU:0,XLA Ops,copy-done.529,copy-done,copy-done,9082.106843,0.002401,s32[8]{0:T(128)S(1)},"(s32[8]{0:T(128)S(1)}, s32[8]{0:T(128)}, u32[]{:S(2)})",,,,{},[],125522,runs/layer-ops-20260923/dp8/hlo/pid-233147/module_5516.tt_jit_layernorm_L62C0_fused_add_rms_norm_add.cl_972931731.after_codegen.txt,DMA 搬运,等待对应 DMA 完成；与 copy-start 是同一次搬运的两端，不能重复计算搬运量。
1,/device:TPU:0,XLA Ops,copy-done.574,copy-done,copy-done,9082.116522,0.003601,s32[8]{0:T(128)S(1)},"(s32[8]{0:T(128)S(1)}, s32[8]{0:T(128)}, u32[]{:S(2)})",,,,{},[],125523,runs/layer-ops-20260923/dp8/hlo/pid-233147/module_5516.tt_jit_layernorm_L62C0_fused_add_rms_norm_add.cl_972931731.after_codegen.txt,DMA 搬运,等待对应 DMA 完成；与 copy-start 是同一次搬运的两端，不能重复计算搬运量。
1,/device:TPU:0,XLA Ops,copy-done.620,copy-done,copy-done,9082.126126,0.002401,s32[8]{0:T(128)S(1)},"(s32[8]{0:T(128)S(1)}, s32[8]{0:T(128)}, u32[]{:S(2)})",,,,{},[],125524,runs/layer-ops-20260923/dp8/hlo/pid-233147/module_5516.tt_jit_layernorm_L62C0_fused_add_rms_norm_add.cl_972931731.after_codegen.txt,DMA 搬运,等待对应 DMA 完成；与 copy-start 是同一次搬运的两端，不能重复计算搬运量。
1,/device:TPU:0,XLA Ops,copy-done.714,copy-done,copy-done,9082.135805,0.002401,f32[64]{0:T(128)S(1)},"(f32[64]{0:T(128)S(1)}, f32[64]{0:T(128)}, u32[]{:S(2)})",gdn_decay_gate_parameter,,,{},[],125525,runs/layer-ops-20260923/dp8/hlo/pid-233147/module_5516.tt_jit_layernorm_L62C0_fused_add_rms_norm_add.cl_972931731.after_codegen.txt,DMA 搬运,等待对应 DMA 完成；与 copy-start 是同一次搬运的两端，不能重复计算搬运量。
1,/device:TPU:0,XLA Ops,copy-done.715,copy-done,copy-done,9082.145484,0.002401,"bf16[64]{0:T(256)(128)(2,1)S(1)}","(bf16[64]{0:T(256)(128)(2,1)S(1)}, bf16[64]{0:T(256)(128)(2,1)}, u32[]{:S(2)})",gdn_decay_gate_parameter,,,{},[],125526,runs/layer-ops-20260923/dp8/hlo/pid-233147/module_5516.tt_jit_layernorm_L62C0_fused_add_rms_norm_add.cl_972931731.after_codegen.txt,DMA 搬运,等待对应 DMA 完成；与 copy-start 是同一次搬运的两端，不能重复计算搬运量。
1,/device:TPU:0,XLA Ops,copy-start.6,copy-start,copy-start,9082.156138,0.006002,"(s32[4096]{0:T(1024)S(1)}, s32[4096]{0:T(1024)}, u32[]{:S(2)})",s32[4096]{0:T(1024)},,,,{},[],125527,runs/layer-ops-20260923/dp8/hlo/pid-233147/module_5516.tt_jit_layernorm_L62C0_fused_add_rms_norm_add.cl_972931731.after_codegen.txt,DMA 搬运,启动 DMA 搬运。
1,/device:TPU:0,XLA Ops,copy-start.51,copy-start,copy-start,9082.170468,0.007203,"(s32[4096]{0:T(1024)S(1)}, s32[4096]{0:T(1024)}, u32[]{:S(2)})",s32[4096]{0:T(1024)},,,,{},[],125528,runs/layer-ops-20260923/dp8/hlo/pid-233147/module_5516.tt_jit_layernorm_L62C0_fused_add_rms_norm_add.cl_972931731.after_codegen.txt,DMA 搬运,启动 DMA 搬运。
1,/device:TPU:0,XLA Ops,copy-start.96,copy-start,copy-start,9082.186075,0.007203,"(s32[4096]{0:T(1024)S(1)}, s32[4096]{0:T(1024)}, u32[]{:S(2)})",s32[4096]{0:T(1024)},,,,{},[],125529,runs/layer-ops-20260923/dp8/hlo/pid-233147/module_5516.tt_jit_layernorm_L62C0_fused_add_rms_norm_add.cl_972931731.after_codegen.txt,DMA 搬运,启动 DMA 搬运。
1,/device:TPU:0,XLA Ops,copy-start.141,copy-start,copy-start,9082.200556,0.007203,"(s32[4096]{0:T(1024)S(1)}, s32[4096]{0:T(1024)}, u32[]{:S(2)})",s32[4096]{0:T(1024)},,,,{},[],125530,runs/layer-ops-20260923/dp8/hlo/pid-233147/module_5516.tt_jit_layernorm_L62C0_fused_add_rms_norm_add.cl_972931731.after_codegen.txt,DMA 搬运,启动 DMA 搬运。
1,/device:TPU:0,XLA Ops,copy-start.186,copy-start,copy-start,9082.216162,0.006002,"(s32[4096]{0:T(1024)S(1)}, s32[4096]{0:T(1024)}, u32[]{:S(2)})",s32[4096]{0:T(1024)},,,,{},[],125531,runs/layer-ops-20260923/dp8/hlo/pid-233147/module_5516.tt_jit_layernorm_L62C0_fused_add_rms_norm_add.cl_972931731.after_codegen.txt,DMA 搬运,启动 DMA 搬运。
1,/device:TPU:0,XLA Ops,copy-start.394,copy-start,copy-start,9082.230493,0.007203,"(s32[8]{0:T(128)S(1)}, s32[8]{0:T(128)}, u32[]{:S(2)})",s32[8]{0:T(128)},,,,{},[],125532,runs/layer-ops-20260923/dp8/hlo/pid-233147/module_5516.tt_jit_layernorm_L62C0_fused_add_rms_norm_add.cl_972931731.after_codegen.txt,DMA 搬运,启动 DMA 搬运。
1,/device:TPU:0,XLA Ops,fused_conv1d_gdn_batched.91,custom-call,custom-call,9082.246099,0.79952,"(bf16[4096,64,128]{2,1,0:T(8,128)(2,1)}, f8e4m3fn[15642,4,64,4,128]{4,3,2,1,0:T(4,128)(4,1)})","s32[]{:T(128)S(6)}; s32[8]{0:T(128)S(1)}; s32[8]{0:T(128)S(1)}; s32[8]{0:T(128)S(1)}; s32[8]{0:T(128)S(1)}; s32[8]{0:T(128)S(1)}; s32[8]{0:T(128)S(1)}; s32[8]{0:T(128)S(1)}; s32[8]{0:T(128)S(1)}; f32[4096,1,12288]{2,1,0:T(1,128)}; f32[4096,1,128]{2,1,0:T(1,128)S(1)}; f32[4096,1,128]{2,1,0:T(1,128)S(1)}; (bf16[4096,64,128]{2,1,0:T(8,128)(2,1)}, f8e4m3fn[15642,4,64,4,128]{4,3,2,1,0:T(4,128)(4,1)}); bf16[4096,64,128]{2,1,0:T(8,128)(2,1)}; f32[4,1,12288]{2,1,0:T(1,128)S(1)}; f32[64]{0:T(128)S(1)}; bf16[64]{0:T(256)(128)(2,1)S(1)}","gdn_conv_weight,gdn_decay_gate_parameter",,/mnt/data/workspace/tpu_benchmark_daily/.venv/lib64/python3.12/site-packages/torch_tpu/_internal/pallas/pallas.py:685,{},[],125536,runs/layer-ops-20260923/dp8/hlo/pid-233147/module_5516.tt_jit_layernorm_L62C0_fused_add_rms_norm_add.cl_972931731.after_codegen.txt,GDN 核心,单 token/batched 路径：融合因果 Conv1D、SiLU、Q/K 归一化、衰减/更新门、Delta 状态更新和读写；纯 prefill 时没有 decode 序列。
1,/device:TPU:0,XLA Ops,copy-done.6,copy-done,copy-done,9083.062425,0.002401,s32[4096]{0:T(1024)S(1)},"(s32[4096]{0:T(1024)S(1)}, s32[4096]{0:T(1024)}, u32[]{:S(2)})",,,,{},[],125572,runs/layer-ops-20260923/dp8/hlo/pid-233147/module_5516.tt_jit_layernorm_L62C0_fused_add_rms_norm_add.cl_972931731.after_codegen.txt,DMA 搬运,等待对应 DMA 完成；与 copy-start 是同一次搬运的两端，不能重复计算搬运量。
1,/device:TPU:0,XLA Ops,copy-done.51,copy-done,copy-done,9083.072104,0.002401,s32[4096]{0:T(1024)S(1)},"(s32[4096]{0:T(1024)S(1)}, s32[4096]{0:T(1024)}, u32[]{:S(2)})",,,,{},[],125573,runs/layer-ops-20260923/dp8/hlo/pid-233147/module_5516.tt_jit_layernorm_L62C0_fused_add_rms_norm_add.cl_972931731.after_codegen.txt,DMA 搬运,等待对应 DMA 完成；与 copy-start 是同一次搬运的两端，不能重复计算搬运量。
1,/device:TPU:0,XLA Ops,copy-done.96,copy-done,copy-done,9083.081858,0.002401,s32[4096]{0:T(1024)S(1)},"(s32[4096]{0:T(1024)S(1)}, s32[4096]{0:T(1024)}, u32[]{:S(2)})",,,,{},[],125574,runs/layer-ops-20260923/dp8/hlo/pid-233147/module_5516.tt_jit_layernorm_L62C0_fused_add_rms_norm_add.cl_972931731.after_codegen.txt,DMA 搬运,等待对应 DMA 完成；与 copy-start 是同一次搬运的两端，不能重复计算搬运量。
1,/device:TPU:0,XLA Ops,copy-done.141,copy-done,copy-done,9083.092437,0.0012,s32[4096]{0:T(1024)S(1)},"(s32[4096]{0:T(1024)S(1)}, s32[4096]{0:T(1024)}, u32[]{:S(2)})",,,,{},[],125575,runs/layer-ops-20260923/dp8/hlo/pid-233147/module_5516.tt_jit_layernorm_L62C0_fused_add_rms_norm_add.cl_972931731.after_codegen.txt,DMA 搬运,等待对应 DMA 完成；与 copy-start 是同一次搬运的两端，不能重复计算搬运量。
1,/device:TPU:0,XLA Ops,copy-done.186,copy-done,copy-done,9083.100991,0.004802,s32[4096]{0:T(1024)S(1)},"(s32[4096]{0:T(1024)S(1)}, s32[4096]{0:T(1024)}, u32[]{:S(2)})",,,,{},[],125576,runs/layer-ops-20260923/dp8/hlo/pid-233147/module_5516.tt_jit_layernorm_L62C0_fused_add_rms_norm_add.cl_972931731.after_codegen.txt,DMA 搬运,等待对应 DMA 完成；与 copy-start 是同一次搬运的两端，不能重复计算搬运量。
1,/device:TPU:0,XLA Ops,copy-done.394,copy-done,copy-done,9083.111645,0.002401,s32[8]{0:T(128)S(1)},"(s32[8]{0:T(128)S(1)}, s32[8]{0:T(128)}, u32[]{:S(2)})",,,,{},[],125577,runs/layer-ops-20260923/dp8/hlo/pid-233147/module_5516.tt_jit_layernorm_L62C0_fused_add_rms_norm_add.cl_972931731.after_codegen.txt,DMA 搬运,等待对应 DMA 完成；与 copy-start 是同一次搬运的两端，不能重复计算搬运量。
1,/device:TPU:0,XLA Ops,fused_conv1d_gdn_per_seq.91,custom-call,custom-call,9083.121249,1076.935174,"(bf16[4096,64,128]{2,1,0:T(8,128)(2,1)}, f8e4m3fn[15642,4,64,4,128]{4,3,2,1,0:T(4,128)(4,1)})","(s32[]{:T(128)}, s32[8]{0:T(128)S(1)}); s32[4096]{0:T(1024)S(1)}; s32[4096]{0:T(1024)S(1)}; s32[4096]{0:T(1024)S(1)}; s32[4096]{0:T(1024)S(1)}; s32[4096]{0:T(1024)S(1)}; s32[8]{0:T(128)S(1)}; s32[8]{0:T(128)S(1)}; s32[8]{0:T(128)S(1)}; f32[4096,1,12288]{2,1,0:T(1,128)}; f32[4096,1,128]{2,1,0:T(1,128)S(1)}; f32[4096,1,128]{2,1,0:T(1,128)S(1)}; (bf16[4096,64,128]{2,1,0:T(8,128)(2,1)}, f8e4m3fn[15642,4,64,4,128]{4,3,2,1,0:T(4,128)(4,1)}); (bf16[4096,64,128]{2,1,0:T(8,128)(2,1)}, f8e4m3fn[15642,4,64,4,128]{4,3,2,1,0:T(4,128)(4,1)}); f32[4,1,12288]{2,1,0:T(1,128)S(1)}; f32[64]{0:T(128)S(1)}; bf16[64]{0:T(256)(128)(2,1)S(1)}","gdn_conv_weight,gdn_decay_gate_parameter",,/mnt/data/workspace/tpu_benchmark_daily/.venv/lib64/python3.12/site-packages/torch_tpu/_internal/pallas/pallas.py:685,{},[],125581,runs/layer-ops-20260923/dp8/hlo/pid-233147/module_5516.tt_jit_layernorm_L62C0_fused_add_rms_norm_add.cl_972931731.after_codegen.txt,GDN 核心,多 token/per-sequence 路径：融合因果 Conv1D、SiLU、Q/K 归一化、GDN 分块计算及 Conv/SSM 状态读写。
1,/device:TPU:0,XLA Ops,copy-start.2720,copy-start,copy-start,10160.056498,0.0,"(f32[128]{0:T(128)S(1)}, f32[128]{0:T(128)}, u32[]{:S(2)})",f32[128]{0:T(128)},gdn_gated_rms_weight,,,{},[],125616,runs/layer-ops-20260923/dp8/hlo/pid-233147/module_5516.tt_jit_layernorm_L62C0_fused_add_rms_norm_add.cl_972931731.after_codegen.txt,DMA 搬运,启动 DMA 搬运。
1,/device:TPU:0,XLA Ops,fusion.4,loop fusion,fusion,10160.057623,39.529412,"f32[4096,64]{1,0:T(8,128)S(1)}","(bf16[4096,64,128]{2,1,0:T(8,128)(2,1)}, f8e4m3fn[15642,4,64,4,128]{4,3,2,1,0:T(4,128)(4,1)})",,"op_name=""mean/mean"" stack_frame_id=487",/mnt/data/workspace/tpu_benchmark_daily/.venv/lib64/python3.12/site-packages/vllm/model_executor/layers/layernorm.py:256,"{""convert"": 1, ""multiply"": 1, ""reduce"": 1}",[],125617,runs/layer-ops-20260923/dp8/hlo/pid-233147/module_5516.tt_jit_layernorm_L62C0_fused_add_rms_norm_add.cl_972931731.after_codegen.txt,RMSNorm/residual,计算均方、加 epsilon、rsqrt 和归一化；融合版本同时处理 residual add，具体融合范围见 HLO。
1,/device:TPU:0,XLA Ops,add_rsqrt_fusion.43,loop fusion,fusion,10199.594238,0.318127,"f32[4096,64]{1,0:T(8,128)S(1)}","f32[4096,64]{1,0:T(8,128)S(1)}",,"op_name=""rsqrt/rsqrt"" stack_frame_id=518",/mnt/data/workspace/tpu_benchmark_daily/.venv/lib64/python3.12/site-packages/vllm/model_executor/layers/layernorm.py:257,"{""broadcast"": 2, ""multiply"": 1, ""add"": 1, ""rsqrt"": 1}",[],125618,runs/layer-ops-20260923/dp8/hlo/pid-233147/module_5516.tt_jit_layernorm_L62C0_fused_add_rms_norm_add.cl_972931731.after_codegen.txt,RMSNorm/residual,计算均方、加 epsilon、rsqrt 和归一化；融合版本同时处理 residual add，具体融合范围见 HLO。
1,/device:TPU:0,XLA Ops,sparse-core-data-format-call.97.cloned.1.call-done,async-done,async-done,10199.919643,0.064826,"bf16[512,8,160,128]{3,2,1,0:T(8,128)(2,1)}","((bf16[512,8,160,128]{3,1,2,0:T(8,128)(2,1)}), bf16[512,8,160,128]{3,2,1,0:T(8,128)(2,1)})",,,,{},[],125619,runs/layer-ops-20260923/dp8/hlo/pid-233147/module_5516.tt_jit_layernorm_L62C0_fused_add_rms_norm_add.cl_972931731.after_codegen.txt,SparseCore 布局转换,将数据转换为消费者要求的物理布局；start/update/done 分别表示启动、提交操作数和等待完成，源/目标 tiling 见 shape。
1,/device:TPU:0,XLA Ops,copy-done.2720,copy-done,copy-done,10199.990471,0.002401,f32[128]{0:T(128)S(1)},"(f32[128]{0:T(128)S(1)}, f32[128]{0:T(128)}, u32[]{:S(2)})",gdn_gated_rms_weight,,,{},[],125620,runs/layer-ops-20260923/dp8/hlo/pid-233147/module_5516.tt_jit_layernorm_L62C0_fused_add_rms_norm_add.cl_972931731.after_codegen.txt,DMA 搬运,等待对应 DMA 完成；与 copy-start 是同一次搬运的两端，不能重复计算搬运量。
1,/device:TPU:0,XLA Ops,abs_reduce_fusion.58,loop fusion,fusion,10200.000075,279.744298,"(bf16[4096]{0:T(1024)(128)(2,1)S(1)}, bf16[4096,64,128]{2,1,0:T(8,128)(2,1)})","bf16[4096,160,128]{2,1,0:T(8,128)(2,1)}; f32[128]{0:T(128)S(1)}; f32[4096,64]{1,0:T(8,128)S(1)}; (bf16[4096,64,128]{2,1,0:T(8,128)(2,1)}, f8e4m3fn[15642,4,64,4,128]{4,3,2,1,0:T(4,128)(4,1)})",gdn_gated_rms_weight,"op_name=""custom_kernel/custom_kernel/jit(_quantized_matmul_jax)/reduce_max"" stack_frame_id=643",/mnt/data/workspace/tpu_benchmark_daily/third_party/torchtpu-vllm/src/vllm_torchtpu/kernels/quantized_matmul/util.py:302,"{""convert"": 3, ""broadcast"": 2, ""multiply"": 4, ""slice"": 1, ""logistic"": 1, ""abs"": 1, ""reduce"": 1, ""tuple"": 1}",[],125622,runs/layer-ops-20260923/dp8/hlo/pid-233147/module_5516.tt_jit_layernorm_L62C0_fused_add_rms_norm_add.cl_972931731.after_codegen.txt,FP8 激活量化,按 token 行计算 max(abs(x))，得到动态 FP8 量化 scale；可能融合前面的 RMSNorm/门控操作。
1,/device:TPU:0,XLA Ops,convert.1119,non-fusion elementwise,convert,10479.744598,65.35054,"f32[512,8,64,128]{3,2,1,0:T(8,128)}","bf16[512,8,64,128]{3,2,1,0:T(8,128)(2,1)}",,,,{},[],125624,runs/layer-ops-20260923/dp8/hlo/pid-233147/module_5516.tt_jit_layernorm_L62C0_fused_add_rms_norm_add.cl_972931731.after_codegen.txt,FP32 中间计算,将 BF16 中间张量转换为 FP32，供后续归一化、门控或归约计算；不改变模型参数存储 dtype。
1,/device:TPU:0,XLA Ops,compare_select_fusion.557,loop fusion,fusion,10545.094913,0.006002,f32[4096]{0:T(1024)S(1)},"(bf16[4096]{0:T(1024)(128)(2,1)S(1)}, bf16[4096,64,128]{2,1,0:T(8,128)(2,1)})",,"op_name=""custom_kernel/custom_kernel/select_n"" stack_frame_id=499",/mnt/data/workspace/tpu_benchmark_daily/.venv/lib64/python3.12/site-packages/torch_tpu/_internal/pallas/pallas.py:685,"{""convert"": 1, ""broadcast"": 3, ""multiply"": 1, ""compare"": 1, ""select"": 1}",[],125625,runs/layer-ops-20260923/dp8/hlo/pid-233147/module_5516.tt_jit_layernorm_L62C0_fused_add_rms_norm_add.cl_972931731.after_codegen.txt,FP8 量化 scale,计算/保护动态 FP8 scale：max(abs(x))/448；全零行使用非零替代 scale，避免除零。部分 fusion 同时生成 MoE 的有效行 mask。
1,/device:TPU:0,XLA Ops,copy-start.2888,copy-start,copy-start,10545.103392,0.009604,"(f32[4096]{0:T(1024)S(1)}, f32[4096]{0:T(1024)}, u32[]{:S(2)})",f32[4096]{0:T(1024)},weight_or_scale,,,{},[],125626,runs/layer-ops-20260923/dp8/hlo/pid-233147/module_5516.tt_jit_layernorm_L62C0_fused_add_rms_norm_add.cl_972931731.after_codegen.txt,DMA 搬运,启动 DMA 搬运。
1,/device:TPU:0,XLA Ops,fusion.256,loop fusion,fusion,10545.121249,135.108043,"f8e4m3fn[4096,8192]{1,0:T(32,128)(4,1)}","f32[512,8,64,128]{3,2,1,0:T(8,128)}; f32[4096]{0:T(1024)S(1)}",,"op_name=""custom_kernel/custom_kernel/jit(_quantized_matmul_jax)/convert_element_type"" stack_frame_id=646",/mnt/data/workspace/tpu_benchmark_daily/third_party/torchtpu-vllm/src/vllm_torchtpu/kernels/quantized_matmul/util.py:312,"{""broadcast"": 3, ""copy"": 2, ""bitcast"": 1, ""divide"": 1, ""clamp"": 1, ""convert"": 1}",[],125627,runs/layer-ops-20260923/dp8/hlo/pid-233147/module_5516.tt_jit_layernorm_L62C0_fused_add_rms_norm_add.cl_972931731.after_codegen.txt,FP8 激活量化,按动态 scale 缩放并截断到 FP8 可表示范围，再转换为 FP8，供后续 MXU GEMM 使用。
1,/device:TPU:0,XLA Ops,copy-done.2888,copy-done,copy-done,10680.230493,0.002401,f32[4096]{0:T(1024)S(1)},"(f32[4096]{0:T(1024)S(1)}, f32[4096]{0:T(1024)}, u32[]{:S(2)})",weight_or_scale,,,{},[],125628,runs/layer-ops-20260923/dp8/hlo/pid-233147/module_5516.tt_jit_layernorm_L62C0_fused_add_rms_norm_add.cl_972931731.after_codegen.txt,DMA 搬运,等待对应 DMA 完成；与 copy-start 是同一次搬运的两端，不能重复计算搬运量。
1,/device:TPU:0,XLA Ops,copy-start.2346,copy-start,copy-start,10680.234094,0.002401,"(bf16[4096]{0:T(1024)(128)(2,1)S(1)}, bf16[4096]{0:T(1024)(128)(2,1)}, u32[]{:S(2)})","bf16[4096]{0:T(1024)(128)(2,1)}",post_attention_rms_weight,,,{},[],125629,runs/layer-ops-20260923/dp8/hlo/pid-233147/module_5516.tt_jit_layernorm_L62C0_fused_add_rms_norm_add.cl_972931731.after_codegen.txt,DMA 搬运,启动 DMA 搬运。
1,/device:TPU:0,XLA Ops,multiply_reduce_fusion.117,convolution fusion,fusion,10680.23657,211.280912,"(f32[4096]{0:T(1024)S(1)}, bf16[4096,4096]{1,0:T(16,128)(2,1)}, bf16[4096,4096]{1,0:T(16,128)(2,1)})","bf16[4096,4096]{1,0:T(16,128)(2,1)}; (f32[4096]{0:T(1024)S(1)}, bf16[4096,4096]{1,0:T(16,128)(2,1)}); (f32[4096]{0:T(1024)S(1)}, bf16[4096,4096]{1,0:T(16,128)(2,1)}); f32[4096]{0:T(1024)S(1)}; f32[4096]{0:T(1024)S(1)}; f8e4m3fn[4096,8192]{1,0:T(32,128)(4,1)}; f8e4m3fn[8192,4096]{1,0:T(32,128)(4,1)}","attention_output_weight,weight_or_scale","op_name=""custom_kernel/custom_kernel/jit(_quantized_matmul_jax)/dot_general"" stack_frame_id=647",/mnt/data/workspace/tpu_benchmark_daily/third_party/torchtpu-vllm/src/vllm_torchtpu/kernels/quantized_matmul/util.py:98,"{""fusion"": 5, ""convolution"": 1, ""broadcast"": 2, ""multiply"": 3, ""convert"": 9, ""add"": 3, ""reduce"": 1, ""copy"": 2, ""tuple"": 1}",[],125630,runs/layer-ops-20260923/dp8/hlo/pid-233147/module_5516.tt_jit_layernorm_L62C0_fused_add_rms_norm_add.cl_972931731.after_codegen.txt,attention 输出投影,把所有本地 attention head 的输出投影回 hidden；编译器可融合反量化、residual add 或下一归一化的部分归约。
1,/device:TPU:0,XLA Ops,add_rsqrt_fusion.192,loop fusion,fusion,10891.517482,0.010804,f32[4096]{0:T(1024)S(1)},"(f32[4096]{0:T(1024)S(1)}, bf16[4096,4096]{1,0:T(16,128)(2,1)}, bf16[4096,4096]{1,0:T(16,128)(2,1)})",,"op_name=""rsqrt/rsqrt"" stack_frame_id=523",/mnt/data/workspace/tpu_benchmark_daily/.venv/lib64/python3.12/site-packages/vllm/ir/ops/layernorm.py:60,"{""broadcast"": 2, ""multiply"": 1, ""add"": 1, ""rsqrt"": 1}",[],125631,runs/layer-ops-20260923/dp8/hlo/pid-233147/module_5516.tt_jit_layernorm_L62C0_fused_add_rms_norm_add.cl_972931731.after_codegen.txt,RMSNorm/residual,计算均方、加 epsilon、rsqrt 和归一化；融合版本同时处理 residual add，具体融合范围见 HLO。
1,/device:TPU:0,XLA Ops,copy-done.2346,copy-done,copy-done,10891.529412,0.003601,"bf16[4096]{0:T(1024)(128)(2,1)S(1)}","(bf16[4096]{0:T(1024)(128)(2,1)S(1)}, bf16[4096]{0:T(1024)(128)(2,1)}, u32[]{:S(2)})",post_attention_rms_weight,,,{},[],125632,runs/layer-ops-20260923/dp8/hlo/pid-233147/module_5516.tt_jit_layernorm_L62C0_fused_add_rms_norm_add.cl_972931731.after_codegen.txt,DMA 搬运,等待对应 DMA 完成；与 copy-start 是同一次搬运的两端，不能重复计算搬运量。
1,/device:TPU:0,XLA Ops,copy-start.2766,copy-start,copy-start,10891.539016,0.008403,"(bf16[512,4096]{1,0:T(8,128)(2,1)S(1)}, bf16[512,4096]{1,0:T(8,128)(2,1)}, u32[]{:S(2)})","bf16[512,4096]{1,0:T(8,128)(2,1)}",router_weight,,,{},[],125633,runs/layer-ops-20260923/dp8/hlo/pid-233147/module_5516.tt_jit_layernorm_L62C0_fused_add_rms_norm_add.cl_972931731.after_codegen.txt,DMA 搬运,启动 DMA 搬运。
1,/device:TPU:0,XLA Ops,abs_reduce_fusion.176,loop fusion,fusion,10891.555823,35.206483,"(bf16[4096]{0:T(1024)(128)(2,1)S(1)}, bf16[4096,4096]{1,0:T(16,128)(2,1)})","bf16[4096]{0:T(1024)(128)(2,1)S(1)}; f32[4096]{0:T(1024)S(1)}; (f32[4096]{0:T(1024)S(1)}, bf16[4096,4096]{1,0:T(16,128)(2,1)}, bf16[4096,4096]{1,0:T(16,128)(2,1)}); (f32[4096]{0:T(1024)S(1)}, bf16[4096,4096]{1,0:T(16,128)(2,1)}, bf16[4096,4096]{1,0:T(16,128)(2,1)})",post_attention_rms_weight,"op_name=""custom_kernel/custom_kernel/jit(_quantized_matmul_jax)/reduce_max"" stack_frame_id=643",/mnt/data/workspace/tpu_benchmark_daily/third_party/torchtpu-vllm/src/vllm_torchtpu/kernels/quantized_matmul/util.py:302,"{""fusion"": 2, ""convert"": 3, ""add"": 2, ""broadcast"": 2, ""multiply"": 2, ""abs"": 1, ""reduce"": 1, ""copy"": 1, ""tuple"": 1}",[],125634,runs/layer-ops-20260923/dp8/hlo/pid-233147/module_5516.tt_jit_layernorm_L62C0_fused_add_rms_norm_add.cl_972931731.after_codegen.txt,FP8 激活量化,按 token 行计算 max(abs(x))，得到动态 FP8 量化 scale；可能融合前面的 RMSNorm/门控操作。
1,/device:TPU:0,XLA Ops,copy-done.2766,copy-done,copy-done,10926.76238,0.002401,"bf16[512,4096]{1,0:T(8,128)(2,1)S(1)}","(bf16[512,4096]{1,0:T(8,128)(2,1)S(1)}, bf16[512,4096]{1,0:T(8,128)(2,1)}, u32[]{:S(2)})",router_weight,,,{},[],125635,runs/layer-ops-20260923/dp8/hlo/pid-233147/module_5516.tt_jit_layernorm_L62C0_fused_add_rms_norm_add.cl_972931731.after_codegen.txt,DMA 搬运,等待对应 DMA 完成；与 copy-start 是同一次搬运的两端，不能重复计算搬运量。
1,/device:TPU:0,XLA Ops,fusion.3142,convolution fusion,fusion,10926.767407,23.368547,"(bf16[4096]{0:T(1024)(128)(2,1)S(1)}, bf16[4096,512]{0,1:T(8,128)(2,1)S(1)})","(bf16[4096]{0:T(1024)(128)(2,1)S(1)}, bf16[4096,4096]{1,0:T(16,128)(2,1)}); bf16[512,4096]{1,0:T(8,128)(2,1)S(1)}",router_weight,"op_name=""mm/mm"" stack_frame_id=509",/mnt/data/workspace/tpu_benchmark_daily/.venv/lib64/python3.12/site-packages/vllm/model_executor/parameter.py:127,"{""fusion"": 2, ""convolution"": 1, ""reduce"": 1, ""tuple"": 1}",[],125636,runs/layer-ops-20260923/dp8/hlo/pid-233147/module_5516.tt_jit_layernorm_L62C0_fused_add_rms_norm_add.cl_972931731.after_codegen.txt,Router 打分,BF16 GEMM：每个 token 的 hidden→512 个专家 logits；softmax/top-k 在后续 kernel。
1,/device:TPU:0,XLA Ops,copy.5999,data formatting,copy,10950.143008,4.153661,"bf16[4096,512]{1,0:T(8,128)(2,1)S(1)}","(bf16[4096]{0:T(1024)(128)(2,1)S(1)}, bf16[4096,512]{0,1:T(8,128)(2,1)S(1)})",,"op_name=""mm/mm"" stack_frame_id=509",/mnt/data/workspace/tpu_benchmark_daily/.venv/lib64/python3.12/site-packages/vllm/model_executor/parameter.py:127,{},[],125637,runs/layer-ops-20260923/dp8/hlo/pid-233147/module_5516.tt_jit_layernorm_L62C0_fused_add_rms_norm_add.cl_972931731.after_codegen.txt,数据复制/布局物化,编译器生成的实际数据复制或物理布局变换；比较 operand_shapes 与 shape 可区分 tiling/维度顺序和 memory space 的变化。
1,/device:TPU:0,XLA Ops,convert.494,non-fusion elementwise,convert,10954.303797,0.003601,f32[4096]{0:T(1024)S(1)},"(bf16[4096]{0:T(1024)(128)(2,1)S(1)}, bf16[4096,512]{0,1:T(8,128)(2,1)S(1)})",,"op_name=""custom_kernel/custom_kernel/jit(moe)/shard_map/reduce_max"" stack_frame_id=734",/mnt/data/workspace/tpu_benchmark_daily/third_party/torchtpu-vllm/src/vllm_torchtpu/kernels/fused_moe/v2/layer.py:50,{},[],125638,runs/layer-ops-20260923/dp8/hlo/pid-233147/module_5516.tt_jit_layernorm_L62C0_fused_add_rms_norm_add.cl_972931731.after_codegen.txt,MoE 路由/通信计划,最大值归约：构造或处理 top-k 权重、专家计数、token 排列、量化 scale、远端地址及搬运计划；本行 dtype/shape 和 fused_ops 给出实际运算。
1,/device:TPU:0,XLA Ops,fusion.793,loop fusion,fusion,10954.314601,2.015606,f32[4096]{0:T(1024)S(1)},"bf16[4096,512]{1,0:T(8,128)(2,1)S(1)}; f32[4096]{0:T(1024)S(1)}",,"op_name=""custom_kernel/custom_kernel/jit(moe)/shard_map/reduce_sum"" stack_frame_id=734",/mnt/data/workspace/tpu_benchmark_daily/third_party/torchtpu-vllm/src/vllm_torchtpu/kernels/fused_moe/v2/layer.py:50,"{""convert"": 1, ""broadcast"": 1, ""subtract"": 1, ""exponential"": 1, ""reduce"": 1}",[],125639,runs/layer-ops-20260923/dp8/hlo/pid-233147/module_5516.tt_jit_layernorm_L62C0_fused_add_rms_norm_add.cl_972931731.after_codegen.txt,MoE 路由/通信计划,求和归约：构造或处理 top-k 权重、专家计数、token 排列、量化 scale、远端地址及搬运计划；本行 dtype/shape 和 fused_ops 给出实际运算。
1,/device:TPU:0,XLA Ops,is-finite_reduce_fusion.58,loop fusion,fusion,10956.338536,4.094838,"(pred[4096]{0:T(1024)(128)(4,1)}, f32[4096,512]{1,0:T(8,128)S(1)})","f32[4096]{0:T(1024)S(1)}; f32[4096]{0:T(1024)S(1)}; bf16[4096,512]{1,0:T(8,128)(2,1)S(1)}",,"op_name=""custom_kernel/custom_kernel/jit(moe)/shard_map/reduce_or"" stack_frame_id=959",/mnt/data/workspace/tpu_benchmark_daily/third_party/torchtpu-vllm/src/vllm_torchtpu/kernels/fused_moe/v2/layer.py:439,"{""convert"": 1, ""broadcast"": 2, ""subtract"": 1, ""exponential"": 1, ""divide"": 1, ""is-finite"": 1, ""reduce"": 1, ""tuple"": 1}",[],125640,runs/layer-ops-20260923/dp8/hlo/pid-233147/module_5516.tt_jit_layernorm_L62C0_fused_add_rms_norm_add.cl_972931731.after_codegen.txt,MoE 路由/通信计划,逻辑或归约：构造或处理 top-k 权重、专家计数、token 排列、量化 scale、远端地址及搬运计划；本行 dtype/shape 和 fused_ops 给出实际运算。
1,/device:TPU:0,XLA Ops,shard_map.181,custom-call,custom-call,10960.433524,39.655462,"(f32[4096,10]{1,0:T(8,128)S(1)}, s32[4096,10]{1,0:T(8,128)S(1)})","(pred[4096]{0:T(1024)(128)(4,1)}, f32[4096,512]{1,0:T(8,128)S(1)})",,"op_name=""custom_kernel/custom_kernel/jit(moe)/shard_map/pallas_call"" stack_frame_id=736",/mnt/data/workspace/tpu_benchmark_daily/third_party/torchtpu-vllm/src/vllm_torchtpu/kernels/fused_moe/v2/router_ops.py:107,{},[],125641,runs/layer-ops-20260923/dp8/hlo/pid-233147/module_5516.tt_jit_layernorm_L62C0_fused_add_rms_norm_add.cl_972931731.after_codegen.txt,Router top-k,Pallas top-k：从 512 个专家的路由分数选出 10 个专家及对应权重，输出 FP32 分数和 INT32 专家 ID。
1,/device:TPU:0,XLA Ops,copy-start.234,copy-start,copy-start,11000.097239,0.007203,"(f32[4096,10]{1,0:T(8,128)}, f32[4096,10]{1,0:T(8,128)S(1)}, u32[]{:S(2)})","(f32[4096,10]{1,0:T(8,128)S(1)}, s32[4096,10]{1,0:T(8,128)S(1)})",,,,{},[],125642,runs/layer-ops-20260923/dp8/hlo/pid-233147/module_5516.tt_jit_layernorm_L62C0_fused_add_rms_norm_add.cl_972931731.after_codegen.txt,DMA 搬运,启动 DMA 搬运。
1,/device:TPU:0,XLA Ops,fusion.827,loop fusion,fusion,11000.112845,2.915966,"s32[4096,10]{1,0:T(8,128)S(1)}","(f32[4096,10]{1,0:T(8,128)S(1)}, s32[4096,10]{1,0:T(8,128)S(1)})",,"op_name=""custom_kernel/custom_kernel/jit(moe)/shard_map/add"" stack_frame_id=741",/mnt/data/workspace/tpu_benchmark_daily/third_party/torchtpu-vllm/src/vllm_torchtpu/kernels/fused_moe/v2/layer.py:190,"{""sign"": 1, ""broadcast"": 11, ""compare"": 11, ""negate"": 3, ""select"": 12, ""and"": 3, ""shift-right-logical"": 1, ""add"": 3, ""multiply"": 1}",[],125643,runs/layer-ops-20260923/dp8/hlo/pid-233147/module_5516.tt_jit_layernorm_L62C0_fused_add_rms_norm_add.cl_972931731.after_codegen.txt,MoE 路由/通信计划,加法：构造或处理 top-k 权重、专家计数、token 排列、量化 scale、远端地址及搬运计划；本行 dtype/shape 和 fused_ops 给出实际运算。
1,/device:TPU:0,XLA Ops,broadcast_in_dim_reshape.365,data formatting,reshape,11003.036165,1.661465,"s32[160,256]{1,0:T(8,128)S(1)}","s32[4096,10]{1,0:T(8,128)S(1)}",,"op_name=""custom_kernel/custom_kernel/jit(moe)/shard_map/eq;jit(moe)/shard_map/broadcast_in_dim;reshape"" stack_frame_id=532",/mnt/data/workspace/tpu_benchmark_daily/.venv/lib64/python3.12/site-packages/torch_tpu/_internal/pallas/pallas.py:112,{},[],125644,runs/layer-ops-20260923/dp8/hlo/pid-233147/module_5516.tt_jit_layernorm_L62C0_fused_add_rms_norm_add.cl_972931731.after_codegen.txt,数据复制/布局物化,编译器生成的实际数据复制或物理布局变换；比较 operand_shapes 与 shape 可区分 tiling/维度顺序和 memory space 的变化。
1,/device:TPU:0,XLA Ops,copy-start.1244,copy-start,copy-start,11004.705883,0.008403,"(s32[160,256]{1,0:T(8,128)}, s32[160,256]{1,0:T(8,128)S(1)}, u32[]{:S(2)})","s32[160,256]{1,0:T(8,128)S(1)}",,,,{},[],125645,runs/layer-ops-20260923/dp8/hlo/pid-233147/module_5516.tt_jit_layernorm_L62C0_fused_add_rms_norm_add.cl_972931731.after_codegen.txt,DMA 搬运,启动 DMA 搬运。
1,/device:TPU:0,XLA Ops,reshape_reshape.181,data formatting,reshape,11004.721639,1.714286,s32[40960]{0:T(1024)S(1)},"s32[4096,10]{1,0:T(8,128)S(1)}",,"op_name=""custom_kernel/custom_kernel/jit(moe)/shard_map/reshape;reshape"" stack_frame_id=732",/mnt/data/workspace/tpu_benchmark_daily/third_party/torchtpu-vllm/src/vllm_torchtpu/kernels/fused_moe/v2/layer.py:658,{},[],125646,runs/layer-ops-20260923/dp8/hlo/pid-233147/module_5516.tt_jit_layernorm_L62C0_fused_add_rms_norm_add.cl_972931731.after_codegen.txt,数据复制/布局物化,编译器生成的实际数据复制或物理布局变换；比较 operand_shapes 与 shape 可区分 tiling/维度顺序和 memory space 的变化。
1,/device:TPU:0,XLA Ops,compare_select_fusion.556,loop fusion,fusion,11006.443203,0.019208,"(f32[4096]{0:T(1024)S(1)}, bf16[4096]{0:T(1024)(128)(2,1)S(1)})","(bf16[4096]{0:T(1024)(128)(2,1)S(1)}, bf16[4096,4096]{1,0:T(16,128)(2,1)})",,"op_name=""custom_kernel/custom_kernel/select_n"" stack_frame_id=499",/mnt/data/workspace/tpu_benchmark_daily/.venv/lib64/python3.12/site-packages/torch_tpu/_internal/pallas/pallas.py:685,"{""convert"": 2, ""broadcast"": 3, ""multiply"": 1, ""compare"": 2, ""select"": 4, ""is-finite"": 1, ""and"": 1, ""divide"": 1, ""tuple"": 1}",[],125647,runs/layer-ops-20260923/dp8/hlo/pid-233147/module_5516.tt_jit_layernorm_L62C0_fused_add_rms_norm_add.cl_972931731.after_codegen.txt,FP8 量化 scale,计算/保护动态 FP8 scale：max(abs(x))/448；全零行使用非零替代 scale，避免除零。部分 fusion 同时生成 MoE 的有效行 mask。
1,/device:TPU:0,XLA Ops,fusion.2145,loop fusion,fusion,11006.469388,0.009604,s32[4096]{0:T(1024)S(1)},"(bf16[4096]{0:T(1024)(128)(2,1)S(1)}, bf16[4096,4096]{1,0:T(16,128)(2,1)})",,"op_name=""custom_kernel/custom_kernel/jit(moe)/shard_map/bitcast_convert_type"" stack_frame_id=759",/mnt/data/workspace/tpu_benchmark_daily/third_party/torchtpu-vllm/src/vllm_torchtpu/kernels/fused_moe/v2/layer.py:461,"{""convert"": 1, ""broadcast"": 2, ""multiply"": 1, ""is-finite"": 1, ""compare"": 1, ""and"": 1, ""select"": 1, ""bitcast-convert"": 1}",[],125648,runs/layer-ops-20260923/dp8/hlo/pid-233147/module_5516.tt_jit_layernorm_L62C0_fused_add_rms_norm_add.cl_972931731.after_codegen.txt,MoE 路由/通信计划,按位重解释：构造或处理 top-k 权重、专家计数、token 排列、量化 scale、远端地址及搬运计划；本行 dtype/shape 和 fused_ops 给出实际运算。
1,/device:TPU:0,XLA Ops,fusion.2151,loop fusion,fusion,11006.486345,0.012005,"pred[4096]{0:T(1024)(128)(4,1)S(1)}","(bf16[4096]{0:T(1024)(128)(2,1)S(1)}, bf16[4096,4096]{1,0:T(16,128)(2,1)})",,"op_name=""custom_kernel/custom_kernel/jit(moe)/shard_map/and"" stack_frame_id=756",/mnt/data/workspace/tpu_benchmark_daily/third_party/torchtpu-vllm/src/vllm_torchtpu/kernels/fused_moe/v2/kernel.py:160,"{""convert"": 1, ""broadcast"": 2, ""multiply"": 1, ""is-finite"": 1, ""compare"": 1, ""and"": 1}",[],125649,runs/layer-ops-20260923/dp8/hlo/pid-233147/module_5516.tt_jit_layernorm_L62C0_fused_add_rms_norm_add.cl_972931731.after_codegen.txt,MoE 路由/通信计划,逻辑与：构造或处理 top-k 权重、专家计数、token 排列、量化 scale、远端地址及搬运计划；本行 dtype/shape 和 fused_ops 给出实际运算。
1,/device:TPU:0,XLA Ops,convert_reduce_fusion.235,loop fusion,fusion,11006.503302,16.453782,"(s32[160,512]{1,0:T(8,128)S(1)}, s32[512]{0:T(512)S(1)})","s32[160,256]{1,0:T(8,128)S(1)}",,"op_name=""custom_kernel/custom_kernel/jit(moe)/shard_map/reduce_sum"" stack_frame_id=749",/mnt/data/workspace/tpu_benchmark_daily/third_party/torchtpu-vllm/src/vllm_torchtpu/kernels/fused_moe/v2/host.py:635,"{""broadcast"": 1, ""iota"": 1, ""compare"": 1, ""convert"": 1, ""reduce"": 2, ""tuple"": 1}",[],125650,runs/layer-ops-20260923/dp8/hlo/pid-233147/module_5516.tt_jit_layernorm_L62C0_fused_add_rms_norm_add.cl_972931731.after_codegen.txt,MoE 路由/通信计划,求和归约：构造或处理 top-k 权重、专家计数、token 排列、量化 scale、远端地址及搬运计划；本行 dtype/shape 和 fused_ops 给出实际运算。
1,/device:TPU:0,XLA Ops,copy-start.1440,copy-start,copy-start,11022.965186,0.008403,"(s32[160,512]{1,0:T(8,128)}, s32[160,512]{1,0:T(8,128)S(1)}, u32[]{:S(2)})","(s32[160,512]{1,0:T(8,128)S(1)}, s32[512]{0:T(512)S(1)})",,,,{},[],125651,runs/layer-ops-20260923/dp8/hlo/pid-233147/module_5516.tt_jit_layernorm_L62C0_fused_add_rms_norm_add.cl_972931731.after_codegen.txt,DMA 搬运,启动 DMA 搬运。
1,/device:TPU:0,XLA Ops,pad_add_fusion.1,loop fusion,fusion,11022.980868,0.016807,s32[45568]{0:T(1024)S(1)},"(s32[160,512]{1,0:T(8,128)S(1)}, s32[512]{0:T(512)S(1)}); s32[4096]{0:T(1024)S(1)}; s32[40960]{0:T(1024)S(1)}",,"op_name=""custom_kernel/custom_kernel/jit(moe)/shard_map/concatenate"" stack_frame_id=762",/mnt/data/workspace/tpu_benchmark_daily/third_party/torchtpu-vllm/src/vllm_torchtpu/kernels/fused_moe/v2/layer.py:147,"{""pad"": 3, ""add"": 2}",[],125652,runs/layer-ops-20260923/dp8/hlo/pid-233147/module_5516.tt_jit_layernorm_L62C0_fused_add_rms_norm_add.cl_972931731.after_codegen.txt,MoE 路由/通信计划,拼接：构造或处理 top-k 权重、专家计数、token 排列、量化 scale、远端地址及搬运计划；本行 dtype/shape 和 fused_ops 给出实际运算。
1,/device:TPU:0,XLA Ops,reshape.11149,data formatting,reshape,11023.003677,0.827131,"s32[1,1,45568]{2,1,0:T(1,128)}",s32[45568]{0:T(1024)S(1)},,,,{},[],125653,runs/layer-ops-20260923/dp8/hlo/pid-233147/module_5516.tt_jit_layernorm_L62C0_fused_add_rms_norm_add.cl_972931731.after_codegen.txt,数据复制/布局物化,编译器生成的实际数据复制或物理布局变换；比较 operand_shapes 与 shape 可区分 tiling/维度顺序和 memory space 的变化。
1,/device:TPU:0,XLA Ops,all-gather.303.cloned.1.call-update,async-update,async-update,11023.831933,0.015606,"((s32[1,1,45568]{2,1,0:T(1,128)}), s32[8,1,45568]{2,1,0:T(1,128)})","((), (), s32[]{:S(2)}); s32[1,1,45568]{2,1,0:T(1,128)}",,,,{},"[{""opcode"": ""all-gather"", ""shape"": ""s32[8,1,45568]{2,1,0:T(1,128)}"", ""replica_groups"": ""{{0,1,2,3,4,5,6,7}}"", ""attrs"": ""channel_id=1, replica_groups={{0,1,2,3,4,5,6,7}}, dimensions={0}, use_global_device_ids=true, metadata={op_name=\""custom_kernel/custom_kernel/jit(moe)/shard_map/all_gather\"" stack_frame_id=763}""}]",125654,runs/layer-ops-20260923/dp8/hlo/pid-233147/module_5516.tt_jit_layernorm_L62C0_fused_add_rms_norm_add.cl_972931731.after_codegen.txt,EP dispatch / all-gather,"收集该组 token 激活、router logits 或路由计划，供本地专家处理；实际 replica groups={{0,1,2,3,4,5,6,7}}，输出 s32[8,1,45568]{2,1,0:T(1,128)}。异步边界不能重复计费。"
1,/device:TPU:0,XLA Ops,all-gather.183.cloned.1.call-start,async-start,async-start,11023.854892,0.052821,"((), (), s32[]{:S(2)})",,,"op_name=""custom_kernel/custom_kernel/jit(moe)/shard_map/all_gather"" stack_frame_id=927",/mnt/data/workspace/tpu_benchmark_daily/third_party/torchtpu-vllm/src/vllm_torchtpu/kernels/fused_moe/v2/layer.py:406,"{""call"": 1}","[{""opcode"": ""all-gather"", ""shape"": ""f8e4m3fn[32768,32,128]{2,1,0:T(32,128)(4,1)}"", ""replica_groups"": ""{{0,1,2,3,4,5,6,7}}"", ""attrs"": ""channel_id=1, replica_groups={{0,1,2,3,4,5,6,7}}, dimensions={0}, use_global_device_ids=true, metadata={op_name=\""custom_kernel/custom_kernel/jit(moe)/shard_map/all_gather\"" stack_frame_id=927}""}]",125655,runs/layer-ops-20260923/dp8/hlo/pid-233147/module_5516.tt_jit_layernorm_L62C0_fused_add_rms_norm_add.cl_972931731.after_codegen.txt,EP dispatch / all-gather,"收集该组 token 激活、router logits 或路由计划，供本地专家处理；实际 replica groups={{0,1,2,3,4,5,6,7}}，输出 f8e4m3fn[32768,32,128]{2,1,0:T(32,128)(4,1)}。异步边界不能重复计费。"
1,/device:TPU:0,XLA Ops,copy-done.1244,copy-done,copy-done,11023.914916,0.002401,"s32[160,256]{1,0:T(8,128)}","(s32[160,256]{1,0:T(8,128)}, s32[160,256]{1,0:T(8,128)S(1)}, u32[]{:S(2)})",,,,{},[],125656,runs/layer-ops-20260923/dp8/hlo/pid-233147/module_5516.tt_jit_layernorm_L62C0_fused_add_rms_norm_add.cl_972931731.after_codegen.txt,DMA 搬运,等待对应 DMA 完成；与 copy-start 是同一次搬运的两端，不能重复计算搬运量。
1,/device:TPU:0,XLA Ops,fusion.497,loop fusion,fusion,11023.92452,12.7503,"f8e4m3fn[512,8,32,128]{3,1,2,0:T(8,128)(4,1)S(1)}","(bf16[4096]{0:T(1024)(128)(2,1)S(1)}, bf16[4096,4096]{1,0:T(16,128)(2,1)}); (f32[4096]{0:T(1024)S(1)}, bf16[4096]{0:T(1024)(128)(2,1)S(1)}); pred[4096]{0:T(1024)(128)(4,1)S(1)}",,,,"{""broadcast"": 3, ""fusion"": 1, ""multiply"": 1, ""select"": 1, ""convert"": 1, ""bitcast"": 1}",[],125657,runs/layer-ops-20260923/dp8/hlo/pid-233147/module_5516.tt_jit_layernorm_L62C0_fused_add_rms_norm_add.cl_972931731.after_codegen.txt,MoE 激活量化,融合按行 FP8 量化与有效 token mask，生成跨 EP rank 交换的激活数据。
1,/device:TPU:0 SparseCore 0,Sparse Core Ops,all-gather.302,all-gather,all-gather,11023.970138,17.219688,"s32[8,1,45568]{2,1,0:T(1,128)}","s32[1,1,45568]{2,1,0:T(1,128)}",,"op_name=""custom_kernel/custom_kernel/jit(moe)/shard_map/all_gather"" stack_frame_id=763",/mnt/data/workspace/tpu_benchmark_daily/third_party/torchtpu-vllm/src/vllm_torchtpu/kernels/fused_moe/v2/layer.py:465,{},"[{""opcode"": ""all-gather"", ""shape"": ""s32[8,1,45568]{2,1,0:T(1,128)}"", ""replica_groups"": ""{{0,1,2,3,4,5,6,7}}"", ""attrs"": ""channel_id=1, replica_groups={{0,1,2,3,4,5,6,7}}, dimensions={0}, use_global_device_ids=true, metadata={op_name=\""custom_kernel/custom_kernel/jit(moe)/shard_map/all_gather\"" stack_frame_id=763}""}]",5026,runs/layer-ops-20260923/dp8/hlo/pid-233147/module_5516.tt_jit_layernorm_L62C0_fused_add_rms_norm_add.cl_972931731.after_codegen.txt,EP dispatch / all-gather,"收集该组 token 激活、router logits 或路由计划，供本地专家处理；实际 replica groups={{0,1,2,3,4,5,6,7}}，输出 s32[8,1,45568]{2,1,0:T(1,128)}。异步边界不能重复计费。"
1,/device:TPU:0,XLA Ops,copy-start.1693,copy-start,copy-start,11036.683149,0.007203,"(f32[64,1,1,4096]{3,2,1,0:T(1,128)S(1)}, f32[64,1,1,4096]{3,2,1,0:T(1,128)}, u32[]{:S(2)})","f32[64,1,1,4096]{3,2,1,0:T(1,128)}",routed_expert_scale,,,{},[],125658,runs/layer-ops-20260923/dp8/hlo/pid-233147/module_5516.tt_jit_layernorm_L62C0_fused_add_rms_norm_add.cl_972931731.after_codegen.txt,DMA 搬运,启动 DMA 搬运。
1,/device:TPU:0,XLA Ops,copy-start.1797,copy-start,copy-start,11036.69868,0.008403,"(f32[64,1,1,2048]{3,2,1,0:T(1,128)S(1)}, f32[64,1,1,2048]{3,2,1,0:T(1,128)}, u32[]{:S(2)})","f32[64,1,1,2048]{3,2,1,0:T(1,128)}",routed_expert_scale,,,{},[],125659,runs/layer-ops-20260923/dp8/hlo/pid-233147/module_5516.tt_jit_layernorm_L62C0_fused_add_rms_norm_add.cl_972931731.after_codegen.txt,DMA 搬运,启动 DMA 搬运。
1,/device:TPU:0,XLA Ops,copy.8010,data formatting,copy,11036.762455,10.515006,"f8e4m3fn[512,8,32,128]{3,2,1,0:T(32,128)(4,1)}","f8e4m3fn[512,8,32,128]{3,1,2,0:T(8,128)(4,1)S(1)}",,,,{},[],125663,runs/layer-ops-20260923/dp8/hlo/pid-233147/module_5516.tt_jit_layernorm_L62C0_fused_add_rms_norm_add.cl_972931731.after_codegen.txt,数据复制/布局物化,编译器生成的实际数据复制或物理布局变换；比较 operand_shapes 与 shape 可区分 tiling/维度顺序和 memory space 的变化。
1,/device:TPU:0,XLA Ops,copy-start.2285,copy-start,copy-start,11047.278512,0.0012,"(bf16[1,4096]{1,0:T(2,128)(2,1)S(1)}, bf16[1,4096]{1,0:T(2,128)(2,1)}, u32[]{:S(2)})","bf16[1,4096]{1,0:T(2,128)(2,1)}",shared_expert_gate_weight,,,{},[],125664,runs/layer-ops-20260923/dp8/hlo/pid-233147/module_5516.tt_jit_layernorm_L62C0_fused_add_rms_norm_add.cl_972931731.after_codegen.txt,DMA 搬运,启动 DMA 搬运。
1,/device:TPU:0,XLA Ops,all-gather.183.cloned.1.call-update,async-update,async-update,11047.279787,0.015606,"((f8e4m3fn[4096,32,128]{2,1,0:T(32,128)(4,1)}), f8e4m3fn[32768,32,128]{2,1,0:T(32,128)(4,1)})","((), (), s32[]{:S(2)}); f8e4m3fn[4096,32,128]{2,1,0:T(32,128)(4,1)}",,,,{},"[{""opcode"": ""all-gather"", ""shape"": ""f8e4m3fn[32768,32,128]{2,1,0:T(32,128)(4,1)}"", ""replica_groups"": ""{{0,1,2,3,4,5,6,7}}"", ""attrs"": ""channel_id=1, replica_groups={{0,1,2,3,4,5,6,7}}, dimensions={0}, use_global_device_ids=true, metadata={op_name=\""custom_kernel/custom_kernel/jit(moe)/shard_map/all_gather\"" stack_frame_id=927}""}]",125666,runs/layer-ops-20260923/dp8/hlo/pid-233147/module_5516.tt_jit_layernorm_L62C0_fused_add_rms_norm_add.cl_972931731.after_codegen.txt,EP dispatch / all-gather,"收集该组 token 激活、router logits 或路由计划，供本地专家处理；实际 replica groups={{0,1,2,3,4,5,6,7}}，输出 f8e4m3fn[32768,32,128]{2,1,0:T(32,128)(4,1)}。异步边界不能重复计费。"
1,/device:TPU:0,XLA Ops,scatter_offload_async_start.2,async-start,async-start,11047.302746,0.055222,"((), (), s32[]{:S(2)})",,,"op_name=""custom_kernel/custom_kernel/jit(moe)/shard_map/scatter-add"" stack_frame_id=930",/mnt/data/workspace/tpu_benchmark_daily/third_party/torchtpu-vllm/src/vllm_torchtpu/kernels/fused_moe/v2/host.py:969,"{""call"": 1}",[],125667,runs/layer-ops-20260923/dp8/hlo/pid-233147/module_5516.tt_jit_layernorm_L62C0_fused_add_rms_norm_add.cl_972931731.after_codegen.txt,异步调用控制,异步 kernel/collective 的启动、提交或完成边界；具体计算在被调用的 HLO computation 中，不能把边界再当一遍计算。
1,/device:TPU:0,XLA Ops,copy-done.1693,copy-done,copy-done,11047.367347,0.0012,"f32[64,1,1,4096]{3,2,1,0:T(1,128)S(1)}","(f32[64,1,1,4096]{3,2,1,0:T(1,128)S(1)}, f32[64,1,1,4096]{3,2,1,0:T(1,128)}, u32[]{:S(2)})",routed_expert_scale,,,{},[],125668,runs/layer-ops-20260923/dp8/hlo/pid-233147/module_5516.tt_jit_layernorm_L62C0_fused_add_rms_norm_add.cl_972931731.after_codegen.txt,DMA 搬运,等待对应 DMA 完成；与 copy-start 是同一次搬运的两端，不能重复计算搬运量。
1,/device:TPU:0,XLA Ops,copy.8808,data formatting,copy,11047.375826,1.792317,"f32[64,1,1,4096]{3,0,1,2:T(8,128)}","f32[64,1,1,4096]{3,2,1,0:T(1,128)S(1)}",routed_expert_scale,,,{},[],125669,runs/layer-ops-20260923/dp8/hlo/pid-233147/module_5516.tt_jit_layernorm_L62C0_fused_add_rms_norm_add.cl_972931731.after_codegen.txt,数据复制/布局物化,编译器生成的实际数据复制或物理布局变换；比较 operand_shapes 与 shape 可区分 tiling/维度顺序和 memory space 的变化。
1,/device:TPU:0 SparseCore 0,Sparse Core Ops,all-gather.182,all-gather,all-gather,11047.417842,577.178872,"f8e4m3fn[32768,32,128]{2,1,0:T(32,128)(4,1)}","f8e4m3fn[4096,32,128]{2,1,0:T(32,128)(4,1)}",,"op_name=""custom_kernel/custom_kernel/jit(moe)/shard_map/all_gather"" stack_frame_id=927",/mnt/data/workspace/tpu_benchmark_daily/third_party/torchtpu-vllm/src/vllm_torchtpu/kernels/fused_moe/v2/layer.py:406,{},"[{""opcode"": ""all-gather"", ""shape"": ""f8e4m3fn[32768,32,128]{2,1,0:T(32,128)(4,1)}"", ""replica_groups"": ""{{0,1,2,3,4,5,6,7}}"", ""attrs"": ""channel_id=1, replica_groups={{0,1,2,3,4,5,6,7}}, dimensions={0}, use_global_device_ids=true, metadata={op_name=\""custom_kernel/custom_kernel/jit(moe)/shard_map/all_gather\"" stack_frame_id=927}""}]",5092,runs/layer-ops-20260923/dp8/hlo/pid-233147/module_5516.tt_jit_layernorm_L62C0_fused_add_rms_norm_add.cl_972931731.after_codegen.txt,EP dispatch / all-gather,"收集该组 token 激活、router logits 或路由计划，供本地专家处理；实际 replica groups={{0,1,2,3,4,5,6,7}}，输出 f8e4m3fn[32768,32,128]{2,1,0:T(32,128)(4,1)}。异步边界不能重复计费。"
1,/device:TPU:0,XLA Ops,copy-done.1797,copy-done,copy-done,11049.169268,0.002401,"f32[64,1,1,2048]{3,2,1,0:T(1,128)S(1)}","(f32[64,1,1,2048]{3,2,1,0:T(1,128)S(1)}, f32[64,1,1,2048]{3,2,1,0:T(1,128)}, u32[]{:S(2)})",routed_expert_scale,,,{},[],125670,runs/layer-ops-20260923/dp8/hlo/pid-233147/module_5516.tt_jit_layernorm_L62C0_fused_add_rms_norm_add.cl_972931731.after_codegen.txt,DMA 搬运,等待对应 DMA 完成；与 copy-start 是同一次搬运的两端，不能重复计算搬运量。
1,/device:TPU:0,XLA Ops,copy.8868,data formatting,copy,11049.172869,0.996399,"f32[64,1,1,2048]{3,0,1,2:T(8,128)}","f32[64,1,1,2048]{3,2,1,0:T(1,128)S(1)}",routed_expert_scale,,,{},[],125671,runs/layer-ops-20260923/dp8/hlo/pid-233147/module_5516.tt_jit_layernorm_L62C0_fused_add_rms_norm_add.cl_972931731.after_codegen.txt,数据复制/布局物化,编译器生成的实际数据复制或物理布局变换；比较 operand_shapes 与 shape 可区分 tiling/维度顺序和 memory space 的变化。
1,/device:TPU:0,XLA Ops,copy-done.234,copy-done,copy-done,11051.000075,0.003601,"f32[4096,10]{1,0:T(8,128)}","(f32[4096,10]{1,0:T(8,128)}, f32[4096,10]{1,0:T(8,128)S(1)}, u32[]{:S(2)})",,,,{},[],125679,runs/layer-ops-20260923/dp8/hlo/pid-233147/module_5516.tt_jit_layernorm_L62C0_fused_add_rms_norm_add.cl_972931731.after_codegen.txt,DMA 搬运,等待对应 DMA 完成；与 copy-start 是同一次搬运的两端，不能重复计算搬运量。
1,/device:TPU:0,XLA Ops,reduce.4499,reduce,reduce,11051.003677,1.430972,f32[4096]{0:T(1024)},"(f32[4096,10]{1,0:T(8,128)S(1)}, s32[4096,10]{1,0:T(8,128)S(1)}); f32[]{:T(128)}",,"op_name=""custom_kernel/custom_kernel/jit(moe)/shard_map/reduce_sum"" stack_frame_id=961",/mnt/data/workspace/tpu_benchmark_daily/third_party/torchtpu-vllm/src/vllm_torchtpu/kernels/fused_moe/v2/layer.py:441,"{""add"": 1}",[],125680,runs/layer-ops-20260923/dp8/hlo/pid-233147/module_5516.tt_jit_layernorm_L62C0_fused_add_rms_norm_add.cl_972931731.after_codegen.txt,MoE 路由/通信计划,求和归约：构造或处理 top-k 权重、专家计数、token 排列、量化 scale、远端地址及搬运计划；本行 dtype/shape 和 fused_ops 给出实际运算。
1,/device:TPU:0,XLA Ops,copy-done.1440,copy-done,copy-done,11052.435775,0.002401,"s32[160,512]{1,0:T(8,128)}","(s32[160,512]{1,0:T(8,128)}, s32[160,512]{1,0:T(8,128)S(1)}, u32[]{:S(2)})",,,,{},[],125681,runs/layer-ops-20260923/dp8/hlo/pid-233147/module_5516.tt_jit_layernorm_L62C0_fused_add_rms_norm_add.cl_972931731.after_codegen.txt,DMA 搬运,等待对应 DMA 完成；与 copy-start 是同一次搬运的两端，不能重复计算搬运量。
1,/device:TPU:0,XLA Ops,pad.591,pad,pad,11052.438251,0.326531,"s32[512,256]{0,1:T(8,128)S(1)}","s32[512,160]{0,1:T(8,128)S(1)}; s32[]{:T(128)}",,"op_name=""custom_kernel/custom_kernel"" stack_frame_id=532",/mnt/data/workspace/tpu_benchmark_daily/.venv/lib64/python3.12/site-packages/torch_tpu/_internal/pallas/pallas.py:112,{},[],125683,runs/layer-ops-20260923/dp8/hlo/pid-233147/module_5516.tt_jit_layernorm_L62C0_fused_add_rms_norm_add.cl_972931731.after_codegen.txt,MoE 路由/通信计划,整数前缀和/分块偏移处理：用窗口归约、slice 和 add 生成专家或目标 rank 的行起点及传输表；不是浮点模型计算。
1,/device:TPU:0,XLA Ops,fusion.1424,output fusion,fusion,11052.771984,0.442977,"s32[512,2,128]{0,1,2:T(2,128)S(1)}","s32[512,2,128]{0,2,1:T(8,128)S(1)}",,"op_name=""custom_kernel/custom_kernel"" stack_frame_id=532",/mnt/data/workspace/tpu_benchmark_daily/.venv/lib64/python3.12/site-packages/torch_tpu/_internal/pallas/pallas.py:112,"{""fusion"": 1, ""reduce-window"": 1}",[],125685,runs/layer-ops-20260923/dp8/hlo/pid-233147/module_5516.tt_jit_layernorm_L62C0_fused_add_rms_norm_add.cl_972931731.after_codegen.txt,MoE 路由/通信计划,整数前缀和/分块偏移处理：用窗口归约、slice 和 add 生成专家或目标 rank 的行起点及传输表；不是浮点模型计算。
1,/device:TPU:0,XLA Ops,slice_bitcast_fusion.58,loop fusion,fusion,11053.223365,0.002401,"s32[512,2]{0,1:T(2,128)S(1)}","s32[512,2,128]{0,1,2:T(2,128)S(1)}",,"op_name=""custom_kernel/custom_kernel"" stack_frame_id=532",/mnt/data/workspace/tpu_benchmark_daily/.venv/lib64/python3.12/site-packages/torch_tpu/_internal/pallas/pallas.py:112,"{""slice"": 1, ""bitcast"": 1}",[],125686,runs/layer-ops-20260923/dp8/hlo/pid-233147/module_5516.tt_jit_layernorm_L62C0_fused_add_rms_norm_add.cl_972931731.after_codegen.txt,MoE 路由/通信计划,整数前缀和/分块偏移处理：用窗口归约、slice 和 add 生成专家或目标 rank 的行起点及传输表；不是浮点模型计算。
1,/device:TPU:0,XLA Ops,reduce-window.1367,reduce-window,reduce-window,11053.234094,0.038415,"s32[512,3]{0,1:T(4,128)S(1)}","s32[512,2]{0,1:T(2,128)S(1)}; s32[]{:T(128)}",,"op_name=""custom_kernel/custom_kernel"" stack_frame_id=532",/mnt/data/workspace/tpu_benchmark_daily/.venv/lib64/python3.12/site-packages/torch_tpu/_internal/pallas/pallas.py:112,"{""add"": 1}",[],125687,runs/layer-ops-20260923/dp8/hlo/pid-233147/module_5516.tt_jit_layernorm_L62C0_fused_add_rms_norm_add.cl_972931731.after_codegen.txt,MoE 路由/通信计划,整数前缀和/分块偏移处理：用窗口归约、slice 和 add 生成专家或目标 rank 的行起点及传输表；不是浮点模型计算。
1,/device:TPU:0,XLA Ops,slice.3011,slice,slice,11053.272584,0.006002,"s32[512,2]{0,1:T(2,128)S(1)}","s32[512,3]{0,1:T(4,128)S(1)}",,"op_name=""custom_kernel/custom_kernel"" stack_frame_id=532",/mnt/data/workspace/tpu_benchmark_daily/.venv/lib64/python3.12/site-packages/torch_tpu/_internal/pallas/pallas.py:112,{},[],125688,runs/layer-ops-20260923/dp8/hlo/pid-233147/module_5516.tt_jit_layernorm_L62C0_fused_add_rms_norm_add.cl_972931731.after_codegen.txt,MoE 路由/通信计划,整数前缀和/分块偏移处理：用窗口归约、slice 和 add 生成专家或目标 rank 的行起点及传输表；不是浮点模型计算。
1,/device:TPU:0,XLA Ops,broadcast.100746,broadcast,broadcast,11053.278587,0.009604,"s32[512,4,2]{0,2,1:T(2,128)S(1)}","s32[512,2]{0,1:T(2,128)S(1)}",,,,{},[],125689,runs/layer-ops-20260923/dp8/hlo/pid-233147/module_5516.tt_jit_layernorm_L62C0_fused_add_rms_norm_add.cl_972931731.after_codegen.txt,索引/张量辅助,broadcast：为 attention/MoE 准备索引或 tensor 数据；使用本行 shape、metadata 和 HLO 确认它处理的是激活还是 INT32 调度数据。
1,/device:TPU:0,XLA Ops,broadcast_add_fusion.177,loop fusion,fusion,11053.289316,0.986795,"s32[512,8,32]{0,1,2:T(8,128)S(1)}","s32[512,8,32]{0,1,2:T(8,128)S(1)}; s32[512,8]{0,1:T(8,128)S(1)}",,"op_name=""custom_kernel/custom_kernel/reduce_window_sum"" stack_frame_id=532",/mnt/data/workspace/tpu_benchmark_daily/.venv/lib64/python3.12/site-packages/torch_tpu/_internal/pallas/pallas.py:112,"{""broadcast"": 1, ""add"": 1}",[],125692,runs/layer-ops-20260923/dp8/hlo/pid-233147/module_5516.tt_jit_layernorm_L62C0_fused_add_rms_norm_add.cl_972931731.after_codegen.txt,MoE 路由/通信计划,整数前缀和/分块偏移处理：用窗口归约、slice 和 add 生成专家或目标 rank 的行起点及传输表；不是浮点模型计算。
1,/device:TPU:0,XLA Ops,copy.6001,data formatting,copy,11054.284514,0.996399,"s32[512,2,128]{0,2,1:T(8,128)}","s32[512,2,128]{0,1,2:T(2,128)S(1)}",,"op_name=""custom_kernel/custom_kernel/reduce_window_sum"" stack_frame_id=532",/mnt/data/workspace/tpu_benchmark_daily/.venv/lib64/python3.12/site-packages/torch_tpu/_internal/pallas/pallas.py:112,{},[],125694,runs/layer-ops-20260923/dp8/hlo/pid-233147/module_5516.tt_jit_layernorm_L62C0_fused_add_rms_norm_add.cl_972931731.after_codegen.txt,数据复制/布局物化,编译器生成的实际数据复制或物理布局变换；比较 operand_shapes 与 shape 可区分 tiling/维度顺序和 memory space 的变化。
1,/device:TPU:0,XLA Ops,copy-done.2285,copy-done,copy-done,11055.282113,0.002401,"bf16[1,4096]{1,0:T(2,128)(2,1)S(1)}","(bf16[1,4096]{1,0:T(2,128)(2,1)S(1)}, bf16[1,4096]{1,0:T(2,128)(2,1)}, u32[]{:S(2)})",shared_expert_gate_weight,,,{},[],125695,runs/layer-ops-20260923/dp8/hlo/pid-233147/module_5516.tt_jit_layernorm_L62C0_fused_add_rms_norm_add.cl_972931731.after_codegen.txt,DMA 搬运,等待对应 DMA 完成；与 copy-start 是同一次搬运的两端，不能重复计算搬运量。
1,/device:TPU:0,XLA Ops,slice-start.3,async-start,async-start,11055.285715,0.0012,"((s8[8388608]{0:T(1024)(128)(4,1)}), s8[4194304]{0:T(1024)(128)(4,1)S(1)}, s32[]{:S(2)})","s8[8388608]{0:T(1024)(128)(4,1)}",shared_gate_up_weight,,,"{""slice"": 1}",[],125697,runs/layer-ops-20260923/dp8/hlo/pid-233147/module_5516.tt_jit_layernorm_L62C0_fused_add_rms_norm_add.cl_972931731.after_codegen.txt,异步调用控制,异步 kernel/collective 的启动、提交或完成边界；具体计算在被调用的 HLO computation 中，不能把边界再当一遍计算。
1,/device:TPU:0,XLA Ops,convolution_reduce_fusion.58,convolution fusion,fusion,11055.288116,23.963986,"bf16[4096]{0:T(1024)(128)(2,1)S(1)}","(bf16[4096]{0:T(1024)(128)(2,1)S(1)}, bf16[4096,4096]{1,0:T(16,128)(2,1)}); bf16[1,4096]{1,0:T(2,128)(2,1)S(1)}",shared_expert_gate_weight,"op_name=""mm/mm"" stack_frame_id=509",/mnt/data/workspace/tpu_benchmark_daily/.venv/lib64/python3.12/site-packages/vllm/model_executor/parameter.py:127,"{""fusion"": 2, ""convolution"": 1, ""reduce"": 1}",[],125698,runs/layer-ops-20260923/dp8/hlo/pid-233147/module_5516.tt_jit_layernorm_L62C0_fused_add_rms_norm_add.cl_972931731.after_codegen.txt,共享专家 gate,hidden→一个标量 logit；经 sigmoid 后控制该 token 的共享专家贡献。
1,/device:TPU:0,XLA Ops,logistic_convert_fusion.73,loop fusion,fusion,11079.259304,0.581032,"bf16[4096]{0:T(1024)(128)(2,1)}","bf16[4096]{0:T(1024)(128)(2,1)S(1)}",,"op_name=""sigmoid/sigmoid"" stack_frame_id=534",/mnt/data/workspace/tpu_benchmark_daily/.venv/lib64/python3.12/site-packages/vllm/model_executor/models/qwen2_moe.py:119,"{""convert"": 2, ""logistic"": 1}",[],125699,runs/layer-ops-20260923/dp8/hlo/pid-233147/module_5516.tt_jit_layernorm_L62C0_fused_add_rms_norm_add.cl_972931731.after_codegen.txt,门控,计算 sigmoid 门控系数，控制共享专家或 attention 输出的贡献。
1,/device:TPU:0,XLA Ops,slice-start.4,async-start,async-start,11079.840487,0.0012,"((s8[8388608]{0:T(1024)(128)(4,1)}), s8[4194304]{0:T(1024)(128)(4,1)S(1)}, s32[]{:S(2)})","s8[8388608]{0:T(1024)(128)(4,1)}",shared_gate_up_weight,,,"{""slice"": 1}",[],125700,runs/layer-ops-20260923/dp8/hlo/pid-233147/module_5516.tt_jit_layernorm_L62C0_fused_add_rms_norm_add.cl_972931731.after_codegen.txt,异步调用控制,异步 kernel/collective 的启动、提交或完成边界；具体计算在被调用的 HLO computation 中，不能把边界再当一遍计算。
1,/device:TPU:0,XLA Ops,copy-start.3007,copy-start,copy-start,11079.842737,0.0012,"(f32[2048]{0:T(1024)S(1)}, f32[2048]{0:T(1024)}, u32[]{:S(2)})",f32[2048]{0:T(1024)},weight_or_scale,,,{},[],125701,runs/layer-ops-20260923/dp8/hlo/pid-233147/module_5516.tt_jit_layernorm_L62C0_fused_add_rms_norm_add.cl_972931731.after_codegen.txt,DMA 搬运,启动 DMA 搬运。
1,/device:TPU:0,XLA Ops,clamp_convert_fusion.131,loop fusion,fusion,11079.844013,19.67467,"f8e4m3fn[4096,4096]{1,0:T(32,128)(4,1)}","(bf16[4096]{0:T(1024)(128)(2,1)S(1)}, bf16[4096,4096]{1,0:T(16,128)(2,1)}); (f32[4096]{0:T(1024)S(1)}, bf16[4096]{0:T(1024)(128)(2,1)S(1)})",,"op_name=""custom_kernel/custom_kernel/jit(_quantized_matmul_jax)/convert_element_type"" stack_frame_id=646",/mnt/data/workspace/tpu_benchmark_daily/third_party/torchtpu-vllm/src/vllm_torchtpu/kernels/quantized_matmul/util.py:312,"{""broadcast"": 3, ""fusion"": 1, ""convert"": 2, ""divide"": 1, ""clamp"": 1, ""copy"": 1}",[],125702,runs/layer-ops-20260923/dp8/hlo/pid-233147/module_5516.tt_jit_layernorm_L62C0_fused_add_rms_norm_add.cl_972931731.after_codegen.txt,FP8 激活量化,按动态 scale 缩放并截断到 FP8 可表示范围，再转换为 FP8，供后续 MXU GEMM 使用。
1,/device:TPU:0,XLA Ops,slice-done.3,async-done,async-done,11099.518758,0.002401,"s8[4194304]{0:T(1024)(128)(4,1)S(1)}","((s8[8388608]{0:T(1024)(128)(4,1)}), s8[4194304]{0:T(1024)(128)(4,1)S(1)}, s32[]{:S(2)})",shared_gate_up_weight,,,{},[],125703,runs/layer-ops-20260923/dp8/hlo/pid-233147/module_5516.tt_jit_layernorm_L62C0_fused_add_rms_norm_add.cl_972931731.after_codegen.txt,异步调用控制,异步 kernel/collective 的启动、提交或完成边界；具体计算在被调用的 HLO computation 中，不能把边界再当一遍计算。
1,/device:TPU:0,XLA Ops,slice-done.4,async-done,async-done,11099.522209,0.002401,"s8[4194304]{0:T(1024)(128)(4,1)S(1)}","((s8[8388608]{0:T(1024)(128)(4,1)}), s8[4194304]{0:T(1024)(128)(4,1)S(1)}, s32[]{:S(2)})",shared_gate_up_weight,,,{},[],125704,runs/layer-ops-20260923/dp8/hlo/pid-233147/module_5516.tt_jit_layernorm_L62C0_fused_add_rms_norm_add.cl_972931731.after_codegen.txt,异步调用控制,异步 kernel/collective 的启动、提交或完成边界；具体计算在被调用的 HLO computation 中，不能把边界再当一遍计算。
1,/device:TPU:0,XLA Ops,copy-done.3007,copy-done,copy-done,11099.528212,0.0012,f32[2048]{0:T(1024)S(1)},"(f32[2048]{0:T(1024)S(1)}, f32[2048]{0:T(1024)}, u32[]{:S(2)})",weight_or_scale,,,{},[],125705,runs/layer-ops-20260923/dp8/hlo/pid-233147/module_5516.tt_jit_layernorm_L62C0_fused_add_rms_norm_add.cl_972931731.after_codegen.txt,DMA 搬运,等待对应 DMA 完成；与 copy-start 是同一次搬运的两端，不能重复计算搬运量。
1,/device:TPU:0,XLA Ops,custom-call.251,custom-call,custom-call,11099.53669,0.0012,"f8e4m3fn[4096,2048]{1,0:T(32,128)(4,1)S(1)}","s8[4194304]{0:T(1024)(128)(4,1)S(1)}; s8[4194304]{0:T(1024)(128)(4,1)S(1)}",shared_gate_up_weight,,,{},[],125706,runs/layer-ops-20260923/dp8/hlo/pid-233147/module_5516.tt_jit_layernorm_L62C0_fused_add_rms_norm_add.cl_972931731.after_codegen.txt,编译器 buffer 操作,ConcatBitcast：连接/重解释已切分的权重 buffer；属于编译器生成的 buffer 操作，不能按独立模型计算理解。
1,/device:TPU:0,XLA Ops,copy-start.1966,copy-start,copy-start,11099.545093,0.007203,"(f32[4096]{0:T(1024)S(1)}, f32[4096]{0:T(1024)}, u32[]{:S(2)})",f32[4096]{0:T(1024)},,,,{},[],125708,runs/layer-ops-20260923/dp8/hlo/pid-233147/module_5516.tt_jit_layernorm_L62C0_fused_add_rms_norm_add.cl_972931731.after_codegen.txt,DMA 搬运,启动 DMA 搬运。
1,/device:TPU:0,XLA Ops,copy-start.2150,copy-start,copy-start,11099.559574,0.007203,"(pred[4096]{0:T(1024)(128)(4,1)S(1)}, pred[4096]{0:T(1024)(128)(4,1)}, u32[]{:S(2)})","(pred[4096]{0:T(1024)(128)(4,1)}, f32[4096,512]{1,0:T(8,128)S(1)})",,,,{},[],125709,runs/layer-ops-20260923/dp8/hlo/pid-233147/module_5516.tt_jit_layernorm_L62C0_fused_add_rms_norm_add.cl_972931731.after_codegen.txt,DMA 搬运,启动 DMA 搬运。
1,/device:TPU:0,XLA Ops,copy-start.833,copy-start,copy-start,11099.576231,0.006002,"(pred[256,256]{1,0:T(8,128)(4,1)S(1)}, pred[256,256]{1,0:T(8,128)(4,1)}, u32[]{:S(2)})","pred[256,256]{1,0:T(8,128)(4,1)}",,,,{},[],125710,runs/layer-ops-20260923/dp8/hlo/pid-233147/module_5516.tt_jit_layernorm_L62C0_fused_add_rms_norm_add.cl_972931731.after_codegen.txt,DMA 搬运,启动 DMA 搬运。
1,/device:TPU:0,XLA Ops,copy-start.1245,copy-start,copy-start,11099.589511,0.007203,"(s32[160,256]{1,0:T(8,128)S(1)}, s32[160,256]{1,0:T(8,128)}, u32[]{:S(2)})","s32[160,256]{1,0:T(8,128)}",,,,{},[],125711,runs/layer-ops-20260923/dp8/hlo/pid-233147/module_5516.tt_jit_layernorm_L62C0_fused_add_rms_norm_add.cl_972931731.after_codegen.txt,DMA 搬运,启动 DMA 搬运。
1,/device:TPU:0,XLA Ops,multiply_convert_fusion.358,convolution fusion,fusion,11099.605042,39.636255,"bf16[4096,2048]{1,0:T(16,128)(2,1)S(1)}","f32[2048]{0:T(1024)S(1)}; (f32[4096]{0:T(1024)S(1)}, bf16[4096]{0:T(1024)(128)(2,1)S(1)}); f8e4m3fn[4096,4096]{1,0:T(32,128)(4,1)}; f8e4m3fn[4096,2048]{1,0:T(32,128)(4,1)S(1)}","shared_gate_up_weight,weight_or_scale","op_name=""custom_kernel/custom_kernel/jit(_quantized_matmul_jax)/dot_general"" stack_frame_id=647",/mnt/data/workspace/tpu_benchmark_daily/third_party/torchtpu-vllm/src/vllm_torchtpu/kernels/quantized_matmul/util.py:98,"{""fusion"": 2, ""convolution"": 1, ""broadcast"": 2, ""multiply"": 2, ""convert"": 1, ""copy"": 1}",[],125712,runs/layer-ops-20260923/dp8/hlo/pid-233147/module_5516.tt_jit_layernorm_L62C0_fused_add_rms_norm_add.cl_972931731.after_codegen.txt,共享专家 gate/up,共享专家的 FP8 gate/up GEMM；所有 token 都经过该分支。
1,/device:TPU:0,XLA Ops,abs_reduce_fusion.238,loop fusion,fusion,11139.248575,9.085234,"bf16[4096]{0:T(1024)(128)(2,1)S(1)}","bf16[4096,2048]{1,0:T(16,128)(2,1)S(1)}",,"op_name=""custom_kernel/custom_kernel/jit(_quantized_matmul_jax)/reduce_max"" stack_frame_id=643",/mnt/data/workspace/tpu_benchmark_daily/third_party/torchtpu-vllm/src/vllm_torchtpu/kernels/quantized_matmul/util.py:302,"{""slice"": 2, ""logistic"": 1, ""multiply"": 2, ""abs"": 1, ""reduce"": 1}",[],125713,runs/layer-ops-20260923/dp8/hlo/pid-233147/module_5516.tt_jit_layernorm_L62C0_fused_add_rms_norm_add.cl_972931731.after_codegen.txt,FP8 激活量化,按 token 行计算 max(abs(x))，得到动态 FP8 量化 scale；可能融合前面的 RMSNorm/门控操作。
1,/device:TPU:0,XLA Ops,compare_select_fusion.555,loop fusion,fusion,11148.342137,0.004802,f32[4096]{0:T(1024)S(1)},"bf16[4096]{0:T(1024)(128)(2,1)S(1)}",,"op_name=""custom_kernel/custom_kernel/select_n"" stack_frame_id=499",/mnt/data/workspace/tpu_benchmark_daily/.venv/lib64/python3.12/site-packages/torch_tpu/_internal/pallas/pallas.py:685,"{""convert"": 1, ""broadcast"": 3, ""multiply"": 1, ""compare"": 1, ""select"": 1}",[],125714,runs/layer-ops-20260923/dp8/hlo/pid-233147/module_5516.tt_jit_layernorm_L62C0_fused_add_rms_norm_add.cl_972931731.after_codegen.txt,FP8 量化 scale,计算/保护动态 FP8 scale：max(abs(x))/448；全零行使用非零替代 scale，避免除零。部分 fusion 同时生成 MoE 的有效行 mask。
1,/device:TPU:0,XLA Ops,copy-start.2028,copy-start,copy-start,11148.355342,0.008403,"(f32[4096]{0:T(1024)}, f32[4096]{0:T(1024)S(1)}, u32[]{:S(2)})",f32[4096]{0:T(1024)S(1)},,,,{},[],125715,runs/layer-ops-20260923/dp8/hlo/pid-233147/module_5516.tt_jit_layernorm_L62C0_fused_add_rms_norm_add.cl_972931731.after_codegen.txt,DMA 搬运,启动 DMA 搬运。
1,/device:TPU:0,XLA Ops,copy-done.1966,copy-done,copy-done,11148.371099,0.003601,f32[4096]{0:T(1024)S(1)},"(f32[4096]{0:T(1024)S(1)}, f32[4096]{0:T(1024)}, u32[]{:S(2)})",,,,{},[],125716,runs/layer-ops-20260923/dp8/hlo/pid-233147/module_5516.tt_jit_layernorm_L62C0_fused_add_rms_norm_add.cl_972931731.after_codegen.txt,DMA 搬运,等待对应 DMA 完成；与 copy-start 是同一次搬运的两端，不能重复计算搬运量。
1,/device:TPU:0,XLA Ops,copy-done.2150,copy-done,copy-done,11148.380703,0.002401,"pred[4096]{0:T(1024)(128)(4,1)S(1)}","(pred[4096]{0:T(1024)(128)(4,1)S(1)}, pred[4096]{0:T(1024)(128)(4,1)}, u32[]{:S(2)})",,,,{},[],125717,runs/layer-ops-20260923/dp8/hlo/pid-233147/module_5516.tt_jit_layernorm_L62C0_fused_add_rms_norm_add.cl_972931731.after_codegen.txt,DMA 搬运,等待对应 DMA 完成；与 copy-start 是同一次搬运的两端，不能重复计算搬运量。
1,/device:TPU:0,XLA Ops,maximum_select_fusion.58,loop fusion,fusion,11148.390306,0.597839,f32[4096]{0:T(1024)},"pred[4096]{0:T(1024)(128)(4,1)S(1)}; f32[4096]{0:T(1024)S(1)}",,"op_name=""custom_kernel/custom_kernel/jit(moe)/shard_map/jit(_where)/select_n"" stack_frame_id=963",/mnt/data/workspace/tpu_benchmark_daily/third_party/torchtpu-vllm/src/vllm_torchtpu/kernels/fused_moe/v2/layer.py:443,"{""broadcast"": 2, ""maximum"": 1, ""select"": 1}",[],125718,runs/layer-ops-20260923/dp8/hlo/pid-233147/module_5516.tt_jit_layernorm_L62C0_fused_add_rms_norm_add.cl_972931731.after_codegen.txt,MoE 路由/通信计划,条件选择：构造或处理 top-k 权重、专家计数、token 排列、量化 scale、远端地址及搬运计划；本行 dtype/shape 和 fused_ops 给出实际运算。
1,/device:TPU:0,XLA Ops,copy-done.833,copy-done,copy-done,11148.988146,0.002401,"pred[256,256]{1,0:T(8,128)(4,1)S(1)}","(pred[256,256]{1,0:T(8,128)(4,1)S(1)}, pred[256,256]{1,0:T(8,128)(4,1)}, u32[]{:S(2)})",,,,{},[],125719,runs/layer-ops-20260923/dp8/hlo/pid-233147/module_5516.tt_jit_layernorm_L62C0_fused_add_rms_norm_add.cl_972931731.after_codegen.txt,DMA 搬运,等待对应 DMA 完成；与 copy-start 是同一次搬运的两端，不能重复计算搬运量。
1,/device:TPU:0,XLA Ops,copy-done.1245,copy-done,copy-done,11148.990471,0.002401,"s32[160,256]{1,0:T(8,128)S(1)}","(s32[160,256]{1,0:T(8,128)S(1)}, s32[160,256]{1,0:T(8,128)}, u32[]{:S(2)})",,,,{},[],125720,runs/layer-ops-20260923/dp8/hlo/pid-233147/module_5516.tt_jit_layernorm_L62C0_fused_add_rms_norm_add.cl_972931731.after_codegen.txt,DMA 搬运,等待对应 DMA 完成；与 copy-start 是同一次搬运的两端，不能重复计算搬运量。
1,/device:TPU:0,XLA Ops,convert_reduce_fusion.357,loop fusion,fusion,11148.993998,12.989196,"s32[160,256]{1,0:T(8,128)S(1)}","s32[160,256]{1,0:T(8,128)S(1)}; pred[256,256]{1,0:T(8,128)(4,1)S(1)}",,"op_name=""custom_kernel/custom_kernel/jit(moe)/shard_map/reduce_sum"" stack_frame_id=782",/mnt/data/workspace/tpu_benchmark_daily/third_party/torchtpu-vllm/src/vllm_torchtpu/kernels/fused_moe/v2/host.py:630,"{""broadcast"": 3, ""compare"": 1, ""and"": 1, ""convert"": 1, ""reduce"": 1}",[],125721,runs/layer-ops-20260923/dp8/hlo/pid-233147/module_5516.tt_jit_layernorm_L62C0_fused_add_rms_norm_add.cl_972931731.after_codegen.txt,MoE 路由/通信计划,求和归约：构造或处理 top-k 权重、专家计数、token 排列、量化 scale、远端地址及搬运计划；本行 dtype/shape 和 fused_ops 给出实际运算。
1,/device:TPU:0,XLA Ops,clamp_convert_fusion.193,loop fusion,fusion,11161.991597,12.312125,"f8e4m3fn[4096,1024]{1,0:T(32,128)(4,1)}","f32[4096]{0:T(1024)S(1)}; bf16[4096,2048]{1,0:T(16,128)(2,1)S(1)}",,"op_name=""custom_kernel/custom_kernel/jit(_quantized_matmul_jax)/convert_element_type"" stack_frame_id=646",/mnt/data/workspace/tpu_benchmark_daily/third_party/torchtpu-vllm/src/vllm_torchtpu/kernels/quantized_matmul/util.py:312,"{""broadcast"": 3, ""slice"": 2, ""logistic"": 1, ""multiply"": 2, ""convert"": 2, ""divide"": 1, ""clamp"": 1, ""copy"": 1}",[],125722,runs/layer-ops-20260923/dp8/hlo/pid-233147/module_5516.tt_jit_layernorm_L62C0_fused_add_rms_norm_add.cl_972931731.after_codegen.txt,FP8 激活量化,按动态 scale 缩放并截断到 FP8 可表示范围，再转换为 FP8，供后续 MXU GEMM 使用。
1,/device:TPU:0,XLA Ops,all-gather.303.cloned.1.call-done,async-done,async-done,11174.303797,0.002401,"s32[8,1,45568]{2,1,0:T(1,128)}","((s32[1,1,45568]{2,1,0:T(1,128)}), s32[8,1,45568]{2,1,0:T(1,128)})",,"op_name=""custom_kernel/custom_kernel/jit(moe)/shard_map/all_gather"" stack_frame_id=763",/mnt/data/workspace/tpu_benchmark_daily/third_party/torchtpu-vllm/src/vllm_torchtpu/kernels/fused_moe/v2/layer.py:465,{},"[{""opcode"": ""all-gather"", ""shape"": ""s32[8,1,45568]{2,1,0:T(1,128)}"", ""replica_groups"": ""{{0,1,2,3,4,5,6,7}}"", ""attrs"": ""channel_id=1, replica_groups={{0,1,2,3,4,5,6,7}}, dimensions={0}, use_global_device_ids=true, metadata={op_name=\""custom_kernel/custom_kernel/jit(moe)/shard_map/all_gather\"" stack_frame_id=763}""}]",125723,runs/layer-ops-20260923/dp8/hlo/pid-233147/module_5516.tt_jit_layernorm_L62C0_fused_add_rms_norm_add.cl_972931731.after_codegen.txt,EP dispatch / all-gather,"收集该组 token 激活、router logits 或路由计划，供本地专家处理；实际 replica groups={{0,1,2,3,4,5,6,7}}，输出 s32[8,1,45568]{2,1,0:T(1,128)}。异步边界不能重复计费。"
1,/device:TPU:0,XLA Ops,copy.6002,data formatting,copy,11174.306348,11.788715,"s32[8,1,45568]{0,2,1:T(8,128)S(1)}","s32[8,1,45568]{2,1,0:T(1,128)}",,"op_name=""custom_kernel/custom_kernel/jit(moe)/shard_map/all_gather"" stack_frame_id=763",/mnt/data/workspace/tpu_benchmark_daily/third_party/torchtpu-vllm/src/vllm_torchtpu/kernels/fused_moe/v2/layer.py:465,{},[],125724,runs/layer-ops-20260923/dp8/hlo/pid-233147/module_5516.tt_jit_layernorm_L62C0_fused_add_rms_norm_add.cl_972931731.after_codegen.txt,EP 全收集,跨 EP rank 收集 token 激活或路由计划/量化 scale；整数 shape 是计划数据，FP8 shape 是激活。异步 start/done 是同一通信的控制边界。
1,/device:TPU:0,XLA Ops,copy-done.2028,copy-done,copy-done,11186.100916,0.003601,f32[4096]{0:T(1024)},"(f32[4096]{0:T(1024)}, f32[4096]{0:T(1024)S(1)}, u32[]{:S(2)})",,,,{},[],125725,runs/layer-ops-20260923/dp8/hlo/pid-233147/module_5516.tt_jit_layernorm_L62C0_fused_add_rms_norm_add.cl_972931731.after_codegen.txt,DMA 搬运,等待对应 DMA 完成；与 copy-start 是同一次搬运的两端，不能重复计算搬运量。
1,/device:TPU:0,XLA Ops,copy-start.1441,copy-start,copy-start,11186.111645,0.007203,"(s32[160,512]{1,0:T(8,128)S(1)}, s32[160,512]{1,0:T(8,128)}, u32[]{:S(2)})","s32[160,512]{1,0:T(8,128)}",,,,{},[],125726,runs/layer-ops-20260923/dp8/hlo/pid-233147/module_5516.tt_jit_layernorm_L62C0_fused_add_rms_norm_add.cl_972931731.after_codegen.txt,DMA 搬运,启动 DMA 搬运。
1,/device:TPU:0,XLA Ops,copy-start.1618,copy-start,copy-start,11186.126126,0.007203,"(s32[512,2,128]{0,2,1:T(8,128)S(1)}, s32[512,2,128]{0,2,1:T(8,128)}, u32[]{:S(2)})","s32[512,2,128]{0,2,1:T(8,128)}",,,,{},[],125727,runs/layer-ops-20260923/dp8/hlo/pid-233147/module_5516.tt_jit_layernorm_L62C0_fused_add_rms_norm_add.cl_972931731.after_codegen.txt,DMA 搬运,启动 DMA 搬运。
1,/device:TPU:0,XLA Ops,slice.3015,slice,slice,11186.141732,7.781513,"s32[8,40960]{0,1:T(8,128)}","s32[8,45568]{0,1:T(8,128)S(1)}",,"op_name=""custom_kernel/custom_kernel/jit(moe)/shard_map/slice"" stack_frame_id=876",/mnt/data/workspace/tpu_benchmark_daily/third_party/torchtpu-vllm/src/vllm_torchtpu/kernels/fused_moe/v2/layer.py:159,{},[],125729,runs/layer-ops-20260923/dp8/hlo/pid-233147/module_5516.tt_jit_layernorm_L62C0_fused_add_rms_norm_add.cl_972931731.after_codegen.txt,MoE 路由/通信计划,切片：构造或处理 top-k 权重、专家计数、token 排列、量化 scale、远端地址及搬运计划；本行 dtype/shape 和 fused_ops 给出实际运算。
1,/device:TPU:0,XLA Ops,slice.3019,slice,slice,11193.923245,0.145258,"s32[8,4096]{0,1:T(8,128)S(1)}","s32[8,45568]{0,1:T(8,128)S(1)}",,"op_name=""custom_kernel/custom_kernel/jit(moe)/shard_map/slice"" stack_frame_id=937",/mnt/data/workspace/tpu_benchmark_daily/third_party/torchtpu-vllm/src/vllm_torchtpu/kernels/fused_moe/v2/layer.py:160,{},[],125731,runs/layer-ops-20260923/dp8/hlo/pid-233147/module_5516.tt_jit_layernorm_L62C0_fused_add_rms_norm_add.cl_972931731.after_codegen.txt,MoE 路由/通信计划,切片：构造或处理 top-k 权重、专家计数、token 排列、量化 scale、远端地址及搬运计划；本行 dtype/shape 和 fused_ops 给出实际运算。
1,/device:TPU:0,XLA Ops,fusion.2656,loop fusion,fusion,11194.078032,0.852341,"(s32[8]{0:T(128)S(1)}, s32[512]{0:T(512)S(1)}, s32[8]{0:T(128)S(1)}, s32[8,512]{0,1:T(8,128)}, s32[8,512]{0,1:T(8,128)S(1)}, /*index=5*/s32[512,8]{1,0:T(8,128)S(1)})","s32[8,45568]{0,1:T(8,128)S(1)}",,"op_name=""custom_kernel/custom_kernel/jit(moe)/shard_map/reduce_sum"" stack_frame_id=845",/mnt/data/workspace/tpu_benchmark_daily/third_party/torchtpu-vllm/src/vllm_torchtpu/kernels/fused_moe/v2/host.py:840,"{""slice"": 1, ""broadcast"": 2, ""add"": 1, ""and"": 1, ""reduce"": 3, ""bitcast"": 1, ""tuple"": 1}",[],125733,runs/layer-ops-20260923/dp8/hlo/pid-233147/module_5516.tt_jit_layernorm_L62C0_fused_add_rms_norm_add.cl_972931731.after_codegen.txt,MoE 路由/通信计划,求和归约：构造或处理 top-k 权重、专家计数、token 排列、量化 scale、远端地址及搬运计划；本行 dtype/shape 和 fused_ops 给出实际运算。
1,/device:TPU:0,XLA Ops,reduce-window.1370,reduce-window,reduce-window,11194.930598,0.229292,"s32[512,8]{1,0:T(8,128)S(1)}","(s32[8]{0:T(128)S(1)}, s32[512]{0:T(512)S(1)}, s32[8]{0:T(128)S(1)}, s32[8,512]{0,1:T(8,128)}, s32[8,512]{0,1:T(8,128)S(1)}, /*index=5*/s32[512,8]{1,0:T(8,128)S(1)}); s32[]{:T(128)}",,"op_name=""custom_kernel/custom_kernel/jit(moe)/shard_map/jit(cumsum)/call.3/reduce_window_sum"" stack_frame_id=785",/mnt/data/workspace/tpu_benchmark_daily/third_party/torchtpu-vllm/src/vllm_torchtpu/kernels/fused_moe/v2/host.py:829,"{""add"": 1}",[],125734,runs/layer-ops-20260923/dp8/hlo/pid-233147/module_5516.tt_jit_layernorm_L62C0_fused_add_rms_norm_add.cl_972931731.after_codegen.txt,MoE 路由/通信计划,整数前缀和/分块偏移处理：用窗口归约、slice 和 add 生成专家或目标 rank 的行起点及传输表；不是浮点模型计算。
1,/device:TPU:0,XLA Ops,copy.6003,data formatting,copy,11195.168068,0.120048,"s32[8,4,128]{2,0,1:T(8,128)S(1)}","s32[8,4,128]{0,2,1:T(8,128)S(1)}",,"op_name=""custom_kernel/custom_kernel"" stack_frame_id=532",/mnt/data/workspace/tpu_benchmark_daily/.venv/lib64/python3.12/site-packages/torch_tpu/_internal/pallas/pallas.py:112,{},[],125736,runs/layer-ops-20260923/dp8/hlo/pid-233147/module_5516.tt_jit_layernorm_L62C0_fused_add_rms_norm_add.cl_972931731.after_codegen.txt,数据复制/布局物化,编译器生成的实际数据复制或物理布局变换；比较 operand_shapes 与 shape 可区分 tiling/维度顺序和 memory space 的变化。
1,/device:TPU:0,XLA Ops,reduce-window.1368,reduce-window,reduce-window,11195.289316,1.133253,"s32[8,4,128]{2,0,1:T(8,128)S(1)}","s32[8,4,128]{2,0,1:T(8,128)S(1)}; s32[]{:T(128)}",,"op_name=""custom_kernel/custom_kernel"" stack_frame_id=532",/mnt/data/workspace/tpu_benchmark_daily/.venv/lib64/python3.12/site-packages/torch_tpu/_internal/pallas/pallas.py:112,"{""add"": 1}",[],125737,runs/layer-ops-20260923/dp8/hlo/pid-233147/module_5516.tt_jit_layernorm_L62C0_fused_add_rms_norm_add.cl_972931731.after_codegen.txt,MoE 路由/通信计划,整数前缀和/分块偏移处理：用窗口归约、slice 和 add 生成专家或目标 rank 的行起点及传输表；不是浮点模型计算。
1,/device:TPU:0,XLA Ops,copy.6004,data formatting,copy,11196.422644,0.145258,"s32[8,4,128]{0,2,1:T(8,128)S(1)}","s32[8,4,128]{2,0,1:T(8,128)S(1)}",,"op_name=""custom_kernel/custom_kernel"" stack_frame_id=532",/mnt/data/workspace/tpu_benchmark_daily/.venv/lib64/python3.12/site-packages/torch_tpu/_internal/pallas/pallas.py:112,{},[],125738,runs/layer-ops-20260923/dp8/hlo/pid-233147/module_5516.tt_jit_layernorm_L62C0_fused_add_rms_norm_add.cl_972931731.after_codegen.txt,数据复制/布局物化,编译器生成的实际数据复制或物理布局变换；比较 operand_shapes 与 shape 可区分 tiling/维度顺序和 memory space 的变化。
1,/device:TPU:0,XLA Ops,slice_reduce_fusion.58,loop fusion,fusion,11196.575255,6.277311,"s32[8,4]{0,1:T(4,128)S(1)}","s32[8,4,128]{2,0,1:T(8,128)S(1)}",,"op_name=""custom_kernel/custom_kernel"" stack_frame_id=532",/mnt/data/workspace/tpu_benchmark_daily/.venv/lib64/python3.12/site-packages/torch_tpu/_internal/pallas/pallas.py:112,"{""slice"": 1, ""reduce"": 1}",[],125739,runs/layer-ops-20260923/dp8/hlo/pid-233147/module_5516.tt_jit_layernorm_L62C0_fused_add_rms_norm_add.cl_972931731.after_codegen.txt,MoE 路由/通信计划,整数前缀和/分块偏移处理：用窗口归约、slice 和 add 生成专家或目标 rank 的行起点及传输表；不是浮点模型计算。
1,/device:TPU:0,XLA Ops,reduce-window.1369,reduce-window,reduce-window,11202.859619,0.032413,"s32[8,5]{0,1:T(8,128)S(1)}","s32[8,4]{0,1:T(4,128)S(1)}; s32[]{:T(128)}",,"op_name=""custom_kernel/custom_kernel"" stack_frame_id=532",/mnt/data/workspace/tpu_benchmark_daily/.venv/lib64/python3.12/site-packages/torch_tpu/_internal/pallas/pallas.py:112,"{""add"": 1}",[],125740,runs/layer-ops-20260923/dp8/hlo/pid-233147/module_5516.tt_jit_layernorm_L62C0_fused_add_rms_norm_add.cl_972931731.after_codegen.txt,MoE 路由/通信计划,整数前缀和/分块偏移处理：用窗口归约、slice 和 add 生成专家或目标 rank 的行起点及传输表；不是浮点模型计算。
1,/device:TPU:0,XLA Ops,slice.2105,slice,slice,11202.892032,0.004802,"s32[8,4]{0,1:T(4,128)S(1)}","s32[8,5]{0,1:T(8,128)S(1)}",,"op_name=""custom_kernel/custom_kernel"" stack_frame_id=532",/mnt/data/workspace/tpu_benchmark_daily/.venv/lib64/python3.12/site-packages/torch_tpu/_internal/pallas/pallas.py:112,{},[],125741,runs/layer-ops-20260923/dp8/hlo/pid-233147/module_5516.tt_jit_layernorm_L62C0_fused_add_rms_norm_add.cl_972931731.after_codegen.txt,MoE 路由/通信计划,整数前缀和/分块偏移处理：用窗口归约、slice 和 add 生成专家或目标 rank 的行起点及传输表；不是浮点模型计算。
1,/device:TPU:0,XLA Ops,broadcast.80045,broadcast,broadcast,11202.897959,0.006002,"s32[8,4,2]{0,2,1:T(2,128)S(1)}","s32[8,4]{0,1:T(4,128)S(1)}",,"op_name=""custom_kernel/custom_kernel"" stack_frame_id=532",/mnt/data/workspace/tpu_benchmark_daily/.venv/lib64/python3.12/site-packages/torch_tpu/_internal/pallas/pallas.py:112,{},[],125742,runs/layer-ops-20260923/dp8/hlo/pid-233147/module_5516.tt_jit_layernorm_L62C0_fused_add_rms_norm_add.cl_972931731.after_codegen.txt,MoE 路由/通信计划,整数前缀和/分块偏移处理：用窗口归约、slice 和 add 生成专家或目标 rank 的行起点及传输表；不是浮点模型计算。
1,/device:TPU:0,XLA Ops,add_subtract_fusion.58,loop fusion,fusion,11202.904037,1.141657,"s32[8,8,64]{0,2,1:T(8,128)S(1)}","s32[8,8,64]{0,2,1:T(8,128)S(1)}; s32[8,8,64]{0,2,1:T(8,128)S(1)}; s32[8,8]{0,1:T(8,128)S(1)}",,"op_name=""custom_kernel/custom_kernel/jit(moe)/shard_map/sub"" stack_frame_id=771",/mnt/data/workspace/tpu_benchmark_daily/third_party/torchtpu-vllm/src/vllm_torchtpu/kernels/fused_moe/v2/host.py:838,"{""broadcast"": 1, ""add"": 1, ""subtract"": 1}",[],125746,runs/layer-ops-20260923/dp8/hlo/pid-233147/module_5516.tt_jit_layernorm_L62C0_fused_add_rms_norm_add.cl_972931731.after_codegen.txt,MoE 路由/通信计划,减法：构造或处理 top-k 权重、专家计数、token 排列、量化 scale、远端地址及搬运计划；本行 dtype/shape 和 fused_ops 给出实际运算。
1,/device:TPU:0,XLA Ops,dynamic-slice_reduce_fusion.58,loop fusion,fusion,11204.054172,0.348139,"s32[8,64]{1,0:T(8,128)S(1)}","s32[8,8,64]{0,2,1:T(8,128)S(1)}; s32[]{:T(128)S(6)}",,"op_name=""custom_kernel/custom_kernel/jit(moe)/shard_map/dynamic_slice"" stack_frame_id=773",/mnt/data/workspace/tpu_benchmark_daily/third_party/torchtpu-vllm/src/vllm_torchtpu/kernels/fused_moe/v2/host.py:845,"{""dynamic-slice"": 1, ""reduce"": 1}",[],125747,runs/layer-ops-20260923/dp8/hlo/pid-233147/module_5516.tt_jit_layernorm_L62C0_fused_add_rms_norm_add.cl_972931731.after_codegen.txt,MoE 路由/通信计划,动态切片：构造或处理 top-k 权重、专家计数、token 排列、量化 scale、远端地址及搬运计划；本行 dtype/shape 和 fused_ops 给出实际运算。
1,/device:TPU:0,XLA Ops,broadcast_in_dim_reshape.366,data formatting,reshape,11204.410565,0.07563,s32[512]{0:T(512)S(1)},"s32[8,64]{1,0:T(8,128)S(1)}",,"op_name=""custom_kernel/custom_kernel/jit(moe)/shard_map/add;jit(moe)/shard_map/broadcast_in_dim;reshape"" stack_frame_id=532",/mnt/data/workspace/tpu_benchmark_daily/.venv/lib64/python3.12/site-packages/torch_tpu/_internal/pallas/pallas.py:112,{},[],125748,runs/layer-ops-20260923/dp8/hlo/pid-233147/module_5516.tt_jit_layernorm_L62C0_fused_add_rms_norm_add.cl_972931731.after_codegen.txt,数据复制/布局物化,编译器生成的实际数据复制或物理布局变换；比较 operand_shapes 与 shape 可区分 tiling/维度顺序和 memory space 的变化。
1,/device:TPU:0,XLA Ops,fusion.3128,loop fusion,fusion,11204.48642,1.414166,"(s32[8]{0:T(128)S(1)}, s32[512,8]{1,0:T(8,128)}, s32[512,8]{1,0:T(8,128)S(1)})","s32[512,8]{1,0:T(8,128)S(1)}; s32[8,45568]{0,1:T(8,128)S(1)}",,"op_name=""custom_kernel/custom_kernel/jit(moe)/shard_map/reduce_sum"" stack_frame_id=867",/mnt/data/workspace/tpu_benchmark_daily/third_party/torchtpu-vllm/src/vllm_torchtpu/kernels/fused_moe/v2/host.py:1144,"{""slice"": 1, ""broadcast"": 6, ""add"": 4, ""and"": 1, ""bitcast"": 1, ""compare"": 1, ""subtract"": 2, ""maximum"": 1, ""shift-right-arithmetic"": 2, ""select"": 1, ""reduce"": 1, ""tuple"": 1}",[],125750,runs/layer-ops-20260923/dp8/hlo/pid-233147/module_5516.tt_jit_layernorm_L62C0_fused_add_rms_norm_add.cl_972931731.after_codegen.txt,MoE 路由/通信计划,求和归约：构造或处理 top-k 权重、专家计数、token 排列、量化 scale、远端地址及搬运计划；本行 dtype/shape 和 fused_ops 给出实际运算。
1,/device:TPU:0,XLA Ops,and_reduce_fusion.58,loop fusion,fusion,11205.900435,3.9988,s32[512]{0:T(512)S(1)},"(s32[8]{0:T(128)S(1)}, s32[512,8]{1,0:T(8,128)}, s32[512,8]{1,0:T(8,128)S(1)}); s32[]{:T(128)S(6)}",,"op_name=""custom_kernel/custom_kernel/jit(moe)/shard_map/and"" stack_frame_id=949",/mnt/data/workspace/tpu_benchmark_daily/third_party/torchtpu-vllm/src/vllm_torchtpu/kernels/fused_moe/v2/host.py:864,"{""dynamic-slice"": 1, ""broadcast"": 1, ""and"": 1, ""reduce"": 1}",[],125751,runs/layer-ops-20260923/dp8/hlo/pid-233147/module_5516.tt_jit_layernorm_L62C0_fused_add_rms_norm_add.cl_972931731.after_codegen.txt,MoE 路由/通信计划,逻辑与：构造或处理 top-k 权重、专家计数、token 排列、量化 scale、远端地址及搬运计划；本行 dtype/shape 和 fused_ops 给出实际运算。
1,/device:TPU:0,XLA Ops,multiply_add_fusion.299,loop fusion,fusion,11209.906363,0.007203,s32[512]{0:T(512)S(1)},s32[512]{0:T(512)S(1)}; s32[512]{0:T(512)S(1)},,"op_name=""custom_kernel/custom_kernel/jit(moe)/shard_map/add"" stack_frame_id=947",/mnt/data/workspace/tpu_benchmark_daily/third_party/torchtpu-vllm/src/vllm_torchtpu/kernels/fused_moe/v2/host.py:862,"{""broadcast"": 3, ""shift-right-arithmetic"": 1, ""iota"": 1, ""multiply"": 2, ""add"": 2}",[],125752,runs/layer-ops-20260923/dp8/hlo/pid-233147/module_5516.tt_jit_layernorm_L62C0_fused_add_rms_norm_add.cl_972931731.after_codegen.txt,MoE 路由/通信计划,加法：构造或处理 top-k 权重、专家计数、token 排列、量化 scale、远端地址及搬运计划；本行 dtype/shape 和 fused_ops 给出实际运算。
1,/device:TPU:0,XLA Ops,copy-done.1441,copy-done,copy-done,11209.919718,0.003601,"s32[160,512]{1,0:T(8,128)S(1)}","(s32[160,512]{1,0:T(8,128)S(1)}, s32[160,512]{1,0:T(8,128)}, u32[]{:S(2)})",,,,{},[],125753,runs/layer-ops-20260923/dp8/hlo/pid-233147/module_5516.tt_jit_layernorm_L62C0_fused_add_rms_norm_add.cl_972931731.after_codegen.txt,DMA 搬运,等待对应 DMA 完成；与 copy-start 是同一次搬运的两端，不能重复计算搬运量。
1,/device:TPU:0,XLA Ops,copy-done.1618,copy-done,copy-done,11209.929322,0.003601,"s32[512,2,128]{0,2,1:T(8,128)S(1)}","(s32[512,2,128]{0,2,1:T(8,128)S(1)}, s32[512,2,128]{0,2,1:T(8,128)}, u32[]{:S(2)})",,,,{},[],125754,runs/layer-ops-20260923/dp8/hlo/pid-233147/module_5516.tt_jit_layernorm_L62C0_fused_add_rms_norm_add.cl_972931731.after_codegen.txt,DMA 搬运,等待对应 DMA 完成；与 copy-start 是同一次搬运的两端，不能重复计算搬运量。
1,/device:TPU:0,XLA Ops,broadcast_add_fusion.297,loop fusion,fusion,11209.939976,0.110444,"(s32[160,512]{1,0:T(8,128)S(1)}, s32[160,512]{1,0:T(8,128)S(1)})","s32[512]{0:T(512)S(1)}; s32[160,512]{1,0:T(8,128)S(1)}; s32[256,512]{1,0:T(8,128)S(1)}; s32[512]{0:T(512)S(1)}",,"op_name=""custom_kernel/custom_kernel/jit(moe)/shard_map/add"" stack_frame_id=774",/mnt/data/workspace/tpu_benchmark_daily/third_party/torchtpu-vllm/src/vllm_torchtpu/kernels/fused_moe/v2/host.py:847,"{""slice"": 1, ""subtract"": 1, ""broadcast"": 2, ""add"": 2, ""tuple"": 1}",[],125756,runs/layer-ops-20260923/dp8/hlo/pid-233147/module_5516.tt_jit_layernorm_L62C0_fused_add_rms_norm_add.cl_972931731.after_codegen.txt,MoE 路由/通信计划,加法：构造或处理 top-k 权重、专家计数、token 排列、量化 scale、远端地址及搬运计划；本行 dtype/shape 和 fused_ops 给出实际运算。
1,/device:TPU:0,XLA Ops,select_reduce_fusion.116,loop fusion,fusion,11210.058824,32.398559,"(s32[160,256]{1,0:T(8,128)S(1)}, s32[160,256]{1,0:T(8,128)S(1)})","(s32[160,512]{1,0:T(8,128)S(1)}, s32[160,512]{1,0:T(8,128)S(1)}); s32[160,256]{1,0:T(8,128)S(1)}; (s32[160,512]{1,0:T(8,128)S(1)}, s32[160,512]{1,0:T(8,128)S(1)})",,"op_name=""custom_kernel/custom_kernel/jit(moe)/shard_map/reduce_sum"" stack_frame_id=953",/mnt/data/workspace/tpu_benchmark_daily/third_party/torchtpu-vllm/src/vllm_torchtpu/kernels/fused_moe/v2/host.py:440,"{""broadcast"": 4, ""iota"": 1, ""compare"": 1, ""select"": 2, ""reduce"": 2, ""tuple"": 1}",[],125757,runs/layer-ops-20260923/dp8/hlo/pid-233147/module_5516.tt_jit_layernorm_L62C0_fused_add_rms_norm_add.cl_972931731.after_codegen.txt,MoE 路由/通信计划,求和归约：构造或处理 top-k 权重、专家计数、token 排列、量化 scale、远端地址及搬运计划；本行 dtype/shape 和 fused_ops 给出实际运算。
1,/device:TPU:0,XLA Ops,broadcast_and_fusion.58,loop fusion,fusion,11242.464661,0.081633,"(s32[160,256]{1,0:T(8,128)S(1)}, s32[160,256]{1,0:T(8,128)S(1)}, s32[20,2,8,128]{3,2,1,0:T(8,128)S(1)})","(s32[160,256]{1,0:T(8,128)S(1)}, s32[160,256]{1,0:T(8,128)S(1)}); s32[160,256]{1,0:T(8,128)S(1)}; (s32[160,256]{1,0:T(8,128)S(1)}, s32[160,256]{1,0:T(8,128)S(1)})",,"op_name=""custom_kernel/custom_kernel/jit(moe)/shard_map/and"" stack_frame_id=957",/mnt/data/workspace/tpu_benchmark_daily/third_party/torchtpu-vllm/src/vllm_torchtpu/kernels/fused_moe/v2/layer.py:94,"{""add"": 2, ""broadcast"": 4, ""minimum"": 2, ""and"": 1, ""shift-right-arithmetic"": 1, ""bitcast"": 1, ""tuple"": 1}",[],125758,runs/layer-ops-20260923/dp8/hlo/pid-233147/module_5516.tt_jit_layernorm_L62C0_fused_add_rms_norm_add.cl_972931731.after_codegen.txt,MoE 路由/通信计划,逻辑与：构造或处理 top-k 权重、专家计数、token 排列、量化 scale、远端地址及搬运计划；本行 dtype/shape 和 fused_ops 给出实际运算。
1,/device:TPU:0,XLA Ops,reshape.7138,data formatting,reshape,11242.553647,2.446579,"s32[4096,10,1]{1,0,2:T(8,128)S(1)}","(s32[160,256]{1,0:T(8,128)S(1)}, s32[160,256]{1,0:T(8,128)S(1)}, s32[20,2,8,128]{3,2,1,0:T(8,128)S(1)})",,"op_name=""custom_kernel/custom_kernel/jit(moe)/shard_map/shift_right_arithmetic"" stack_frame_id=955",/mnt/data/workspace/tpu_benchmark_daily/third_party/torchtpu-vllm/src/vllm_torchtpu/kernels/fused_moe/v2/layer.py:93,{},[],125759,runs/layer-ops-20260923/dp8/hlo/pid-233147/module_5516.tt_jit_layernorm_L62C0_fused_add_rms_norm_add.cl_972931731.after_codegen.txt,数据复制/布局物化,编译器生成的实际数据复制或物理布局变换；比较 operand_shapes 与 shape 可区分 tiling/维度顺序和 memory space 的变化。
1,/device:TPU:0,XLA Ops,reshape.7139,data formatting,reshape,11245.007278,2.452581,"s32[4096,10,1]{1,0,2:T(8,128)S(1)}","(s32[160,256]{1,0:T(8,128)S(1)}, s32[160,256]{1,0:T(8,128)S(1)}, s32[20,2,8,128]{3,2,1,0:T(8,128)S(1)})",,"op_name=""custom_kernel/custom_kernel/jit(moe)/shard_map/and"" stack_frame_id=957",/mnt/data/workspace/tpu_benchmark_daily/third_party/torchtpu-vllm/src/vllm_torchtpu/kernels/fused_moe/v2/layer.py:94,{},[],125760,runs/layer-ops-20260923/dp8/hlo/pid-233147/module_5516.tt_jit_layernorm_L62C0_fused_add_rms_norm_add.cl_972931731.after_codegen.txt,数据复制/布局物化,编译器生成的实际数据复制或物理布局变换；比较 operand_shapes 与 shape 可区分 tiling/维度顺序和 memory space 的变化。
1,/device:TPU:0,XLA Ops,copy-start.1181,copy-start,copy-start,11247.468188,0.007203,"(s32[64]{0:T(128)S(1)}, s32[64]{0:T(128)}, u32[]{:S(2)})",s32[64]{0:T(128)},,,,{},[],125761,runs/layer-ops-20260923/dp8/hlo/pid-233147/module_5516.tt_jit_layernorm_L62C0_fused_add_rms_norm_add.cl_972931731.after_codegen.txt,DMA 搬运,启动 DMA 搬运。
1,/device:TPU:0,XLA Ops,fusion.893,loop fusion,fusion,11247.482743,1.121248,"s32[4096,10,1]{1,0,2:T(8,128)S(1)}","s32[4096,10,1]{1,0,2:T(8,128)S(1)}; s32[4096,10,1]{1,0,2:T(8,128)S(1)}",,"op_name=""custom_kernel/custom_kernel/jit(moe)/shard_map/concatenate"" stack_frame_id=956",/mnt/data/workspace/tpu_benchmark_daily/third_party/torchtpu-vllm/src/vllm_torchtpu/kernels/fused_moe/v2/layer.py:93,"{""broadcast"": 6, ""compare"": 2, ""add"": 2, ""select"": 2, ""clamp"": 2, ""shift-left"": 2, ""or"": 1}",[],125762,runs/layer-ops-20260923/dp8/hlo/pid-233147/module_5516.tt_jit_layernorm_L62C0_fused_add_rms_norm_add.cl_972931731.after_codegen.txt,MoE 路由/通信计划,拼接：构造或处理 top-k 权重、专家计数、token 排列、量化 scale、远端地址及搬运计划；本行 dtype/shape 和 fused_ops 给出实际运算。
1,/device:TPU:0,XLA Ops,reshape.9584,data formatting,reshape,11248.611045,2.393758,s32[40960]{0:T(1024)},"s32[4096,10,1]{1,0,2:T(8,128)S(1)}",,"op_name=""custom_kernel/custom_kernel/jit(moe)/shard_map/concatenate"" stack_frame_id=956",/mnt/data/workspace/tpu_benchmark_daily/third_party/torchtpu-vllm/src/vllm_torchtpu/kernels/fused_moe/v2/layer.py:93,{},[],125763,runs/layer-ops-20260923/dp8/hlo/pid-233147/module_5516.tt_jit_layernorm_L62C0_fused_add_rms_norm_add.cl_972931731.after_codegen.txt,数据复制/布局物化,编译器生成的实际数据复制或物理布局变换；比较 operand_shapes 与 shape 可区分 tiling/维度顺序和 memory space 的变化。
1,/device:TPU:0,XLA Ops,copy-start.1001,copy-start,copy-start,11251.004952,0.0012,"(s32[512]{0:T(512)S(1)}, s32[512]{0:T(512)}, u32[]{:S(2)})",s32[512]{0:T(512)},,,,{},[],125764,runs/layer-ops-20260923/dp8/hlo/pid-233147/module_5516.tt_jit_layernorm_L62C0_fused_add_rms_norm_add.cl_972931731.after_codegen.txt,DMA 搬运,启动 DMA 搬运。
1,/device:TPU:0,XLA Ops,copy-start.1361,copy-start,copy-start,11251.007203,0.0012,"(pred[8,8]{1,0:T(8,128)(4,1)S(1)}, pred[8,8]{1,0:T(8,128)(4,1)}, u32[]{:S(2)})","pred[8,8]{1,0:T(8,128)(4,1)}",,,,{},[],125765,runs/layer-ops-20260923/dp8/hlo/pid-233147/module_5516.tt_jit_layernorm_L62C0_fused_add_rms_norm_add.cl_972931731.after_codegen.txt,DMA 搬运,启动 DMA 搬运。
1,/device:TPU:0,XLA Ops,copy.6008,data formatting,copy,11251.008479,14.67587,"s32[8,40960]{1,0:T(8,128)S(1)}","s32[8,40960]{0,1:T(8,128)}",,"op_name=""custom_kernel/custom_kernel/jit(moe)/shard_map/slice"" stack_frame_id=876",/mnt/data/workspace/tpu_benchmark_daily/third_party/torchtpu-vllm/src/vllm_torchtpu/kernels/fused_moe/v2/layer.py:159,{},[],125766,runs/layer-ops-20260923/dp8/hlo/pid-233147/module_5516.tt_jit_layernorm_L62C0_fused_add_rms_norm_add.cl_972931731.after_codegen.txt,数据复制/布局物化,编译器生成的实际数据复制或物理布局变换；比较 operand_shapes 与 shape 可区分 tiling/维度顺序和 memory space 的变化。
1,/device:TPU:0,XLA Ops,copy-start.893,copy-start,copy-start,11265.691552,0.007203,"(pred[8,32,32]{2,1,0:T(8,128)(4,1)S(1)}, pred[8,32,32]{2,1,0:T(8,128)(4,1)}, u32[]{:S(2)})","pred[8,32,32]{2,1,0:T(8,128)(4,1)}",,,,{},[],125767,runs/layer-ops-20260923/dp8/hlo/pid-233147/module_5516.tt_jit_layernorm_L62C0_fused_add_rms_norm_add.cl_972931731.after_codegen.txt,DMA 搬运,启动 DMA 搬运。
1,/device:TPU:0,XLA Ops,reshape.7126,data formatting,reshape,11265.707083,1.7491,"s32[1280,8,32]{2,1,0:T(8,128)S(1)}","s32[8,40960]{1,0:T(8,128)S(1)}",,"op_name=""custom_kernel/custom_kernel/jit(moe)/shard_map/eq"" stack_frame_id=882",/mnt/data/workspace/tpu_benchmark_daily/third_party/torchtpu-vllm/src/vllm_torchtpu/kernels/fused_moe/v2/host.py:742,{},[],125768,runs/layer-ops-20260923/dp8/hlo/pid-233147/module_5516.tt_jit_layernorm_L62C0_fused_add_rms_norm_add.cl_972931731.after_codegen.txt,数据复制/布局物化,编译器生成的实际数据复制或物理布局变换；比较 operand_shapes 与 shape 可区分 tiling/维度顺序和 memory space 的变化。
1,/device:TPU:0,XLA Ops,copy.6009,data formatting,copy,11267.463536,2.357743,"s32[1280,8,32]{0,2,1:T(8,128)S(1)}","s32[1280,8,32]{2,1,0:T(8,128)S(1)}",,"op_name=""custom_kernel/custom_kernel/jit(moe)/shard_map/eq"" stack_frame_id=882",/mnt/data/workspace/tpu_benchmark_daily/third_party/torchtpu-vllm/src/vllm_torchtpu/kernels/fused_moe/v2/host.py:742,{},[],125769,runs/layer-ops-20260923/dp8/hlo/pid-233147/module_5516.tt_jit_layernorm_L62C0_fused_add_rms_norm_add.cl_972931731.after_codegen.txt,数据复制/布局物化,编译器生成的实际数据复制或物理布局变换；比较 operand_shapes 与 shape 可区分 tiling/维度顺序和 memory space 的变化。
1,/device:TPU:0,XLA Ops,copy-done.1181,copy-done,copy-done,11269.829532,0.002401,s32[64]{0:T(128)S(1)},"(s32[64]{0:T(128)S(1)}, s32[64]{0:T(128)}, u32[]{:S(2)})",,,,{},[],125770,runs/layer-ops-20260923/dp8/hlo/pid-233147/module_5516.tt_jit_layernorm_L62C0_fused_add_rms_norm_add.cl_972931731.after_codegen.txt,DMA 搬运,等待对应 DMA 完成；与 copy-start 是同一次搬运的两端，不能重复计算搬运量。
1,/device:TPU:0,XLA Ops,convert_reduce_fusion.233,loop fusion,fusion,11269.840336,14.837935,"(s32[1280,64]{0,1:T(8,128)S(1)}, s32[1280,8,64]{0,2,1:T(8,128)S(1)})","s32[1280,8,32]{0,2,1:T(8,128)S(1)}; s32[64]{0:T(128)S(1)}",,"op_name=""custom_kernel/custom_kernel/jit(moe)/shard_map/reduce_sum"" stack_frame_id=888",/mnt/data/workspace/tpu_benchmark_daily/third_party/torchtpu-vllm/src/vllm_torchtpu/kernels/fused_moe/v2/host.py:709,"{""broadcast"": 2, ""compare"": 1, ""convert"": 1, ""reduce"": 2, ""tuple"": 1}",[],125771,runs/layer-ops-20260923/dp8/hlo/pid-233147/module_5516.tt_jit_layernorm_L62C0_fused_add_rms_norm_add.cl_972931731.after_codegen.txt,MoE 路由/通信计划,求和归约：构造或处理 top-k 权重、专家计数、token 排列、量化 scale、远端地址及搬运计划；本行 dtype/shape 和 fused_ops 给出实际运算。
1,/device:TPU:0,XLA Ops,reshape.7127,data formatting,reshape,11284.685474,0.326531,"s32[8,160,64]{1,0,2:T(8,128)S(1)}","(s32[1280,64]{0,1:T(8,128)S(1)}, s32[1280,8,64]{0,2,1:T(8,128)S(1)})",,"op_name=""custom_kernel/custom_kernel/jit(moe)/shard_map/reshape"" stack_frame_id=889",/mnt/data/workspace/tpu_benchmark_daily/third_party/torchtpu-vllm/src/vllm_torchtpu/kernels/fused_moe/v2/host.py:873,{},[],125772,runs/layer-ops-20260923/dp8/hlo/pid-233147/module_5516.tt_jit_layernorm_L62C0_fused_add_rms_norm_add.cl_972931731.after_codegen.txt,数据复制/布局物化,编译器生成的实际数据复制或物理布局变换；比较 operand_shapes 与 shape 可区分 tiling/维度顺序和 memory space 的变化。
1,/device:TPU:0,XLA Ops,pad.592,pad,pad,11285.019358,0.068427,"s32[8,64,256]{2,0,1:T(8,128)S(1)}","s32[8,64,160]{2,0,1:T(8,128)S(1)}; s32[]{:T(128)}",,"op_name=""custom_kernel/custom_kernel"" stack_frame_id=532",/mnt/data/workspace/tpu_benchmark_daily/.venv/lib64/python3.12/site-packages/torch_tpu/_internal/pallas/pallas.py:112,{},[],125774,runs/layer-ops-20260923/dp8/hlo/pid-233147/module_5516.tt_jit_layernorm_L62C0_fused_add_rms_norm_add.cl_972931731.after_codegen.txt,MoE 路由/通信计划,整数前缀和/分块偏移处理：用窗口归约、slice 和 add 生成专家或目标 rank 的行起点及传输表；不是浮点模型计算。
1,/device:TPU:0,XLA Ops,reshape.11491,data formatting,reshape,11285.096039,0.302521,"s32[8,64,2,128]{3,2,0,1:T(2,128)S(1)}","s32[8,64,256]{2,0,1:T(8,128)S(1)}",,"op_name=""custom_kernel/custom_kernel"" stack_frame_id=532",/mnt/data/workspace/tpu_benchmark_daily/.venv/lib64/python3.12/site-packages/torch_tpu/_internal/pallas/pallas.py:112,{},[],125775,runs/layer-ops-20260923/dp8/hlo/pid-233147/module_5516.tt_jit_layernorm_L62C0_fused_add_rms_norm_add.cl_972931731.after_codegen.txt,数据复制/布局物化,编译器生成的实际数据复制或物理布局变换；比较 operand_shapes 与 shape 可区分 tiling/维度顺序和 memory space 的变化。
1,/device:TPU:0,XLA Ops,copy.6011,data formatting,copy,11285.405838,0.201681,"s32[8,64,2,128]{3,1,2,0:T(8,128)S(1)}","s32[8,64,2,128]{3,2,0,1:T(2,128)S(1)}",,"op_name=""custom_kernel/custom_kernel"" stack_frame_id=532",/mnt/data/workspace/tpu_benchmark_daily/.venv/lib64/python3.12/site-packages/torch_tpu/_internal/pallas/pallas.py:112,{},[],125776,runs/layer-ops-20260923/dp8/hlo/pid-233147/module_5516.tt_jit_layernorm_L62C0_fused_add_rms_norm_add.cl_972931731.after_codegen.txt,数据复制/布局物化,编译器生成的实际数据复制或物理布局变换；比较 operand_shapes 与 shape 可区分 tiling/维度顺序和 memory space 的变化。
1,/device:TPU:0,XLA Ops,reduce-window.1374,reduce-window,reduce-window,11285.615847,4.779112,"s32[8,64,2,128]{3,1,2,0:T(8,128)S(1)}","s32[8,64,2,128]{3,1,2,0:T(8,128)S(1)}; s32[]{:T(128)}",,"op_name=""custom_kernel/custom_kernel"" stack_frame_id=532",/mnt/data/workspace/tpu_benchmark_daily/.venv/lib64/python3.12/site-packages/torch_tpu/_internal/pallas/pallas.py:112,"{""add"": 1}",[],125777,runs/layer-ops-20260923/dp8/hlo/pid-233147/module_5516.tt_jit_layernorm_L62C0_fused_add_rms_norm_add.cl_972931731.after_codegen.txt,MoE 路由/通信计划,整数前缀和/分块偏移处理：用窗口归约、slice 和 add 生成专家或目标 rank 的行起点及传输表；不是浮点模型计算。
1,/device:TPU:0,XLA Ops,slice.3016,slice,slice,11290.395033,0.220888,"s32[8,64,2,1]{3,1,2,0:T(8,128)S(1)}","s32[8,64,2,128]{3,1,2,0:T(8,128)S(1)}",,"op_name=""custom_kernel/custom_kernel"" stack_frame_id=532",/mnt/data/workspace/tpu_benchmark_daily/.venv/lib64/python3.12/site-packages/torch_tpu/_internal/pallas/pallas.py:112,{},[],125778,runs/layer-ops-20260923/dp8/hlo/pid-233147/module_5516.tt_jit_layernorm_L62C0_fused_add_rms_norm_add.cl_972931731.after_codegen.txt,MoE 路由/通信计划,整数前缀和/分块偏移处理：用窗口归约、slice 和 add 生成专家或目标 rank 的行起点及传输表；不是浮点模型计算。
1,/device:TPU:0,XLA Ops,copy.6012,data formatting,copy,11290.623125,0.237695,"s32[8,64,2,1]{1,0,3,2:T(8,128)S(1)}","s32[8,64,2,1]{3,1,2,0:T(8,128)S(1)}",,"op_name=""custom_kernel/custom_kernel"" stack_frame_id=532",/mnt/data/workspace/tpu_benchmark_daily/.venv/lib64/python3.12/site-packages/torch_tpu/_internal/pallas/pallas.py:112,{},[],125779,runs/layer-ops-20260923/dp8/hlo/pid-233147/module_5516.tt_jit_layernorm_L62C0_fused_add_rms_norm_add.cl_972931731.after_codegen.txt,数据复制/布局物化,编译器生成的实际数据复制或物理布局变换；比较 operand_shapes 与 shape 可区分 tiling/维度顺序和 memory space 的变化。
1,/device:TPU:0,XLA Ops,fusion.2327,output fusion,fusion,11290.86097,0.054022,"s32[8,64,3]{1,0,2:T(8,128)S(1)}","s32[8,64,2,1]{1,0,3,2:T(8,128)S(1)}",,"op_name=""custom_kernel/custom_kernel"" stack_frame_id=532",/mnt/data/workspace/tpu_benchmark_daily/.venv/lib64/python3.12/site-packages/torch_tpu/_internal/pallas/pallas.py:112,"{""fusion"": 1, ""reduce-window"": 1}",[],125780,runs/layer-ops-20260923/dp8/hlo/pid-233147/module_5516.tt_jit_layernorm_L62C0_fused_add_rms_norm_add.cl_972931731.after_codegen.txt,MoE 路由/通信计划,整数前缀和/分块偏移处理：用窗口归约、slice 和 add 生成专家或目标 rank 的行起点及传输表；不是浮点模型计算。
1,/device:TPU:0,XLA Ops,slice.3017,slice,slice,11290.92317,0.002401,"s32[8,64,2]{1,0,2:T(8,128)S(1)}","s32[8,64,3]{1,0,2:T(8,128)S(1)}",,"op_name=""custom_kernel/custom_kernel"" stack_frame_id=532",/mnt/data/workspace/tpu_benchmark_daily/.venv/lib64/python3.12/site-packages/torch_tpu/_internal/pallas/pallas.py:112,{},[],125781,runs/layer-ops-20260923/dp8/hlo/pid-233147/module_5516.tt_jit_layernorm_L62C0_fused_add_rms_norm_add.cl_972931731.after_codegen.txt,MoE 路由/通信计划,整数前缀和/分块偏移处理：用窗口归约、slice 和 add 生成专家或目标 rank 的行起点及传输表；不是浮点模型计算。
1,/device:TPU:0,XLA Ops,copy.6013,data formatting,copy,11290.933074,0.007203,"s32[8,64,2]{1,2,0:T(2,128)S(1)}","s32[8,64,2]{1,0,2:T(8,128)S(1)}",,"op_name=""custom_kernel/custom_kernel"" stack_frame_id=532",/mnt/data/workspace/tpu_benchmark_daily/.venv/lib64/python3.12/site-packages/torch_tpu/_internal/pallas/pallas.py:112,{},[],125782,runs/layer-ops-20260923/dp8/hlo/pid-233147/module_5516.tt_jit_layernorm_L62C0_fused_add_rms_norm_add.cl_972931731.after_codegen.txt,数据复制/布局物化,编译器生成的实际数据复制或物理布局变换；比较 operand_shapes 与 shape 可区分 tiling/维度顺序和 memory space 的变化。
1,/device:TPU:0,XLA Ops,broadcast_add_fusion.176,loop fusion,fusion,11290.947329,0.552221,"s32[8,64,2,128]{3,1,2,0:T(8,128)S(1)}","s32[8,64,2,128]{3,1,2,0:T(8,128)S(1)}; s32[8,64,2]{1,2,0:T(2,128)S(1)}",,"op_name=""custom_kernel/custom_kernel/reduce_window_sum"" stack_frame_id=532",/mnt/data/workspace/tpu_benchmark_daily/.venv/lib64/python3.12/site-packages/torch_tpu/_internal/pallas/pallas.py:112,"{""broadcast"": 1, ""add"": 1}",[],125783,runs/layer-ops-20260923/dp8/hlo/pid-233147/module_5516.tt_jit_layernorm_L62C0_fused_add_rms_norm_add.cl_972931731.after_codegen.txt,MoE 路由/通信计划,整数前缀和/分块偏移处理：用窗口归约、slice 和 add 生成专家或目标 rank 的行起点及传输表；不是浮点模型计算。
1,/device:TPU:0,XLA Ops,copy.7611,data formatting,copy,11291.507878,0.438175,"s32[8,64,2,128]{3,2,0,1:T(2,128)S(1)}","s32[8,64,2,128]{3,1,2,0:T(8,128)S(1)}",,"op_name=""custom_kernel/custom_kernel/reduce_window_sum"" stack_frame_id=532",/mnt/data/workspace/tpu_benchmark_daily/.venv/lib64/python3.12/site-packages/torch_tpu/_internal/pallas/pallas.py:112,{},[],125784,runs/layer-ops-20260923/dp8/hlo/pid-233147/module_5516.tt_jit_layernorm_L62C0_fused_add_rms_norm_add.cl_972931731.after_codegen.txt,数据复制/布局物化,编译器生成的实际数据复制或物理布局变换；比较 operand_shapes 与 shape 可区分 tiling/维度顺序和 memory space 的变化。
1,/device:TPU:0,XLA Ops,reshape.11492,data formatting,reshape,11291.953482,0.456182,"s32[8,64,256]{2,0,1:T(8,128)S(1)}","s32[8,64,2,128]{3,2,0,1:T(2,128)S(1)}",,"op_name=""custom_kernel/custom_kernel/reduce_window_sum"" stack_frame_id=532",/mnt/data/workspace/tpu_benchmark_daily/.venv/lib64/python3.12/site-packages/torch_tpu/_internal/pallas/pallas.py:112,{},[],125785,runs/layer-ops-20260923/dp8/hlo/pid-233147/module_5516.tt_jit_layernorm_L62C0_fused_add_rms_norm_add.cl_972931731.after_codegen.txt,数据复制/布局物化,编译器生成的实际数据复制或物理布局变换；比较 operand_shapes 与 shape 可区分 tiling/维度顺序和 memory space 的变化。
1,/device:TPU:0,XLA Ops,reshape.7122,data formatting,reshape,11292.416642,0.076831,"s32[8,64]{1,0:T(8,128)S(1)}","(s32[8]{0:T(128)S(1)}, s32[512]{0:T(512)S(1)}, s32[8]{0:T(128)S(1)}, s32[8,512]{0,1:T(8,128)}, s32[8,512]{0,1:T(8,128)S(1)}, /*index=5*/s32[512,8]{1,0:T(8,128)S(1)})",,"op_name=""custom_kernel/custom_kernel/jit(moe)/shard_map/reshape"" stack_frame_id=809",/mnt/data/workspace/tpu_benchmark_daily/third_party/torchtpu-vllm/src/vllm_torchtpu/kernels/fused_moe/v2/host.py:832,{},[],125786,runs/layer-ops-20260923/dp8/hlo/pid-233147/module_5516.tt_jit_layernorm_L62C0_fused_add_rms_norm_add.cl_972931731.after_codegen.txt,数据复制/布局物化,编译器生成的实际数据复制或物理布局变换；比较 operand_shapes 与 shape 可区分 tiling/维度顺序和 memory space 的变化。
1,/device:TPU:0,XLA Ops,reduce-window.1373,reduce-window,reduce-window,11292.493473,0.218487,"s32[8,64]{1,0:T(8,128)S(1)}","s32[8,64]{1,0:T(8,128)S(1)}; s32[]{:T(128)}",,"op_name=""custom_kernel/custom_kernel/jit(moe)/shard_map/jit(cumsum)/call.5/reduce_window_sum"" stack_frame_id=810",/mnt/data/workspace/tpu_benchmark_daily/third_party/torchtpu-vllm/src/vllm_torchtpu/kernels/fused_moe/v2/host.py:833,"{""add"": 1}",[],125787,runs/layer-ops-20260923/dp8/hlo/pid-233147/module_5516.tt_jit_layernorm_L62C0_fused_add_rms_norm_add.cl_972931731.after_codegen.txt,MoE 路由/通信计划,整数前缀和/分块偏移处理：用窗口归约、slice 和 add 生成专家或目标 rank 的行起点及传输表；不是浮点模型计算。
1,/device:TPU:0,XLA Ops,reshape.7123,data formatting,reshape,11292.712035,0.078031,s32[512]{0:T(512)S(1)},"s32[8,64]{1,0:T(8,128)S(1)}",,"op_name=""custom_kernel/custom_kernel/jit(moe)/shard_map/jit(cumsum)/call.5/reduce_window_sum"" stack_frame_id=810",/mnt/data/workspace/tpu_benchmark_daily/third_party/torchtpu-vllm/src/vllm_torchtpu/kernels/fused_moe/v2/host.py:833,{},[],125788,runs/layer-ops-20260923/dp8/hlo/pid-233147/module_5516.tt_jit_layernorm_L62C0_fused_add_rms_norm_add.cl_972931731.after_codegen.txt,数据复制/布局物化,编译器生成的实际数据复制或物理布局变换；比较 operand_shapes 与 shape 可区分 tiling/维度顺序和 memory space 的变化。
1,/device:TPU:0,XLA Ops,copy-done.1001,copy-done,copy-done,11292.791117,0.002401,s32[512]{0:T(512)S(1)},"(s32[512]{0:T(512)S(1)}, s32[512]{0:T(512)}, u32[]{:S(2)})",,,,{},[],125789,runs/layer-ops-20260923/dp8/hlo/pid-233147/module_5516.tt_jit_layernorm_L62C0_fused_add_rms_norm_add.cl_972931731.after_codegen.txt,DMA 搬运,等待对应 DMA 完成；与 copy-start 是同一次搬运的两端，不能重复计算搬运量。
1,/device:TPU:0,XLA Ops,subtract_add_fusion.58,loop fusion,fusion,11292.793743,0.004802,s32[512]{0:T(512)S(1)},"s32[512]{0:T(512)S(1)}; s32[512]{0:T(512)S(1)}; (s32[8]{0:T(128)S(1)}, s32[512]{0:T(512)S(1)}, s32[8]{0:T(128)S(1)}, s32[8,512]{0,1:T(8,128)}, s32[8,512]{0,1:T(8,128)S(1)}, /*index=5*/s32[512,8]{1,0:T(8,128)S(1)})",,"op_name=""custom_kernel/custom_kernel/jit(moe)/shard_map/add"" stack_frame_id=812",/mnt/data/workspace/tpu_benchmark_daily/third_party/torchtpu-vllm/src/vllm_torchtpu/kernels/fused_moe/v2/host.py:834,"{""subtract"": 1, ""add"": 1}",[],125790,runs/layer-ops-20260923/dp8/hlo/pid-233147/module_5516.tt_jit_layernorm_L62C0_fused_add_rms_norm_add.cl_972931731.after_codegen.txt,MoE 路由/通信计划,加法：构造或处理 top-k 权重、专家计数、token 排列、量化 scale、远端地址及搬运计划；本行 dtype/shape 和 fused_ops 给出实际运算。
1,/device:TPU:0,XLA Ops,dynamic_slice.1115,dynamic-slice,dynamic-slice,11292.79952,0.076831,s32[64]{0:T(128)S(1)},s32[512]{0:T(512)S(1)}; s32[]{:T(128)S(6)},,"op_name=""custom_kernel/custom_kernel/jit(moe)/shard_map/dynamic_slice"" stack_frame_id=813",/mnt/data/workspace/tpu_benchmark_daily/third_party/torchtpu-vllm/src/vllm_torchtpu/kernels/fused_moe/v2/host.py:912,{},[],125791,runs/layer-ops-20260923/dp8/hlo/pid-233147/module_5516.tt_jit_layernorm_L62C0_fused_add_rms_norm_add.cl_972931731.after_codegen.txt,MoE 路由/通信计划,动态切片：构造或处理 top-k 权重、专家计数、token 排列、量化 scale、远端地址及搬运计划；本行 dtype/shape 和 fused_ops 给出实际运算。
1,/device:TPU:0,XLA Ops,add_bitcast_fusion.58,loop fusion,fusion,11292.877551,0.635054,"(s32[8,64]{0,1:T(8,128)S(1)}, s32[64,8]{1,0:T(8,128)})","(s32[8]{0:T(128)S(1)}, s32[512,8]{1,0:T(8,128)}, s32[512,8]{1,0:T(8,128)S(1)}); s32[]{:T(128)S(6)}; s32[64]{0:T(128)S(1)}",,"op_name=""custom_kernel/custom_kernel/jit(moe)/shard_map/add"" stack_frame_id=891",/mnt/data/workspace/tpu_benchmark_daily/third_party/torchtpu-vllm/src/vllm_torchtpu/kernels/fused_moe/v2/host.py:875,"{""broadcast"": 2, ""dynamic-slice"": 1, ""add"": 1, ""bitcast"": 1, ""shift-right-arithmetic"": 1, ""tuple"": 1}",[],125792,runs/layer-ops-20260923/dp8/hlo/pid-233147/module_5516.tt_jit_layernorm_L62C0_fused_add_rms_norm_add.cl_972931731.after_codegen.txt,MoE 路由/通信计划,加法：构造或处理 top-k 权重、专家计数、token 排列、量化 scale、远端地址及搬运计划；本行 dtype/shape 和 fused_ops 给出实际运算。
1,/device:TPU:0,XLA Ops,fusion.1306,loop fusion,fusion,11293.51268,0.511405,"s32[8,160,64]{1,0,2:T(8,128)S(1)}","s32[8,160,64]{1,0,2:T(8,128)S(1)}; s32[8,256,64]{1,0,2:T(8,128)S(1)}; (s32[8,64]{0,1:T(8,128)S(1)}, s32[64,8]{1,0:T(8,128)})",,"op_name=""custom_kernel/custom_kernel/jit(moe)/shard_map/add"" stack_frame_id=892",/mnt/data/workspace/tpu_benchmark_daily/third_party/torchtpu-vllm/src/vllm_torchtpu/kernels/fused_moe/v2/host.py:880,"{""slice"": 1, ""subtract"": 1, ""broadcast"": 1, ""add"": 1}",[],125794,runs/layer-ops-20260923/dp8/hlo/pid-233147/module_5516.tt_jit_layernorm_L62C0_fused_add_rms_norm_add.cl_972931731.after_codegen.txt,MoE 路由/通信计划,加法：构造或处理 top-k 权重、专家计数、token 排列、量化 scale、远端地址及搬运计划；本行 dtype/shape 和 fused_ops 给出实际运算。
1,/device:TPU:0,XLA Ops,broadcast_in_dim_reshape.367,data formatting,reshape,11294.032413,0.2509,"s32[1280,64]{0,1:T(8,128)S(1)}","s32[8,160,64]{1,0,2:T(8,128)S(1)}",,"op_name=""custom_kernel/custom_kernel/jit(moe)/shard_map/add;jit(moe)/shard_map/broadcast_in_dim;reshape"" stack_frame_id=532",/mnt/data/workspace/tpu_benchmark_daily/.venv/lib64/python3.12/site-packages/torch_tpu/_internal/pallas/pallas.py:112,{},[],125795,runs/layer-ops-20260923/dp8/hlo/pid-233147/module_5516.tt_jit_layernorm_L62C0_fused_add_rms_norm_add.cl_972931731.after_codegen.txt,数据复制/布局物化,编译器生成的实际数据复制或物理布局变换；比较 operand_shapes 与 shape 可区分 tiling/维度顺序和 memory space 的变化。
1,/device:TPU:0,XLA Ops,copy-done.1361,copy-done,copy-done,11294.291717,0.002401,"pred[8,8]{1,0:T(8,128)(4,1)S(1)}","(pred[8,8]{1,0:T(8,128)(4,1)S(1)}, pred[8,8]{1,0:T(8,128)(4,1)}, u32[]{:S(2)})",,,,{},[],125796,runs/layer-ops-20260923/dp8/hlo/pid-233147/module_5516.tt_jit_layernorm_L62C0_fused_add_rms_norm_add.cl_972931731.after_codegen.txt,DMA 搬运,等待对应 DMA 完成；与 copy-start 是同一次搬运的两端，不能重复计算搬运量。
1,/device:TPU:0,XLA Ops,select_reduce_fusion.178,loop fusion,fusion,11294.301396,2.981993,"s32[1280,8,64]{0,2,1:T(8,128)S(1)}","(s32[1280,64]{0,1:T(8,128)S(1)}, s32[1280,8,64]{0,2,1:T(8,128)S(1)}); pred[8,8]{1,0:T(8,128)(4,1)S(1)}",,"op_name=""custom_kernel/custom_kernel/jit(moe)/shard_map/reduce_sum"" stack_frame_id=898",/mnt/data/workspace/tpu_benchmark_daily/third_party/torchtpu-vllm/src/vllm_torchtpu/kernels/fused_moe/v2/host.py:728,"{""broadcast"": 3, ""select"": 1, ""reduce"": 1}",[],125797,runs/layer-ops-20260923/dp8/hlo/pid-233147/module_5516.tt_jit_layernorm_L62C0_fused_add_rms_norm_add.cl_972931731.after_codegen.txt,MoE 路由/通信计划,求和归约：构造或处理 top-k 权重、专家计数、token 排列、量化 scale、远端地址及搬运计划；本行 dtype/shape 和 fused_ops 给出实际运算。
1,/device:TPU:0,XLA Ops,broadcast_add_fusion.58,loop fusion,fusion,11297.290667,0.657863,"s32[1280,8,64]{0,2,1:T(8,128)S(1)}","s32[1280,8,64]{0,2,1:T(8,128)S(1)}; s32[1280,64]{0,1:T(8,128)S(1)}",,"op_name=""custom_kernel/custom_kernel/jit(moe)/shard_map/add"" stack_frame_id=894",/mnt/data/workspace/tpu_benchmark_daily/third_party/torchtpu-vllm/src/vllm_torchtpu/kernels/fused_moe/v2/host.py:728,"{""broadcast"": 1, ""add"": 1}",[],125798,runs/layer-ops-20260923/dp8/hlo/pid-233147/module_5516.tt_jit_layernorm_L62C0_fused_add_rms_norm_add.cl_972931731.after_codegen.txt,MoE 路由/通信计划,加法：构造或处理 top-k 权重、专家计数、token 排列、量化 scale、远端地址及搬运计划；本行 dtype/shape 和 fused_ops 给出实际运算。
1,/device:TPU:0,XLA Ops,copy-done.893,copy-done,copy-done,11297.955883,0.003601,"pred[8,32,32]{2,1,0:T(8,128)(4,1)S(1)}","(pred[8,32,32]{2,1,0:T(8,128)(4,1)S(1)}, pred[8,32,32]{2,1,0:T(8,128)(4,1)}, u32[]{:S(2)})",,,,{},[],125799,runs/layer-ops-20260923/dp8/hlo/pid-233147/module_5516.tt_jit_layernorm_L62C0_fused_add_rms_norm_add.cl_972931731.after_codegen.txt,DMA 搬运,等待对应 DMA 完成；与 copy-start 是同一次搬运的两端，不能重复计算搬运量。
1,/device:TPU:0,XLA Ops,convert_reduce_fusion.356,loop fusion,fusion,11297.967587,14.038415,"s32[1280,8,32]{0,2,1:T(8,128)S(1)}","s32[1280,8,32]{0,2,1:T(8,128)S(1)}; pred[8,32,32]{2,1,0:T(8,128)(4,1)S(1)}",,"op_name=""custom_kernel/custom_kernel/jit(moe)/shard_map/reduce_sum"" stack_frame_id=911",/mnt/data/workspace/tpu_benchmark_daily/third_party/torchtpu-vllm/src/vllm_torchtpu/kernels/fused_moe/v2/host.py:686,"{""broadcast"": 3, ""compare"": 1, ""and"": 1, ""convert"": 1, ""reduce"": 1}",[],125800,runs/layer-ops-20260923/dp8/hlo/pid-233147/module_5516.tt_jit_layernorm_L62C0_fused_add_rms_norm_add.cl_972931731.after_codegen.txt,MoE 路由/通信计划,求和归约：构造或处理 top-k 权重、专家计数、token 排列、量化 scale、远端地址及搬运计划；本行 dtype/shape 和 fused_ops 给出实际运算。
1,/device:TPU:0,XLA Ops,fusion.301,loop fusion,fusion,11312.014481,14.57503,"s32[1280,8,32]{0,2,1:T(8,128)S(1)}","s32[1280,8,64]{0,2,1:T(8,128)S(1)}; s32[1280,8,32]{0,2,1:T(8,128)S(1)}; s32[64]{0:T(128)S(1)}",,"op_name=""custom_kernel/custom_kernel/jit(moe)/shard_map/reduce_sum"" stack_frame_id=902",/mnt/data/workspace/tpu_benchmark_daily/third_party/torchtpu-vllm/src/vllm_torchtpu/kernels/fused_moe/v2/host.py:742,"{""broadcast"": 4, ""compare"": 1, ""select"": 1, ""reduce"": 1}",[],125801,runs/layer-ops-20260923/dp8/hlo/pid-233147/module_5516.tt_jit_layernorm_L62C0_fused_add_rms_norm_add.cl_972931731.after_codegen.txt,MoE 路由/通信计划,求和归约：构造或处理 top-k 权重、专家计数、token 排列、量化 scale、远端地址及搬运计划；本行 dtype/shape 和 fused_ops 给出实际运算。
1,/device:TPU:0,XLA Ops,add.21151,non-fusion elementwise,add,11326.597839,1.240096,"s32[1280,8,32]{0,2,1:T(8,128)}","s32[1280,8,32]{0,2,1:T(8,128)S(1)}; s32[1280,8,32]{0,2,1:T(8,128)S(1)}",,"op_name=""custom_kernel/custom_kernel/jit(moe)/shard_map/add"" stack_frame_id=881",/mnt/data/workspace/tpu_benchmark_daily/third_party/torchtpu-vllm/src/vllm_torchtpu/kernels/fused_moe/v2/host.py:884,{},[],125802,runs/layer-ops-20260923/dp8/hlo/pid-233147/module_5516.tt_jit_layernorm_L62C0_fused_add_rms_norm_add.cl_972931731.after_codegen.txt,MoE 路由/通信计划,加法：构造或处理 top-k 权重、专家计数、token 排列、量化 scale、远端地址及搬运计划；本行 dtype/shape 和 fused_ops 给出实际运算。
1,/device:TPU:0,XLA Ops,copy.6018,data formatting,copy,11327.838011,4.034814,"s32[1280,8,32]{2,1,0:T(8,128)S(1)}","s32[1280,8,32]{0,2,1:T(8,128)}",,"op_name=""custom_kernel/custom_kernel/jit(moe)/shard_map/add"" stack_frame_id=881",/mnt/data/workspace/tpu_benchmark_daily/third_party/torchtpu-vllm/src/vllm_torchtpu/kernels/fused_moe/v2/host.py:884,{},[],125803,runs/layer-ops-20260923/dp8/hlo/pid-233147/module_5516.tt_jit_layernorm_L62C0_fused_add_rms_norm_add.cl_972931731.after_codegen.txt,数据复制/布局物化,编译器生成的实际数据复制或物理布局变换；比较 operand_shapes 与 shape 可区分 tiling/维度顺序和 memory space 的变化。
1,/device:TPU:0,XLA Ops,reshape.7131,data formatting,reshape,11331.881303,1.558223,s32[327680]{0:T(1024)S(1)},"s32[1280,8,32]{2,1,0:T(8,128)S(1)}",,"op_name=""custom_kernel/custom_kernel/jit(moe)/shard_map/add"" stack_frame_id=881",/mnt/data/workspace/tpu_benchmark_daily/third_party/torchtpu-vllm/src/vllm_torchtpu/kernels/fused_moe/v2/host.py:884,{},[],125804,runs/layer-ops-20260923/dp8/hlo/pid-233147/module_5516.tt_jit_layernorm_L62C0_fused_add_rms_norm_add.cl_972931731.after_codegen.txt,数据复制/布局物化,编译器生成的实际数据复制或物理布局变换；比较 operand_shapes 与 shape 可区分 tiling/维度顺序和 memory space 的变化。
1,/device:TPU:0,XLA Ops,compare_and_fusion.58,loop fusion,fusion,11333.446654,5.402161,"pred[8,40960]{0,1:T(8,128)(4,1)S(1)}","s32[]{:T(128)S(6)}; s32[]{:T(128)S(6)}; s32[8,45568]{0,1:T(8,128)S(1)}",,"op_name=""custom_kernel/custom_kernel/jit(moe)/shard_map/and"" stack_frame_id=880",/mnt/data/workspace/tpu_benchmark_daily/third_party/torchtpu-vllm/src/vllm_torchtpu/kernels/fused_moe/v2/host.py:882,"{""slice"": 1, ""broadcast"": 2, ""compare"": 2, ""and"": 1}",[],125806,runs/layer-ops-20260923/dp8/hlo/pid-233147/module_5516.tt_jit_layernorm_L62C0_fused_add_rms_norm_add.cl_972931731.after_codegen.txt,MoE 路由/通信计划,逻辑与：构造或处理 top-k 权重、专家计数、token 排列、量化 scale、远端地址及搬运计划；本行 dtype/shape 和 fused_ops 给出实际运算。
1,/device:TPU:0,XLA Ops,copy-start.1061,copy-start,copy-start,11338.856093,0.007203,"(s32[8]{0:T(128)S(1)}, s32[8]{0:T(128)}, u32[]{:S(2)})",s32[8]{0:T(128)},,,,{},[],125807,runs/layer-ops-20260923/dp8/hlo/pid-233147/module_5516.tt_jit_layernorm_L62C0_fused_add_rms_norm_add.cl_972931731.after_codegen.txt,DMA 搬运,启动 DMA 搬运。
1,/device:TPU:0,XLA Ops,copy-start.1121,copy-start,copy-start,11338.870499,0.009604,"(s32[8]{0:T(128)S(1)}, s32[8]{0:T(128)}, u32[]{:S(2)})",s32[8]{0:T(128)},,,,{},[],125808,runs/layer-ops-20260923/dp8/hlo/pid-233147/module_5516.tt_jit_layernorm_L62C0_fused_add_rms_norm_add.cl_972931731.after_codegen.txt,DMA 搬运,启动 DMA 搬运。
1,/device:TPU:0,XLA Ops,copy-start.1557,copy-start,copy-start,11338.88603,0.008403,"(s32[64]{0:T(128)S(1)}, s32[64]{0:T(128)}, u32[]{:S(2)})",s32[64]{0:T(128)},,,,{},[],125809,runs/layer-ops-20260923/dp8/hlo/pid-233147/module_5516.tt_jit_layernorm_L62C0_fused_add_rms_norm_add.cl_972931731.after_codegen.txt,DMA 搬运,启动 DMA 搬运。
1,/device:TPU:0,XLA Ops,copy.6007,data formatting,copy,11338.901636,6.202881,"pred[8,40960]{1,0:T(8,128)(4,1)S(1)}","pred[8,40960]{0,1:T(8,128)(4,1)S(1)}",,"op_name=""custom_kernel/custom_kernel/jit(moe)/shard_map/and"" stack_frame_id=880",/mnt/data/workspace/tpu_benchmark_daily/third_party/torchtpu-vllm/src/vllm_torchtpu/kernels/fused_moe/v2/host.py:882,{},[],125810,runs/layer-ops-20260923/dp8/hlo/pid-233147/module_5516.tt_jit_layernorm_L62C0_fused_add_rms_norm_add.cl_972931731.after_codegen.txt,数据复制/布局物化,编译器生成的实际数据复制或物理布局变换；比较 operand_shapes 与 shape 可区分 tiling/维度顺序和 memory space 的变化。
1,/device:TPU:0,XLA Ops,copy.8009,data formatting,copy,11345.109244,0.183673,"pred[1,320,8,128]{3,1,2,0:T(8,128)(4,1)S(1)}","pred[1,320,8,128]{3,2,1,0:T(8,128)(4,1)S(1)}",,,,{},[],125812,runs/layer-ops-20260923/dp8/hlo/pid-233147/module_5516.tt_jit_layernorm_L62C0_fused_add_rms_norm_add.cl_972931731.after_codegen.txt,数据复制/布局物化,编译器生成的实际数据复制或物理布局变换；比较 operand_shapes 与 shape 可区分 tiling/维度顺序和 memory space 的变化。
1,/device:TPU:0,XLA Ops,copy.6019,data formatting,copy,11345.302521,0.593037,"s32[8,4096]{1,0:T(8,128)S(1)}","s32[8,4096]{0,1:T(8,128)S(1)}",,"op_name=""custom_kernel/custom_kernel/jit(moe)/shard_map/slice"" stack_frame_id=937",/mnt/data/workspace/tpu_benchmark_daily/third_party/torchtpu-vllm/src/vllm_torchtpu/kernels/fused_moe/v2/layer.py:160,{},[],125813,runs/layer-ops-20260923/dp8/hlo/pid-233147/module_5516.tt_jit_layernorm_L62C0_fused_add_rms_norm_add.cl_972931731.after_codegen.txt,数据复制/布局物化,编译器生成的实际数据复制或物理布局变换；比较 operand_shapes 与 shape 可区分 tiling/维度顺序和 memory space 的变化。
1,/device:TPU:0,XLA Ops,copy.8011,data formatting,copy,11345.895709,0.038415,"s32[1,32,8,128]{3,1,2,0:T(8,128)S(1)}","s32[1,32,8,128]{3,2,1,0:T(8,128)S(1)}",,,,{},[],125815,runs/layer-ops-20260923/dp8/hlo/pid-233147/module_5516.tt_jit_layernorm_L62C0_fused_add_rms_norm_add.cl_972931731.after_codegen.txt,数据复制/布局物化,编译器生成的实际数据复制或物理布局变换；比较 operand_shapes 与 shape 可区分 tiling/维度顺序和 memory space 的变化。
1,/device:TPU:0,XLA Ops,broadcast_in_dim.3719,broadcast,broadcast,11345.942377,4.654262,"s32[32768,10]{1,0:T(8,128)S(1)}",s32[32768]{0:T(1024)S(1)},,"op_name=""custom_kernel/custom_kernel/jit(moe)/shard_map/broadcast_in_dim"" stack_frame_id=939",/mnt/data/workspace/tpu_benchmark_daily/third_party/torchtpu-vllm/src/vllm_torchtpu/kernels/fused_moe/v2/layer.py:541,{},[],125817,runs/layer-ops-20260923/dp8/hlo/pid-233147/module_5516.tt_jit_layernorm_L62C0_fused_add_rms_norm_add.cl_972931731.after_codegen.txt,MoE 路由/通信计划,广播：构造或处理 top-k 权重、专家计数、token 排列、量化 scale、远端地址及搬运计划；本行 dtype/shape 和 fused_ops 给出实际运算。
1,/device:TPU:0,XLA Ops,reshape.9982,data formatting,reshape,11350.605117,31.789916,s32[327680]{0:T(1024)},"s32[32768,10]{1,0:T(8,128)S(1)}",,"op_name=""custom_kernel/custom_kernel/jit(moe)/shard_map/reshape"" stack_frame_id=939",/mnt/data/workspace/tpu_benchmark_daily/third_party/torchtpu-vllm/src/vllm_torchtpu/kernels/fused_moe/v2/layer.py:541,{},[],125818,runs/layer-ops-20260923/dp8/hlo/pid-233147/module_5516.tt_jit_layernorm_L62C0_fused_add_rms_norm_add.cl_972931731.after_codegen.txt,数据复制/布局物化,编译器生成的实际数据复制或物理布局变换；比较 operand_shapes 与 shape 可区分 tiling/维度顺序和 memory space 的变化。
1,/device:TPU:0,XLA Ops,fusion.1674,loop fusion,fusion,11382.396159,0.027611,"(s32[8]{0:T(128)S(1)}, s32[64,8]{1,0:T(8,128)S(1)})","s32[8,64,8]{2,1,0:T(8,128)S(1)}; s32[]{:T(128)S(6)}",,"op_name=""custom_kernel/custom_kernel/jit(moe)/shard_map/reduce_sum"" stack_frame_id=795",/mnt/data/workspace/tpu_benchmark_daily/third_party/torchtpu-vllm/src/vllm_torchtpu/kernels/fused_moe/v2/host.py:1046,"{""dynamic-slice"": 1, ""reduce"": 1, ""bitcast"": 1, ""tuple"": 1}",[],125820,runs/layer-ops-20260923/dp8/hlo/pid-233147/module_5516.tt_jit_layernorm_L62C0_fused_add_rms_norm_add.cl_972931731.after_codegen.txt,MoE 路由/通信计划,求和归约：构造或处理 top-k 权重、专家计数、token 排列、量化 scale、远端地址及搬运计划；本行 dtype/shape 和 fused_ops 给出实际运算。
1,/device:TPU:0,XLA Ops,reduce-window.1371,reduce-window,reduce-window,11382.42497,0.183673,"s32[8,1]{0,1:T(1,128)S(1)}","s32[8,1]{0,1:T(1,128)S(1)}; s32[]{:T(128)}",,"op_name=""custom_kernel/custom_kernel"" stack_frame_id=532",/mnt/data/workspace/tpu_benchmark_daily/.venv/lib64/python3.12/site-packages/torch_tpu/_internal/pallas/pallas.py:112,"{""add"": 1}",[],125822,runs/layer-ops-20260923/dp8/hlo/pid-233147/module_5516.tt_jit_layernorm_L62C0_fused_add_rms_norm_add.cl_972931731.after_codegen.txt,MoE 路由/通信计划,整数前缀和/分块偏移处理：用窗口归约、slice 和 add 生成专家或目标 rank 的行起点及传输表；不是浮点模型计算。
1,/device:TPU:0,XLA Ops,reduce-window.1372,reduce-window,reduce-window,11382.608719,0.280912,"s32[64,8]{1,0:T(8,128)S(1)}","(s32[8]{0:T(128)S(1)}, s32[64,8]{1,0:T(8,128)S(1)}); s32[]{:T(128)}",,"op_name=""custom_kernel/custom_kernel/jit(moe)/shard_map/jit(cumsum)/call.13/reduce_window_sum"" stack_frame_id=798",/mnt/data/workspace/tpu_benchmark_daily/third_party/torchtpu-vllm/src/vllm_torchtpu/kernels/fused_moe/v2/host.py:1048,"{""add"": 1}",[],125823,runs/layer-ops-20260923/dp8/hlo/pid-233147/module_5516.tt_jit_layernorm_L62C0_fused_add_rms_norm_add.cl_972931731.after_codegen.txt,MoE 路由/通信计划,整数前缀和/分块偏移处理：用窗口归约、slice 和 add 生成专家或目标 rank 的行起点及传输表；不是浮点模型计算。
1,/device:TPU:0,XLA Ops,copy.8008,data formatting,copy,11382.894508,0.785114,"s32[20,2,8,128]{3,1,2,0:T(2,128)}","(s32[160,256]{1,0:T(8,128)S(1)}, s32[160,256]{1,0:T(8,128)S(1)}, s32[20,2,8,128]{3,2,1,0:T(8,128)S(1)})",,,,{},[],125824,runs/layer-ops-20260923/dp8/hlo/pid-233147/module_5516.tt_jit_layernorm_L62C0_fused_add_rms_norm_add.cl_972931731.after_codegen.txt,数据复制/布局物化,编译器生成的实际数据复制或物理布局变换；比较 operand_shapes 与 shape 可区分 tiling/维度顺序和 memory space 的变化。
1,/device:TPU:0,XLA Ops,compare_convert_fusion.59,loop fusion,fusion,11383.679547,0.07443,"(s32[64]{0:T(128)S(1)}, s32[64]{0:T(128)S(1)})","(s32[8]{0:T(128)S(1)}, s32[512]{0:T(512)S(1)}, s32[8]{0:T(128)S(1)}, s32[8,512]{0,1:T(8,128)}, s32[8,512]{0,1:T(8,128)S(1)}, /*index=5*/s32[512,8]{1,0:T(8,128)S(1)}); s32[]{:T(128)S(6)}",,"op_name=""custom_kernel/custom_kernel/jit(moe)/shard_map/convert_element_type"" stack_frame_id=852",/mnt/data/workspace/tpu_benchmark_daily/third_party/torchtpu-vllm/src/vllm_torchtpu/kernels/fused_moe/v2/host.py:1145,"{""dynamic-slice"": 1, ""broadcast"": 1, ""compare"": 1, ""convert"": 1, ""tuple"": 1}",[],125825,runs/layer-ops-20260923/dp8/hlo/pid-233147/module_5516.tt_jit_layernorm_L62C0_fused_add_rms_norm_add.cl_972931731.after_codegen.txt,MoE 路由/通信计划,dtype 转换：构造或处理 top-k 权重、专家计数、token 排列、量化 scale、远端地址及搬运计划；本行 dtype/shape 和 fused_ops 给出实际运算。
1,/device:TPU:0,XLA Ops,copy-start.2582,copy-start,copy-start,11383.754127,0.002401,"(s32[64]{0:T(128)}, s32[64]{0:T(128)S(1)}, u32[]{:S(2)})","(s32[64]{0:T(128)S(1)}, s32[64]{0:T(128)S(1)})",,,,{},[],125826,runs/layer-ops-20260923/dp8/hlo/pid-233147/module_5516.tt_jit_layernorm_L62C0_fused_add_rms_norm_add.cl_972931731.after_codegen.txt,DMA 搬运,启动 DMA 搬运。
1,/device:TPU:0,XLA Ops,fusion.2646,loop fusion,fusion,11383.756378,0.002401,s32[8]{0:T(128)S(1)},"(s32[8]{0:T(128)S(1)}, s32[512,8]{1,0:T(8,128)}, s32[512,8]{1,0:T(8,128)S(1)}); s32[]{:T(128)}",,"op_name=""custom_kernel/custom_kernel/jit(moe)/shard_map/mul"" stack_frame_id=868",/mnt/data/workspace/tpu_benchmark_daily/third_party/torchtpu-vllm/src/vllm_torchtpu/kernels/fused_moe/v2/host.py:1160,"{""iota"": 1, ""broadcast"": 2, ""compare"": 1, ""select"": 1}",[],125828,runs/layer-ops-20260923/dp8/hlo/pid-233147/module_5516.tt_jit_layernorm_L62C0_fused_add_rms_norm_add.cl_972931731.after_codegen.txt,MoE 路由/通信计划,乘法：构造或处理 top-k 权重、专家计数、token 排列、量化 scale、远端地址及搬运计划；本行 dtype/shape 和 fused_ops 给出实际运算。
1,/device:TPU:0,XLA Ops,fusion.2644,loop fusion,fusion,11383.759904,0.003601,s32[8]{0:T(128)S(1)},"(s32[8]{0:T(128)S(1)}, s32[512]{0:T(512)S(1)}, s32[8]{0:T(128)S(1)}, s32[8,512]{0,1:T(8,128)}, s32[8,512]{0,1:T(8,128)S(1)}, /*index=5*/s32[512,8]{1,0:T(8,128)S(1)}); s32[]{:T(128)}",,"op_name=""custom_kernel/custom_kernel/jit(moe)/shard_map/mul"" stack_frame_id=846",/mnt/data/workspace/tpu_benchmark_daily/third_party/torchtpu-vllm/src/vllm_torchtpu/kernels/fused_moe/v2/host.py:1156,"{""iota"": 1, ""broadcast"": 2, ""compare"": 1, ""select"": 1}",[],125830,runs/layer-ops-20260923/dp8/hlo/pid-233147/module_5516.tt_jit_layernorm_L62C0_fused_add_rms_norm_add.cl_972931731.after_codegen.txt,MoE 路由/通信计划,乘法：构造或处理 top-k 权重、专家计数、token 排列、量化 scale、远端地址及搬运计划；本行 dtype/shape 和 fused_ops 给出实际运算。
1,/device:TPU:0,XLA Ops,fusion.2645,loop fusion,fusion,11383.767182,0.004802,s32[8]{0:T(128)S(1)},"(s32[8]{0:T(128)S(1)}, s32[512]{0:T(512)S(1)}, s32[8]{0:T(128)S(1)}, s32[8,512]{0,1:T(8,128)}, s32[8,512]{0,1:T(8,128)S(1)}, /*index=5*/s32[512,8]{1,0:T(8,128)S(1)}); s32[]{:T(128)}",,"op_name=""custom_kernel/custom_kernel/jit(moe)/shard_map/mul"" stack_frame_id=835",/mnt/data/workspace/tpu_benchmark_daily/third_party/torchtpu-vllm/src/vllm_torchtpu/kernels/fused_moe/v2/host.py:1153,"{""iota"": 1, ""broadcast"": 2, ""compare"": 1, ""select"": 1}",[],125832,runs/layer-ops-20260923/dp8/hlo/pid-233147/module_5516.tt_jit_layernorm_L62C0_fused_add_rms_norm_add.cl_972931731.after_codegen.txt,MoE 路由/通信计划,乘法：构造或处理 top-k 权重、专家计数、token 排列、量化 scale、远端地址及搬运计划；本行 dtype/shape 和 fused_ops 给出实际运算。
1,/device:TPU:0,XLA Ops,copy-done.1061,copy-done,copy-done,11383.780312,0.002401,s32[8]{0:T(128)S(1)},"(s32[8]{0:T(128)S(1)}, s32[8]{0:T(128)}, u32[]{:S(2)})",,,,{},[],125833,runs/layer-ops-20260923/dp8/hlo/pid-233147/module_5516.tt_jit_layernorm_L62C0_fused_add_rms_norm_add.cl_972931731.after_codegen.txt,DMA 搬运,等待对应 DMA 完成；与 copy-start 是同一次搬运的两端，不能重复计算搬运量。
1,/device:TPU:0,XLA Ops,multiply_reduce_fusion.354,loop fusion,fusion,11383.790066,0.633854,"(s32[8]{0:T(128)S(1)}, s32[64,8]{1,0:T(8,128)})","(s32[8]{0:T(128)S(1)}, s32[512]{0:T(512)S(1)}, s32[8]{0:T(128)S(1)}, s32[8,512]{0,1:T(8,128)}, s32[8,512]{0,1:T(8,128)S(1)}, /*index=5*/s32[512,8]{1,0:T(8,128)S(1)}); s32[]{:T(128)S(6)}; s32[8]{0:T(128)S(1)}",,"op_name=""custom_kernel/custom_kernel/jit(moe)/shard_map/reduce_sum"" stack_frame_id=844",/mnt/data/workspace/tpu_benchmark_daily/third_party/torchtpu-vllm/src/vllm_torchtpu/kernels/fused_moe/v2/host.py:1149,"{""dynamic-slice"": 1, ""broadcast"": 2, ""multiply"": 1, ""reduce"": 1, ""shift-right-arithmetic"": 1, ""bitcast"": 1, ""tuple"": 1}",[],125834,runs/layer-ops-20260923/dp8/hlo/pid-233147/module_5516.tt_jit_layernorm_L62C0_fused_add_rms_norm_add.cl_972931731.after_codegen.txt,MoE 路由/通信计划,求和归约：构造或处理 top-k 权重、专家计数、token 排列、量化 scale、远端地址及搬运计划；本行 dtype/shape 和 fused_ops 给出实际运算。
1,/device:TPU:0,XLA Ops,copy-done.1121,copy-done,copy-done,11384.42497,0.0012,s32[8]{0:T(128)S(1)},"(s32[8]{0:T(128)S(1)}, s32[8]{0:T(128)}, u32[]{:S(2)})",,,,{},[],125835,runs/layer-ops-20260923/dp8/hlo/pid-233147/module_5516.tt_jit_layernorm_L62C0_fused_add_rms_norm_add.cl_972931731.after_codegen.txt,DMA 搬运,等待对应 DMA 完成；与 copy-start 是同一次搬运的两端，不能重复计算搬运量。
1,/device:TPU:0,XLA Ops,copy-done.1557,copy-done,copy-done,11384.427371,0.002401,s32[64]{0:T(128)S(1)},"(s32[64]{0:T(128)S(1)}, s32[64]{0:T(128)}, u32[]{:S(2)})",,,,{},[],125836,runs/layer-ops-20260923/dp8/hlo/pid-233147/module_5516.tt_jit_layernorm_L62C0_fused_add_rms_norm_add.cl_972931731.after_codegen.txt,DMA 搬运,等待对应 DMA 完成；与 copy-start 是同一次搬运的两端，不能重复计算搬运量。
1,/device:TPU:0,XLA Ops,multiply_reduce_fusion.418,loop fusion,fusion,11384.430973,1.705882,"(s32[8]{0:T(128)S(1)}, s32[8]{0:T(128)S(1)}, s32[8]{0:T(128)S(1)}, s32[8]{0:T(128)S(1)}, s32[8]{0:T(128)S(1)}, /*index=5*/s32[8]{0:T(128)S(1)}, s32[8]{0:T(128)S(1)}, s32[64,8]{1,0:T(8,128)})","(s32[8]{0:T(128)S(1)}, s32[512,8]{1,0:T(8,128)}, s32[512,8]{1,0:T(8,128)S(1)}); s32[]{:T(128)S(6)}; s32[8]{0:T(128)S(1)}; s32[64]{0:T(128)S(1)}; s32[8]{0:T(128)S(1)}; s32[8]{0:T(128)S(1)}; (s32[8]{0:T(128)S(1)}, s32[512]{0:T(512)S(1)}, s32[8]{0:T(128)S(1)}, s32[8,512]{0,1:T(8,128)}, s32[8,512]{0,1:T(8,128)S(1)}, /*index=5*/s32[512,8]{1,0:T(8,128)S(1)}); s32[8]{0:T(128)S(1)}; s32[8]{0:T(128)S(1)}; (s32[64]{0:T(128)S(1)}, s32[64]{0:T(128)S(1)}); (s32[8]{0:T(128)S(1)}, s32[512]{0:T(512)S(1)}, s32[8]{0:T(128)S(1)}, s32[8,512]{0,1:T(8,128)}, s32[8,512]{0,1:T(8,128)S(1)}, /*index=5*/s32[512,8]{1,0:T(8,128)S(1)})",,"op_name=""custom_kernel/custom_kernel/jit(moe)/shard_map/reduce_sum"" stack_frame_id=874",/mnt/data/workspace/tpu_benchmark_daily/third_party/torchtpu-vllm/src/vllm_torchtpu/kernels/fused_moe/v2/host.py:1149,"{""dynamic-slice"": 3, ""broadcast"": 8, ""multiply"": 9, ""reduce"": 7, ""subtract"": 3, ""bitcast"": 2, ""tuple"": 1}",[],125837,runs/layer-ops-20260923/dp8/hlo/pid-233147/module_5516.tt_jit_layernorm_L62C0_fused_add_rms_norm_add.cl_972931731.after_codegen.txt,MoE 路由/通信计划,求和归约：构造或处理 top-k 权重、专家计数、token 排列、量化 scale、远端地址及搬运计划；本行 dtype/shape 和 fused_ops 给出实际运算。
1,/device:TPU:0,XLA Ops,concatenate.672,concatenate,concatenate,11386.138056,0.601441,"s32[8,8]{1,0:T(8,128)}","s32[1,8]{1,0:T(1,128)S(1)}; s32[1,8]{1,0:T(1,128)S(1)}; s32[1,8]{1,0:T(1,128)S(1)}; s32[1,8]{1,0:T(1,128)S(1)}; s32[1,8]{1,0:T(1,128)S(1)}; s32[1,8]{1,0:T(1,128)S(1)}; s32[1,8]{1,0:T(1,128)S(1)}; s32[1,8]{1,0:T(1,128)S(1)}",,"op_name=""custom_kernel/custom_kernel/jit(moe)/shard_map/concatenate"" stack_frame_id=875",/mnt/data/workspace/tpu_benchmark_daily/third_party/torchtpu-vllm/src/vllm_torchtpu/kernels/fused_moe/v2/host.py:1151,{},[],125846,runs/layer-ops-20260923/dp8/hlo/pid-233147/module_5516.tt_jit_layernorm_L62C0_fused_add_rms_norm_add.cl_972931731.after_codegen.txt,MoE 路由/通信计划,拼接：构造或处理 top-k 权重、专家计数、token 排列、量化 scale、远端地址及搬运计划；本行 dtype/shape 和 fused_ops 给出实际运算。
1,/device:TPU:0,XLA Ops,multiply_subtract_fusion.88,loop fusion,fusion,11386.740697,0.003601,s32[64]{0:T(128)S(1)},"(s32[64]{0:T(128)S(1)}, s32[64]{0:T(128)S(1)})",,"op_name=""custom_kernel/custom_kernel/jit(moe)/shard_map/sub"" stack_frame_id=819",/mnt/data/workspace/tpu_benchmark_daily/third_party/torchtpu-vllm/src/vllm_torchtpu/kernels/fused_moe/v2/host.py:996,"{""iota"": 1, ""broadcast"": 1, ""multiply"": 1, ""subtract"": 1}",[],125847,runs/layer-ops-20260923/dp8/hlo/pid-233147/module_5516.tt_jit_layernorm_L62C0_fused_add_rms_norm_add.cl_972931731.after_codegen.txt,MoE 路由/通信计划,减法：构造或处理 top-k 权重、专家计数、token 排列、量化 scale、远端地址及搬运计划；本行 dtype/shape 和 fused_ops 给出实际运算。
1,/device:TPU:0,XLA Ops,convert_reduce_fusion.418,loop fusion,fusion,11386.745499,2.135654,s32[64]{0:T(128)S(1)},s32[64]{0:T(128)S(1)},,"op_name=""custom_kernel/custom_kernel/jit(moe)/shard_map/reduce_sum"" stack_frame_id=822",/mnt/data/workspace/tpu_benchmark_daily/third_party/torchtpu-vllm/src/vllm_torchtpu/kernels/fused_moe/v2/host.py:997,"{""broadcast"": 2, ""compare"": 1, ""convert"": 1, ""reduce"": 1}",[],125848,runs/layer-ops-20260923/dp8/hlo/pid-233147/module_5516.tt_jit_layernorm_L62C0_fused_add_rms_norm_add.cl_972931731.after_codegen.txt,MoE 路由/通信计划,求和归约：构造或处理 top-k 权重、专家计数、token 排列、量化 scale、远端地址及搬运计划；本行 dtype/shape 和 fused_ops 给出实际运算。
1,/device:TPU:0,XLA Ops,select_reduce_fusion.238,loop fusion,fusion,11388.887305,0.136855,s32[64]{0:T(128)S(1)},s32[64]{0:T(128)S(1)},,"op_name=""custom_kernel/custom_kernel/jit(moe)/shard_map/reduce_sum"" stack_frame_id=825",/mnt/data/workspace/tpu_benchmark_daily/third_party/torchtpu-vllm/src/vllm_torchtpu/kernels/fused_moe/v2/host.py:998,"{""broadcast"": 2, ""iota"": 2, ""compare"": 1, ""select"": 1, ""reduce"": 1}",[],125849,runs/layer-ops-20260923/dp8/hlo/pid-233147/module_5516.tt_jit_layernorm_L62C0_fused_add_rms_norm_add.cl_972931731.after_codegen.txt,MoE 路由/通信计划,求和归约：构造或处理 top-k 权重、专家计数、token 排列、量化 scale、远端地址及搬运计划；本行 dtype/shape 和 fused_ops 给出实际运算。
1,/device:TPU:0,XLA Ops,fusion.1432,loop fusion,fusion,11389.027686,0.620648,"s32[64,8]{1,0:T(8,128)}","s32[8,8,64]{0,2,1:T(8,128)S(1)}; s32[]{:T(128)S(6)}",,"op_name=""custom_kernel/custom_kernel/jit(moe)/shard_map/shift_right_arithmetic"" stack_frame_id=803",/mnt/data/workspace/tpu_benchmark_daily/third_party/torchtpu-vllm/src/vllm_torchtpu/kernels/fused_moe/v2/host.py:1071,"{""dynamic-slice"": 1, ""broadcast"": 1, ""shift-right-arithmetic"": 1, ""bitcast"": 1}",[],125850,runs/layer-ops-20260923/dp8/hlo/pid-233147/module_5516.tt_jit_layernorm_L62C0_fused_add_rms_norm_add.cl_972931731.after_codegen.txt,MoE 路由/通信计划,右移：构造或处理 top-k 权重、专家计数、token 排列、量化 scale、远端地址及搬运计划；本行 dtype/shape 和 fused_ops 给出实际运算。
1,/device:TPU:0,XLA Ops,broadcast_minimum_fusion.58,loop fusion,fusion,11389.64946,0.59904,s32[64]{0:T(128)},s32[64]{0:T(128)S(1)},,"op_name=""custom_kernel/custom_kernel/jit(moe)/shard_map/min"" stack_frame_id=826",/mnt/data/workspace/tpu_benchmark_daily/third_party/torchtpu-vllm/src/vllm_torchtpu/kernels/fused_moe/v2/host.py:1001,"{""broadcast"": 1, ""minimum"": 1}",[],125851,runs/layer-ops-20260923/dp8/hlo/pid-233147/module_5516.tt_jit_layernorm_L62C0_fused_add_rms_norm_add.cl_972931731.after_codegen.txt,MoE 路由/通信计划,取最小值：构造或处理 top-k 权重、专家计数、token 排列、量化 scale、远端地址及搬运计划；本行 dtype/shape 和 fused_ops 给出实际运算。
1,/device:TPU:0,XLA Ops,bitcast_subtract_fusion.118,loop fusion,fusion,11390.24865,0.002401,s32[8]{0:T(128)S(1)},"(s32[8]{0:T(128)S(1)}, s32[64,8]{1,0:T(8,128)S(1)}); s32[8,1]{0,1:T(1,128)S(1)}",,"op_name=""custom_kernel/custom_kernel/jit(moe)/shard_map/sub"" stack_frame_id=796",/mnt/data/workspace/tpu_benchmark_daily/third_party/torchtpu-vllm/src/vllm_torchtpu/kernels/fused_moe/v2/host.py:1047,"{""bitcast"": 1, ""subtract"": 1}",[],125852,runs/layer-ops-20260923/dp8/hlo/pid-233147/module_5516.tt_jit_layernorm_L62C0_fused_add_rms_norm_add.cl_972931731.after_codegen.txt,MoE 路由/通信计划,减法：构造或处理 top-k 权重、专家计数、token 排列、量化 scale、远端地址及搬运计划；本行 dtype/shape 和 fused_ops 给出实际运算。
1,/device:TPU:0,XLA Ops,add_shift-right-arithmetic_fusion.58,loop fusion,fusion,11390.252101,0.621849,"s32[64,8]{1,0:T(8,128)}","s32[64,8]{1,0:T(8,128)S(1)}; (s32[8]{0:T(128)S(1)}, s32[64,8]{1,0:T(8,128)S(1)}); s32[8]{0:T(128)S(1)}",,"op_name=""custom_kernel/custom_kernel/jit(moe)/shard_map/shift_right_arithmetic"" stack_frame_id=800",/mnt/data/workspace/tpu_benchmark_daily/third_party/torchtpu-vllm/src/vllm_torchtpu/kernels/fused_moe/v2/host.py:1071,"{""broadcast"": 2, ""subtract"": 1, ""add"": 1, ""shift-right-arithmetic"": 1}",[],125853,runs/layer-ops-20260923/dp8/hlo/pid-233147/module_5516.tt_jit_layernorm_L62C0_fused_add_rms_norm_add.cl_972931731.after_codegen.txt,MoE 路由/通信计划,右移：构造或处理 top-k 权重、专家计数、token 排列、量化 scale、远端地址及搬运计划；本行 dtype/shape 和 fused_ops 给出实际运算。
1,/device:TPU:0,XLA Ops,subtract_select_fusion.58,loop fusion,fusion,11390.874025,0.267707,s32[327680]{0:T(1024)S(1)},"pred[327680]{0:T(1024)(128)(4,1)S(1)}; s32[327680]{0:T(1024)S(1)}; s32[]{:T(128)S(6)}",,"op_name=""custom_kernel/custom_kernel/jit(moe)/shard_map/jit(_where)/select_n"" stack_frame_id=917",/mnt/data/workspace/tpu_benchmark_daily/third_party/torchtpu-vllm/src/vllm_torchtpu/kernels/fused_moe/v2/host.py:933,"{""broadcast"": 3, ""select"": 2, ""compare"": 1, ""subtract"": 1}",[],125855,runs/layer-ops-20260923/dp8/hlo/pid-233147/module_5516.tt_jit_layernorm_L62C0_fused_add_rms_norm_add.cl_972931731.after_codegen.txt,MoE 路由/通信计划,条件选择：构造或处理 top-k 权重、专家计数、token 排列、量化 scale、远端地址及搬运计划；本行 dtype/shape 和 fused_ops 给出实际运算。
1,/device:TPU:0,XLA Ops,all-gather.183.cloned.1.call-done,async-done,async-done,11391.15006,233.545018,"f8e4m3fn[32768,32,128]{2,1,0:T(32,128)(4,1)}","((f8e4m3fn[4096,32,128]{2,1,0:T(32,128)(4,1)}), f8e4m3fn[32768,32,128]{2,1,0:T(32,128)(4,1)})",,"op_name=""custom_kernel/custom_kernel/jit(moe)/shard_map/all_gather"" stack_frame_id=927",/mnt/data/workspace/tpu_benchmark_daily/third_party/torchtpu-vllm/src/vllm_torchtpu/kernels/fused_moe/v2/layer.py:406,{},"[{""opcode"": ""all-gather"", ""shape"": ""f8e4m3fn[32768,32,128]{2,1,0:T(32,128)(4,1)}"", ""replica_groups"": ""{{0,1,2,3,4,5,6,7}}"", ""attrs"": ""channel_id=1, replica_groups={{0,1,2,3,4,5,6,7}}, dimensions={0}, use_global_device_ids=true, metadata={op_name=\""custom_kernel/custom_kernel/jit(moe)/shard_map/all_gather\"" stack_frame_id=927}""}]",125856,runs/layer-ops-20260923/dp8/hlo/pid-233147/module_5516.tt_jit_layernorm_L62C0_fused_add_rms_norm_add.cl_972931731.after_codegen.txt,EP dispatch / all-gather,"收集该组 token 激活、router logits 或路由计划，供本地专家处理；实际 replica groups={{0,1,2,3,4,5,6,7}}，输出 f8e4m3fn[32768,32,128]{2,1,0:T(32,128)(4,1)}。异步边界不能重复计费。"
1,/device:TPU:0,XLA Ops,compare_select_fusion.296,loop fusion,fusion,11624.696279,1.667467,"(s32[327680]{0:T(1024)}, s32[327680]{0:T(1024)})",s32[327680]{0:T(1024)S(1)},,"op_name=""custom_kernel/custom_kernel/jit(moe)/shard_map/select_n"" stack_frame_id=936",/mnt/data/workspace/tpu_benchmark_daily/third_party/torchtpu-vllm/src/vllm_torchtpu/kernels/fused_moe/v2/layer.py:545,"{""broadcast"": 3, ""compare"": 1, ""add"": 2, ""select"": 2, ""tuple"": 1}",[],125857,runs/layer-ops-20260923/dp8/hlo/pid-233147/module_5516.tt_jit_layernorm_L62C0_fused_add_rms_norm_add.cl_972931731.after_codegen.txt,FP8 量化 scale,计算/保护动态 FP8 scale：max(abs(x))/448；全零行使用非零替代 scale，避免除零。部分 fusion 同时生成 MoE 的有效行 mask。
1,/device:TPU:0,XLA Ops,scatter_offload_async_start.2.update,async-update,async-update,11626.363896,0.016807,"((s32[328320]{0:T(1024)}, s32[327680]{0:T(1024)}, s32[327680]{0:T(1024)}), s32[328320]{0:T(1024)})","((), (), s32[]{:S(2)}); s32[328320]{0:T(1024)}; (s32[327680]{0:T(1024)}, s32[327680]{0:T(1024)}); s32[327680]{0:T(1024)}",,,,{},[],125858,runs/layer-ops-20260923/dp8/hlo/pid-233147/module_5516.tt_jit_layernorm_L62C0_fused_add_rms_norm_add.cl_972931731.after_codegen.txt,异步调用控制,异步 kernel/collective 的启动、提交或完成边界；具体计算在被调用的 HLO computation 中，不能把边界再当一遍计算。
1,/device:TPU:0,XLA Ops,scatter_offload_async_start.3,async-start,async-start,11626.387905,0.055222,"((), (), s32[]{:S(2)})",,,"op_name=""custom_kernel/custom_kernel/jit(moe)/shard_map/scatter-add"" stack_frame_id=936",/mnt/data/workspace/tpu_benchmark_daily/third_party/torchtpu-vllm/src/vllm_torchtpu/kernels/fused_moe/v2/layer.py:545,"{""call"": 1}",[],125859,runs/layer-ops-20260923/dp8/hlo/pid-233147/module_5516.tt_jit_layernorm_L62C0_fused_add_rms_norm_add.cl_972931731.after_codegen.txt,异步调用控制,异步 kernel/collective 的启动、提交或完成边界；具体计算在被调用的 HLO computation 中，不能把边界再当一遍计算。
1,/device:TPU:0,XLA Ops,broadcast_subtract_fusion.59,loop fusion,fusion,11626.451456,0.70108,s32[64]{0:T(128)},s32[]{:T(128)S(1)}; s32[512]{0:T(512)S(1)}; s32[]{:T(128)S(6)},,"op_name=""custom_kernel/custom_kernel/jit(moe)/shard_map/sub"" stack_frame_id=815",/mnt/data/workspace/tpu_benchmark_daily/third_party/torchtpu-vllm/src/vllm_torchtpu/kernels/fused_moe/v2/host.py:914,"{""dynamic-slice"": 1, ""broadcast"": 1, ""subtract"": 1}",[],125861,runs/layer-ops-20260923/dp8/hlo/pid-233147/module_5516.tt_jit_layernorm_L62C0_fused_add_rms_norm_add.cl_972931731.after_codegen.txt,MoE 路由/通信计划,减法：构造或处理 top-k 权重、专家计数、token 排列、量化 scale、远端地址及搬运计划；本行 dtype/shape 和 fused_ops 给出实际运算。
1,/device:TPU:0,XLA Ops,scatter_offload_async_start.3.update,async-update,async-update,11627.152536,0.016807,"((s32[328448]{0:T(1024)}, s32[327680]{0:T(1024)}, s32[327680]{0:T(1024)}), s32[328448]{0:T(1024)})","((), (), s32[]{:S(2)}); s32[328448]{0:T(1024)}; (s32[327680]{0:T(1024)}, s32[327680]{0:T(1024)}); s32[327680]{0:T(1024)}",,,,{},[],125862,runs/layer-ops-20260923/dp8/hlo/pid-233147/module_5516.tt_jit_layernorm_L62C0_fused_add_rms_norm_add.cl_972931731.after_codegen.txt,异步调用控制,异步 kernel/collective 的启动、提交或完成边界；具体计算在被调用的 HLO computation 中，不能把边界再当一遍计算。
1,/device:TPU:0,XLA Ops,gather_offload_async_start.2,async-start,async-start,11627.176546,0.103241,"((), (), s32[]{:S(2)})",,,"op_name=""custom_kernel/custom_kernel/jit(moe)/shard_map/gather"" stack_frame_id=956",/mnt/data/workspace/tpu_benchmark_daily/third_party/torchtpu-vllm/src/vllm_torchtpu/kernels/fused_moe/v2/layer.py:93,"{""call"": 1}",[],125863,runs/layer-ops-20260923/dp8/hlo/pid-233147/module_5516.tt_jit_layernorm_L62C0_fused_add_rms_norm_add.cl_972931731.after_codegen.txt,SparseCore 索引读取,将按索引 gather 交给 SparseCore；此处 offload 表示计算交给 SparseCore，不表示模型权重从 DRAM offload。
1,/device:TPU:0,XLA Ops,scatter_offload_async_done.2,async-done,async-done,11627.28699,21.528211,s32[328320]{0:T(1024)},"((s32[328320]{0:T(1024)}, s32[327680]{0:T(1024)}, s32[327680]{0:T(1024)}), s32[328320]{0:T(1024)})",,"op_name=""custom_kernel/custom_kernel/jit(moe)/shard_map/scatter-add"" stack_frame_id=930",/mnt/data/workspace/tpu_benchmark_daily/third_party/torchtpu-vllm/src/vllm_torchtpu/kernels/fused_moe/v2/host.py:969,{},[],125864,runs/layer-ops-20260923/dp8/hlo/pid-233147/module_5516.tt_jit_layernorm_L62C0_fused_add_rms_norm_add.cl_972931731.after_codegen.txt,异步调用控制,异步 kernel/collective 的启动、提交或完成边界；具体计算在被调用的 HLO computation 中，不能把边界再当一遍计算。
1,/device:TPU:0,XLA Ops,broadcast_clamp_fusion.58,loop fusion,fusion,11648.816327,1.614646,s32[328320]{0:T(1024)S(1)},s32[328320]{0:T(1024)},,"op_name=""custom_kernel/custom_kernel/jit(moe)/shard_map/jit(clip)/min"" stack_frame_id=933",/mnt/data/workspace/tpu_benchmark_daily/third_party/torchtpu-vllm/src/vllm_torchtpu/kernels/fused_moe/v2/host.py:970,"{""broadcast"": 2, ""clamp"": 1}",[],125865,runs/layer-ops-20260923/dp8/hlo/pid-233147/module_5516.tt_jit_layernorm_L62C0_fused_add_rms_norm_add.cl_972931731.after_codegen.txt,MoE 路由/通信计划,取最小值：构造或处理 top-k 权重、专家计数、token 排列、量化 scale、远端地址及搬运计划；本行 dtype/shape 和 fused_ops 给出实际运算。
1,/device:TPU:0,XLA Ops,pad.593,pad,pad,11650.440577,1.15006,s32[328576]{0:T(1024)},s32[328320]{0:T(1024)S(1)}; s32[]{:T(128)},,"op_name=""custom_kernel/custom_kernel/jit(moe)/shard_map/jit(_pad)/pad"" stack_frame_id=934",/mnt/data/workspace/tpu_benchmark_daily/third_party/torchtpu-vllm/src/vllm_torchtpu/kernels/fused_moe/v2/layer.py:523,{},[],125866,runs/layer-ops-20260923/dp8/hlo/pid-233147/module_5516.tt_jit_layernorm_L62C0_fused_add_rms_norm_add.cl_972931731.after_codegen.txt,MoE 路由/通信计划,补齐：构造或处理 top-k 权重、专家计数、token 排列、量化 scale、远端地址及搬运计划；本行 dtype/shape 和 fused_ops 给出实际运算。
1,/device:TPU:0,XLA Ops,scatter_offload_async_done.3,async-done,async-done,11651.590712,21.727491,s32[328448]{0:T(1024)},"((s32[328448]{0:T(1024)}, s32[327680]{0:T(1024)}, s32[327680]{0:T(1024)}), s32[328448]{0:T(1024)})",,"op_name=""custom_kernel/custom_kernel/jit(moe)/shard_map/scatter-add"" stack_frame_id=936",/mnt/data/workspace/tpu_benchmark_daily/third_party/torchtpu-vllm/src/vllm_torchtpu/kernels/fused_moe/v2/layer.py:545,{},[],125867,runs/layer-ops-20260923/dp8/hlo/pid-233147/module_5516.tt_jit_layernorm_L62C0_fused_add_rms_norm_add.cl_972931731.after_codegen.txt,异步调用控制,异步 kernel/collective 的启动、提交或完成边界；具体计算在被调用的 HLO computation 中，不能把边界再当一遍计算。
1,/device:TPU:0,XLA Ops,bitcast-convert_bitcast_fusion.58,loop fusion,fusion,11673.319328,2.420168,"f32[2566,128]{1,0:T(8,128)}",s32[328448]{0:T(1024)},,"op_name=""custom_kernel/custom_kernel/jit(moe)/shard_map/reshape"" stack_frame_id=941",/mnt/data/workspace/tpu_benchmark_daily/third_party/torchtpu-vllm/src/vllm_torchtpu/kernels/fused_moe/v2/layer.py:546,"{""bitcast-convert"": 1, ""bitcast"": 1}",[],125868,runs/layer-ops-20260923/dp8/hlo/pid-233147/module_5516.tt_jit_layernorm_L62C0_fused_add_rms_norm_add.cl_972931731.after_codegen.txt,MoE 路由/通信计划,形状变换：构造或处理 top-k 权重、专家计数、token 排列、量化 scale、远端地址及搬运计划；本行 dtype/shape 和 fused_ops 给出实际运算。
1,/device:TPU:0,XLA Ops,copy-done.2582,copy-done,copy-done,11675.740697,0.002401,s32[64]{0:T(128)},"(s32[64]{0:T(128)}, s32[64]{0:T(128)S(1)}, u32[]{:S(2)})",,,,{},[],125869,runs/layer-ops-20260923/dp8/hlo/pid-233147/module_5516.tt_jit_layernorm_L62C0_fused_add_rms_norm_add.cl_972931731.after_codegen.txt,DMA 搬运,等待对应 DMA 完成；与 copy-start 是同一次搬运的两端，不能重复计算搬运量。
1,/device:TPU:0,XLA Ops,copy-start.1905,copy-start,copy-start,11675.743173,0.002401,"(f32[4096]{0:T(1024)S(1)}, f32[4096]{0:T(1024)}, u32[]{:S(2)})",f32[4096]{0:T(1024)},,,,{},[],125870,runs/layer-ops-20260923/dp8/hlo/pid-233147/module_5516.tt_jit_layernorm_L62C0_fused_add_rms_norm_add.cl_972931731.after_codegen.txt,DMA 搬运,启动 DMA 搬运。
1,/device:TPU:0,XLA Ops,copy-start.2151,copy-start,copy-start,11675.746699,0.0,"(pred[4096]{0:T(1024)(128)(4,1)S(1)}, pred[4096]{0:T(1024)(128)(4,1)}, u32[]{:S(2)})","(pred[4096]{0:T(1024)(128)(4,1)}, f32[4096,512]{1,0:T(8,128)S(1)})",,,,{},[],125871,runs/layer-ops-20260923/dp8/hlo/pid-233147/module_5516.tt_jit_layernorm_L62C0_fused_add_rms_norm_add.cl_972931731.after_codegen.txt,DMA 搬运,启动 DMA 搬运。
1,/device:TPU:0,XLA Ops,fused_ep_moe_v2_g64_c128_nb3.181,custom-call,custom-call,11675.747899,3565.559424,"(f8e4m3fn[41472,32,128]{2,1,0:T(32,128)(4,1)}, f32[1350,128]{1,0:T(8,128)}, f8e4m3fn[328320,32,128]{2,1,0:T(8,128)(4,1)}, f32[2695,128]{1,0:T(8,128)})","(s32[8,64]{0,1:T(8,128)S(1)}, s32[64,8]{1,0:T(8,128)}); (s32[8]{0:T(128)S(1)}, s32[64,8]{1,0:T(8,128)}); s32[64,8]{1,0:T(8,128)}; s32[64,8]{1,0:T(8,128)}; (s32[8]{0:T(128)S(1)}, s32[8]{0:T(128)S(1)}, s32[8]{0:T(128)S(1)}, s32[8]{0:T(128)S(1)}, s32[8]{0:T(128)S(1)}, /*index=5*/s32[8]{0:T(128)S(1)}, s32[8]{0:T(128)S(1)}, s32[64,8]{1,0:T(8,128)}); s32[64]{0:T(128)}; s32[64]{0:T(128)}; s32[64]{0:T(128)}; s32[8,8]{1,0:T(8,128)}; s32[1,1]{1,0:T(1,128)}; s32[328576]{0:T(1024)}; f8e4m3fn[32768,32,128]{2,1,0:T(32,128)(4,1)}; f32[2566,128]{1,0:T(8,128)}; f8e4m3fn[64,4096,2048]{2,1,0:T(32,128)(4,1)}; f8e4m3fn[64,1024,4096]{2,1,0:T(32,128)(4,1)}; f32[64,2048]{1,0:T(8,128)}; f32[64,4096]{1,0:T(8,128)}","routed_expert_scale,routed_expert_weight","op_name=""custom_kernel/custom_kernel/jit(moe)/shard_map/fused_ep_moe_v2_g64_c128_nb3/pallas_call"" stack_frame_id=943",/mnt/data/workspace/tpu_benchmark_daily/third_party/torchtpu-vllm/src/vllm_torchtpu/kernels/fused_moe/v2/kernel.py:1738,{},[],125874,runs/layer-ops-20260923/dp8/hlo/pid-233147/module_5516.tt_jit_layernorm_L62C0_fused_add_rms_norm_add.cl_972931731.after_codegen.txt,路由专家计算,融合本 rank 专家的 gate/up GEMM、SiLU×up、down GEMM，以及把结果推送回 token 所属 rank；权重和传输格式见 shape。
1,/device:TPU:0,XLA Ops,gather_offload_async_start.2.update,async-update,async-update,15241.316927,0.034814,"((f32[1350,128]{1,0:T(8,128)}, s32[40960]{0:T(1024)}), f32[40960]{0:T(1024)})","((), (), s32[]{:S(2)}); (f8e4m3fn[41472,32,128]{2,1,0:T(32,128)(4,1)}, f32[1350,128]{1,0:T(8,128)}, f8e4m3fn[328320,32,128]{2,1,0:T(8,128)(4,1)}, f32[2695,128]{1,0:T(8,128)}); s32[40960]{0:T(1024)}",,,,{},[],125875,runs/layer-ops-20260923/dp8/hlo/pid-233147/module_5516.tt_jit_layernorm_L62C0_fused_add_rms_norm_add.cl_972931731.after_codegen.txt,SparseCore 索引读取,将按索引 gather 交给 SparseCore；此处 offload 表示计算交给 SparseCore，不表示模型权重从 DRAM offload。
1,/device:TPU:0 SparseCore 0,Sparse Core Ops,gather_offload_custom_fusion.191.cloned.1.call-start,async-start,async-start,15241.460985,0.012005,"((f32[1350,128]{1,0:T(8,128)}, s32[40960]{0:T(1024)}), f32[40960]{0:T(1024)}, u32[]{:S(8)})","f32[1350,128]{1,0:T(8,128)}; s32[40960]{0:T(1024)}",,"op_name=""custom_kernel/custom_kernel/jit(moe)/shard_map/gather"" stack_frame_id=956",/mnt/data/workspace/tpu_benchmark_daily/third_party/torchtpu-vllm/src/vllm_torchtpu/kernels/fused_moe/v2/layer.py:93,"{""call"": 1}",[],6055,runs/layer-ops-20260923/dp8/hlo/pid-233147/module_5516.tt_jit_layernorm_L62C0_fused_add_rms_norm_add.cl_972931731.after_codegen.txt,SparseCore 索引读取,将按索引 gather 交给 SparseCore；此处 offload 表示计算交给 SparseCore，不表示模型权重从 DRAM offload。
1,/device:TPU:0,XLA Ops,gather_offload_async_done.2,async-done,async-done,15241.470589,6.501801,f32[40960]{0:T(1024)},"((f32[1350,128]{1,0:T(8,128)}, s32[40960]{0:T(1024)}), f32[40960]{0:T(1024)})",,"op_name=""custom_kernel/custom_kernel/jit(moe)/shard_map/gather"" stack_frame_id=956",/mnt/data/workspace/tpu_benchmark_daily/third_party/torchtpu-vllm/src/vllm_torchtpu/kernels/fused_moe/v2/layer.py:93,{},[],125877,runs/layer-ops-20260923/dp8/hlo/pid-233147/module_5516.tt_jit_layernorm_L62C0_fused_add_rms_norm_add.cl_972931731.after_codegen.txt,SparseCore 索引读取,将按索引 gather 交给 SparseCore；此处 offload 表示计算交给 SparseCore，不表示模型权重从 DRAM offload。
1,/device:TPU:0 SparseCore 0,Sparse Core Ops,gather_offload_custom_fusion.191.cloned.1.call-done,async-done,async-done,15241.476591,6.392557,f32[40960]{0:T(1024)},"((f32[1350,128]{1,0:T(8,128)}, s32[40960]{0:T(1024)}), f32[40960]{0:T(1024)}, u32[]{:S(8)})",,"op_name=""custom_kernel/custom_kernel/jit(moe)/shard_map/gather"" stack_frame_id=956",/mnt/data/workspace/tpu_benchmark_daily/third_party/torchtpu-vllm/src/vllm_torchtpu/kernels/fused_moe/v2/layer.py:93,{},[],6056,runs/layer-ops-20260923/dp8/hlo/pid-233147/module_5516.tt_jit_layernorm_L62C0_fused_add_rms_norm_add.cl_972931731.after_codegen.txt,SparseCore 索引读取,将按索引 gather 交给 SparseCore；此处 offload 表示计算交给 SparseCore，不表示模型权重从 DRAM offload。
1,/device:TPU:0,XLA Ops,reshape.9587,data formatting,reshape,15247.97359,3.631453,"f32[4096,10]{1,0:T(8,128)S(1)}",f32[40960]{0:T(1024)},,"op_name=""custom_kernel/custom_kernel/jit(moe)/shard_map/gather"" stack_frame_id=956",/mnt/data/workspace/tpu_benchmark_daily/third_party/torchtpu-vllm/src/vllm_torchtpu/kernels/fused_moe/v2/layer.py:93,{},[],125878,runs/layer-ops-20260923/dp8/hlo/pid-233147/module_5516.tt_jit_layernorm_L62C0_fused_add_rms_norm_add.cl_972931731.after_codegen.txt,数据复制/布局物化,编译器生成的实际数据复制或物理布局变换；比较 operand_shapes 与 shape 可区分 tiling/维度顺序和 memory space 的变化。
1,/device:TPU:0,XLA Ops,copy-done.1905,copy-done,copy-done,15251.613521,0.003601,f32[4096]{0:T(1024)S(1)},"(f32[4096]{0:T(1024)S(1)}, f32[4096]{0:T(1024)}, u32[]{:S(2)})",,,,{},[],125879,runs/layer-ops-20260923/dp8/hlo/pid-233147/module_5516.tt_jit_layernorm_L62C0_fused_add_rms_norm_add.cl_972931731.after_codegen.txt,DMA 搬运,等待对应 DMA 完成；与 copy-start 是同一次搬运的两端，不能重复计算搬运量。
1,/device:TPU:0,XLA Ops,copy-done.2151,copy-done,copy-done,15251.62425,0.002401,"pred[4096]{0:T(1024)(128)(4,1)S(1)}","(pred[4096]{0:T(1024)(128)(4,1)S(1)}, pred[4096]{0:T(1024)(128)(4,1)}, u32[]{:S(2)})",,,,{},[],125880,runs/layer-ops-20260923/dp8/hlo/pid-233147/module_5516.tt_jit_layernorm_L62C0_fused_add_rms_norm_add.cl_972931731.after_codegen.txt,DMA 搬运,等待对应 DMA 完成；与 copy-start 是同一次搬运的两端，不能重复计算搬运量。
1,/device:TPU:0,XLA Ops,select_multiply_fusion.58,loop fusion,fusion,15251.633929,3.442977,"f32[4096,10]{1,0:T(8,128)S(1)}","f32[4096,10]{1,0:T(8,128)S(1)}; f32[4096,10]{1,0:T(8,128)}; f32[4096]{0:T(1024)S(1)}; pred[4096]{0:T(1024)(128)(4,1)S(1)}",,"op_name=""custom_kernel/custom_kernel/jit(moe)/shard_map/mul"" stack_frame_id=965",/mnt/data/workspace/tpu_benchmark_daily/third_party/torchtpu-vllm/src/vllm_torchtpu/kernels/fused_moe/v2/layer.py:95,"{""broadcast"": 3, ""divide"": 1, ""select"": 1, ""multiply"": 1}",[],125881,runs/layer-ops-20260923/dp8/hlo/pid-233147/module_5516.tt_jit_layernorm_L62C0_fused_add_rms_norm_add.cl_972931731.after_codegen.txt,MoE 路由/通信计划,乘法：构造或处理 top-k 权重、专家计数、token 排列、量化 scale、远端地址及搬运计划；本行 dtype/shape 和 fused_ops 给出实际运算。
1,/device:TPU:0,XLA Ops,reshape.7140,data formatting,reshape,15255.08651,2.404562,f32[40960]{0:T(1024)},"f32[4096,10]{1,0:T(8,128)S(1)}",,"op_name=""custom_kernel/custom_kernel/jit(moe)/shard_map/reshape"" stack_frame_id=967",/mnt/data/workspace/tpu_benchmark_daily/third_party/torchtpu-vllm/src/vllm_torchtpu/kernels/fused_moe/v2/kernel.py:1977,{},[],125882,runs/layer-ops-20260923/dp8/hlo/pid-233147/module_5516.tt_jit_layernorm_L62C0_fused_add_rms_norm_add.cl_972931731.after_codegen.txt,数据复制/布局物化,编译器生成的实际数据复制或物理布局变换；比较 operand_shapes 与 shape 可区分 tiling/维度顺序和 memory space 的变化。
1,/device:TPU:0,XLA Ops,copy-start.2029,copy-start,copy-start,15257.491072,0.0012,"(f32[4096]{0:T(1024)S(1)}, f32[4096]{0:T(1024)}, u32[]{:S(2)})",f32[4096]{0:T(1024)},,,,{},[],125883,runs/layer-ops-20260923/dp8/hlo/pid-233147/module_5516.tt_jit_layernorm_L62C0_fused_add_rms_norm_add.cl_972931731.after_codegen.txt,DMA 搬运,启动 DMA 搬运。
1,/device:TPU:0,XLA Ops,copy-start.2465,copy-start,copy-start,15257.493398,0.0012,"(bf16[4096]{0:T(1024)(128)(2,1)S(1)}, bf16[4096]{0:T(1024)(128)(2,1)}, u32[]{:S(2)})","bf16[4096]{0:T(1024)(128)(2,1)}",,,,{},[],125884,runs/layer-ops-20260923/dp8/hlo/pid-233147/module_5516.tt_jit_layernorm_L62C0_fused_add_rms_norm_add.cl_972931731.after_codegen.txt,DMA 搬运,启动 DMA 搬运。
1,/device:TPU:0,XLA Ops,copy-start.2889,copy-start,copy-start,15257.495799,0.002401,"(f32[4096]{0:T(1024)S(1)}, f32[4096]{0:T(1024)}, u32[]{:S(2)})",f32[4096]{0:T(1024)},weight_or_scale,,,{},[],125885,runs/layer-ops-20260923/dp8/hlo/pid-233147/module_5516.tt_jit_layernorm_L62C0_fused_add_rms_norm_add.cl_972931731.after_codegen.txt,DMA 搬运,启动 DMA 搬运。
1,/device:TPU:0,XLA Ops,moe_v2_combine_t4096_k10_b64.181,custom-call,custom-call,15257.498275,178.921969,"bf16[4096,4096]{1,0:T(16,128)(2,1)}","s32[40960]{0:T(1024)}; f32[40960]{0:T(1024)}; (f8e4m3fn[41472,32,128]{2,1,0:T(32,128)(4,1)}, f32[1350,128]{1,0:T(8,128)}, f8e4m3fn[328320,32,128]{2,1,0:T(8,128)(4,1)}, f32[2695,128]{1,0:T(8,128)})",,"op_name=""custom_kernel/custom_kernel/jit(moe)/shard_map/moe_v2_combine_t4096_k10_b64/pallas_call"" stack_frame_id=968",/mnt/data/workspace/tpu_benchmark_daily/third_party/torchtpu-vllm/src/vllm_torchtpu/kernels/fused_moe/v2/kernel.py:1976,{},[],125887,runs/layer-ops-20260923/dp8/hlo/pid-233147/module_5516.tt_jit_layernorm_L62C0_fused_add_rms_norm_add.cl_972931731.after_codegen.txt,路由专家合并,按 token 的 top-k 路由取回专家结果，反量化、乘路由权重并求和，输出 BF16 hidden states。
1,/device:TPU:0,XLA Ops,copy-done.2029,copy-done,copy-done,15436.427446,0.003601,f32[4096]{0:T(1024)S(1)},"(f32[4096]{0:T(1024)S(1)}, f32[4096]{0:T(1024)}, u32[]{:S(2)})",,,,{},[],125888,runs/layer-ops-20260923/dp8/hlo/pid-233147/module_5516.tt_jit_layernorm_L62C0_fused_add_rms_norm_add.cl_972931731.after_codegen.txt,DMA 搬运,等待对应 DMA 完成；与 copy-start 是同一次搬运的两端，不能重复计算搬运量。
1,/device:TPU:0,XLA Ops,copy-done.2465,copy-done,copy-done,15436.438176,0.002401,"bf16[4096]{0:T(1024)(128)(2,1)S(1)}","(bf16[4096]{0:T(1024)(128)(2,1)S(1)}, bf16[4096]{0:T(1024)(128)(2,1)}, u32[]{:S(2)})",,,,{},[],125889,runs/layer-ops-20260923/dp8/hlo/pid-233147/module_5516.tt_jit_layernorm_L62C0_fused_add_rms_norm_add.cl_972931731.after_codegen.txt,DMA 搬运,等待对应 DMA 完成；与 copy-start 是同一次搬运的两端，不能重复计算搬运量。
1,/device:TPU:0,XLA Ops,copy-done.2889,copy-done,copy-done,15436.447779,0.002401,f32[4096]{0:T(1024)S(1)},"(f32[4096]{0:T(1024)S(1)}, f32[4096]{0:T(1024)}, u32[]{:S(2)})",weight_or_scale,,,{},[],125890,runs/layer-ops-20260923/dp8/hlo/pid-233147/module_5516.tt_jit_layernorm_L62C0_fused_add_rms_norm_add.cl_972931731.after_codegen.txt,DMA 搬运,等待对应 DMA 完成；与 copy-start 是同一次搬运的两端，不能重复计算搬运量。
1,/device:TPU:0,XLA Ops,multiply_reduce_fusion.116,convolution fusion,fusion,15436.474265,59.761104,"(f32[4096]{0:T(1024)S(1)}, bf16[4096,4096]{1,0:T(16,128)(2,1)})","(f32[4096]{0:T(1024)S(1)}, bf16[4096,4096]{1,0:T(16,128)(2,1)}, bf16[4096,4096]{1,0:T(16,128)(2,1)}); (f32[4096]{0:T(1024)S(1)}, bf16[4096,4096]{1,0:T(16,128)(2,1)}, bf16[4096,4096]{1,0:T(16,128)(2,1)}); bf16[4096,4096]{1,0:T(16,128)(2,1)}; f32[4096]{0:T(1024)S(1)}; f32[4096]{0:T(1024)S(1)}; f8e4m3fn[4096,1024]{1,0:T(32,128)(4,1)}; f8e4m3fn[1024,4096]{1,0:T(32,128)(4,1)}; bf16[4096]{0:T(1024)(128)(2,1)S(1)}","shared_down_weight,weight_or_scale","op_name=""custom_kernel/custom_kernel/jit(_quantized_matmul_jax)/dot_general"" stack_frame_id=647",/mnt/data/workspace/tpu_benchmark_daily/third_party/torchtpu-vllm/src/vllm_torchtpu/kernels/quantized_matmul/util.py:98,"{""broadcast"": 3, ""fusion"": 5, ""convolution"": 1, ""multiply"": 4, ""convert"": 6, ""add"": 3, ""reduce"": 1, ""copy"": 1, ""tuple"": 1}",[],125892,runs/layer-ops-20260923/dp8/hlo/pid-233147/module_5516.tt_jit_layernorm_L62C0_fused_add_rms_norm_add.cl_972931731.after_codegen.txt,共享专家 down/合并,共享专家的 down GEMM 投影回 hidden；可融合其 gate、路由专家输出相加及后续归一化的部分计算。
1,/device:TPU:0,XLA Ops,add_rsqrt_fusion.191,loop fusion,fusion,15496.235369,0.010804,f32[4096]{0:T(1024)S(1)},"(f32[4096]{0:T(1024)S(1)}, bf16[4096,4096]{1,0:T(16,128)(2,1)})",,"op_name=""rsqrt/rsqrt"" stack_frame_id=523",/mnt/data/workspace/tpu_benchmark_daily/.venv/lib64/python3.12/site-packages/vllm/ir/ops/layernorm.py:60,"{""broadcast"": 2, ""multiply"": 1, ""add"": 1, ""rsqrt"": 1}",[],125893,runs/layer-ops-20260923/dp8/hlo/pid-233147/module_5516.tt_jit_layernorm_L62C0_fused_add_rms_norm_add.cl_972931731.after_codegen.txt,RMSNorm/residual,计算均方、加 epsilon、rsqrt 和归一化；融合版本同时处理 residual add，具体融合范围见 HLO。
